image_filename,file_sha256,decoded_pixel_sha256,width,height,source_id
B (1).jpg,8a1b9a2fd417910729fee2f06e2a2d18c376913e4c69a0a93cf95150d0aae411,ab11fa89850678ce5f021c8cfc18cb30baefe83c3f6c8f5ac67e43e21a03a026,1139,947,SRC0159
B (1).png,5519ad344d0afdc20b615ec27afed2c2664d7be9b65f68d62a1fe0aab63dc591,8fe277ce849a8937ba1544b05c819b74e57f7d38cf7098bb865a40610237e558,316,304,SRC0131
B (10).jpg,60f02dd866ec80df9a5fd4499a0b4ea76634b5243c654010fef1c18e8fc4ee71,85c5cd52950831c0ebd21b84ee9caf63536160c56faec9a234705fbfca70c423,1063,796,SRC0122
B (10).png,60900063d3069c815c866c530649a5d226379a3d4bd952dc4fc2882aa812064b,ba92b41492684ec660d169de6196b14aa51f99b67a4e05405fd21ed70403f14e,304,316,SRC0173
B (100).jpg,c0747848f8facee8a6434bb488a2a2eb455a8b452e00db3ff5caec6faf6a6fdb,0c07f85d9f1a0d941c8440060ad87a8ad0e1373163f0205ac9e6f3e3b6685891,1469,1102,SRC0012
B (100).png,8d96f68b438ee55bfe811c83a10b75d0060833388f037451ef422029a15d3bbb,edbf46d0c4da07df09d5e9e0fac25864788aa4fc28761da79471d501757ae0e2,162,89,SRC0224
B (101).jpg,668258c9dfeb3c23467603dc89e52905910d1ab004a7e0b20cf35b00f6216f91,765b0cc336fb8680ece5bd3db3f9c8668352cfe1fdbeda6c0efa8383a795e568,764,573,SRC0109
B (101).png,c2fa3ed6dde8f1cd9c985c59e49c0923d965e268abc068acfe01bfb735949a39,5dce6c49d8a6fbcebe4f97e17c6c92b6dde32cf1824fbf392eb009649d6bdf63,557,178,SRC0081
B (102).jpg,668258c9dfeb3c23467603dc89e52905910d1ab004a7e0b20cf35b00f6216f91,765b0cc336fb8680ece5bd3db3f9c8668352cfe1fdbeda6c0efa8383a795e568,764,573,SRC0109
B (102).png,c2fa3ed6dde8f1cd9c985c59e49c0923d965e268abc068acfe01bfb735949a39,5dce6c49d8a6fbcebe4f97e17c6c92b6dde32cf1824fbf392eb009649d6bdf63,557,178,SRC0081
B (103).jpg,668258c9dfeb3c23467603dc89e52905910d1ab004a7e0b20cf35b00f6216f91,765b0cc336fb8680ece5bd3db3f9c8668352cfe1fdbeda6c0efa8383a795e568,764,573,SRC0109
B (103).png,b3a53ac498615395e59398d730f97c7017e95747254059f1241cd7fae4528aec,d264a9cffc01c5f6d7a9799a9c533b6369f402a75ed8123193a8b3cc32137fe1,196,156,SRC0196
B (104).jpg,668258c9dfeb3c23467603dc89e52905910d1ab004a7e0b20cf35b00f6216f91,765b0cc336fb8680ece5bd3db3f9c8668352cfe1fdbeda6c0efa8383a795e568,764,573,SRC0109
B (104).png,b3a53ac498615395e59398d730f97c7017e95747254059f1241cd7fae4528aec,d264a9cffc01c5f6d7a9799a9c533b6369f402a75ed8123193a8b3cc32137fe1,196,156,SRC0196
B (105).png,19cc396a86f3d6202eaf5f642f5329220ccce86d4bc7b4643e00129f827a0867,14868e12bb61204d4680f3f9fac12b0ea3f012ab19d4ed11bf92816f4499ff19,193,118,SRC0019
B (106).png,19cc396a86f3d6202eaf5f642f5329220ccce86d4bc7b4643e00129f827a0867,14868e12bb61204d4680f3f9fac12b0ea3f012ab19d4ed11bf92816f4499ff19,193,118,SRC0019
B (107).png,1a25960508c9afcd5db4b414d4400331ec5c10b73559aaa050a7f532c20ca84a,d1eacbd4bde7348a423c563ca65efaa8e40a5ad16c8c64ef73559bc8e2791105,174,126,SRC0194
B (108).png,1a25960508c9afcd5db4b414d4400331ec5c10b73559aaa050a7f532c20ca84a,d1eacbd4bde7348a423c563ca65efaa8e40a5ad16c8c64ef73559bc8e2791105,174,126,SRC0194
B (109).png,93bcd94c32fc9714fc1633cbbde1606903b00046685f04fb383dd8502fbec373,65079fd9283fb9d34d45f2785aba6963e030d2f8c91c397fee2ef99eff11396a,261,134,SRC0092
B (11).jpg,6b7afd58ce50486fc75220235a0cd669faed243db2b22240079a17011a498e82,53aaf229279b4be690777f738c7c40e5e5e0d5e61f60ddd8e7f8a16918575134,1184,888,SRC0072
B (11).png,580fdb60fde3659f1b23732f0f4b9fd722bf0479008f54283944938f31591223,d1dbc1116a9b09246b7fd7da2d356f35190b841f76ee73dd44f1ea2e732806d7,316,304,SRC0193
B (110).png,93bcd94c32fc9714fc1633cbbde1606903b00046685f04fb383dd8502fbec373,65079fd9283fb9d34d45f2785aba6963e030d2f8c91c397fee2ef99eff11396a,261,134,SRC0092
B (111).png,6751fb9c7c9951d9a8dba8383225602e573d6cb8b033d52ef664ec436d59c391,5fad67b3b32067de8c80f50063cf2a27342ed33048b479e5122c8737aa94b5ed,131,111,SRC0084
B (112).png,6751fb9c7c9951d9a8dba8383225602e573d6cb8b033d52ef664ec436d59c391,5fad67b3b32067de8c80f50063cf2a27342ed33048b479e5122c8737aa94b5ed,131,111,SRC0084
B (113).png,c90582428acf72a919309b1f2e677710436d69bf073a6ab257e8bc851a1e6c79,1522a7f7f912a1e02ed8981e72096d3401a185a2aef93f5c81ab18bbf228f911,293,107,SRC0021
B (114).png,c90582428acf72a919309b1f2e677710436d69bf073a6ab257e8bc851a1e6c79,1522a7f7f912a1e02ed8981e72096d3401a185a2aef93f5c81ab18bbf228f911,293,107,SRC0021
B (115).png,983be96ce42ef6ef9206a19523e64d2dfaedbb63a3a68a540d0fd375b6da70b9,734919706e08ff15aecb434f1ca3b85b702123226885d73ac3b5c1bb435bec7c,187,128,SRC0106
B (116).png,983be96ce42ef6ef9206a19523e64d2dfaedbb63a3a68a540d0fd375b6da70b9,734919706e08ff15aecb434f1ca3b85b702123226885d73ac3b5c1bb435bec7c,187,128,SRC0106
B (117).png,8341563d235e05a9993e37f97bc4ca9ac759fc905ead7cbc8ad80341fcf8f04e,6d38de8f3df8a1ceb7525497e01220c5f8c010dc0997055ec5f220889b7545b9,225,133,SRC0100
B (118).png,8341563d235e05a9993e37f97bc4ca9ac759fc905ead7cbc8ad80341fcf8f04e,6d38de8f3df8a1ceb7525497e01220c5f8c010dc0997055ec5f220889b7545b9,225,133,SRC0100
B (119).png,b37d24f73b221fbb34315e6ab18f6ea3cd7409494b8b85e6508322fd79f2013b,93deab2b9b015f9a208839c169620ed379b8da8792b017385b6dc17d7e0db1b0,189,109,SRC0135
B (12).jpg,6b7afd58ce50486fc75220235a0cd669faed243db2b22240079a17011a498e82,53aaf229279b4be690777f738c7c40e5e5e0d5e61f60ddd8e7f8a16918575134,1184,888,SRC0072
B (12).png,580fdb60fde3659f1b23732f0f4b9fd722bf0479008f54283944938f31591223,d1dbc1116a9b09246b7fd7da2d356f35190b841f76ee73dd44f1ea2e732806d7,316,304,SRC0193
B (120).png,b37d24f73b221fbb34315e6ab18f6ea3cd7409494b8b85e6508322fd79f2013b,93deab2b9b015f9a208839c169620ed379b8da8792b017385b6dc17d7e0db1b0,189,109,SRC0135
B (121).png,9f34fd997e7cd735f6316ebb35f1f25e26c034e3b0d9dbcf7020357e3e5233be,24b8cc1822c3510db55c58b0ab12c0257c1d0fccc3633fa8913a8729d8a290b0,153,112,SRC0035
B (122).png,9f34fd997e7cd735f6316ebb35f1f25e26c034e3b0d9dbcf7020357e3e5233be,24b8cc1822c3510db55c58b0ab12c0257c1d0fccc3633fa8913a8729d8a290b0,153,112,SRC0035
B (123).png,83cd88029ba1a6b5b90c72d361599ab4827e5ac1ed5539ca915b3da0f896d9f8,ba3ffd50924125f7fdd9058b3b58be24e51bc1acce520e3bec555f34e211af6c,169,90,SRC0171
B (124).png,83cd88029ba1a6b5b90c72d361599ab4827e5ac1ed5539ca915b3da0f896d9f8,ba3ffd50924125f7fdd9058b3b58be24e51bc1acce520e3bec555f34e211af6c,169,90,SRC0171
B (125).png,5440dfe5070baa3ac0893a656a1ded6bd601c5b0e9b38a5199b2522b9e3ea82f,1789ae453ba022519d9834eac1dfffb7782e054ef34097bf866524cc48c46ff1,217,113,SRC0023
B (126).png,5440dfe5070baa3ac0893a656a1ded6bd601c5b0e9b38a5199b2522b9e3ea82f,1789ae453ba022519d9834eac1dfffb7782e054ef34097bf866524cc48c46ff1,217,113,SRC0023
B (127).png,1b6fcd9761c96dbfd0bb5702dff36a535c825b9eaaaa090873c1aa458d226ba9,71b8cc7312ff69243327712c3377622d5f52091568989f1d0c2f3f13e0c833c6,225,110,SRC0105
B (128).png,1b6fcd9761c96dbfd0bb5702dff36a535c825b9eaaaa090873c1aa458d226ba9,71b8cc7312ff69243327712c3377622d5f52091568989f1d0c2f3f13e0c833c6,225,110,SRC0105
B (129).png,afd493cc4a679768ba4f89b4cb189a1b3a52cfb18f6b0119164232a8461bc780,16bde79c57394c5fb80da7205ea0e4e02e6197d9450b37e9cb6b6394a510aca2,208,114,SRC0022
B (130).png,afd493cc4a679768ba4f89b4cb189a1b3a52cfb18f6b0119164232a8461bc780,16bde79c57394c5fb80da7205ea0e4e02e6197d9450b37e9cb6b6394a510aca2,208,114,SRC0022
B (131).png,4a4ec6918f0b85f04a4b38a668cc63fd17508b58608e4e23b1afc56d2e4b0961,4671701849b4354961126aaa340588722c5e0ae1e25f7bbcabed0e86c4b54d33,206,84,SRC0063
B (132).png,4a4ec6918f0b85f04a4b38a668cc63fd17508b58608e4e23b1afc56d2e4b0961,4671701849b4354961126aaa340588722c5e0ae1e25f7bbcabed0e86c4b54d33,206,84,SRC0063
B (133).png,7ce5a33714d6d3df381782a6365016e94577149ef66c4990c4a2f83fb8e5b3f2,6c81fc7a4316c644f82d6aae5ba47168c16a15d0af1c3003102bf95fd6181818,127,89,SRC0097
B (134).png,7ce5a33714d6d3df381782a6365016e94577149ef66c4990c4a2f83fb8e5b3f2,6c81fc7a4316c644f82d6aae5ba47168c16a15d0af1c3003102bf95fd6181818,127,89,SRC0097
B (135).png,f5d842caafbac2ce7a1e2807d3de582e09879ce242f6a34f33e41059fb774523,440718ebf928bb8a0e0a15f2375788a0bea13b759788945e591236e94c92ae46,244,122,SRC0059
B (136).png,f5d842caafbac2ce7a1e2807d3de582e09879ce242f6a34f33e41059fb774523,440718ebf928bb8a0e0a15f2375788a0bea13b759788945e591236e94c92ae46,244,122,SRC0059
B (137).png,d7b8916fc4e2eaabcb8e55f98f28e6d2a01541585743d47c40774651163d2da0,8148cbba29e5a795673a05d49727f884adf9500960ab0ffce6205db7a4e49dc0,170,123,SRC0118
B (138).png,d7b8916fc4e2eaabcb8e55f98f28e6d2a01541585743d47c40774651163d2da0,8148cbba29e5a795673a05d49727f884adf9500960ab0ffce6205db7a4e49dc0,170,123,SRC0118
B (139).png,cae7a6a0b1bc18152ee02f96424eaf790265e38f3c6bb66e916127afe953647e,95e22bd27d90ca32efae72d5e5882f61bd71f84cc8cdfee84baff0d40faedf77,187,135,SRC0137
B (14).jpg,30630e3f5f774b7175f4fbfacbdcfbd30a48f96878695859233e16a30d25f1a7,09c878106eaf5a931dda0893d81a1adeb3b9ec5f972195c2c7488c68c76a1b3f,1213,909,SRC0009
B (14).png,60900063d3069c815c866c530649a5d226379a3d4bd952dc4fc2882aa812064b,ba92b41492684ec660d169de6196b14aa51f99b67a4e05405fd21ed70403f14e,304,316,SRC0173
B (140).png,cae7a6a0b1bc18152ee02f96424eaf790265e38f3c6bb66e916127afe953647e,95e22bd27d90ca32efae72d5e5882f61bd71f84cc8cdfee84baff0d40faedf77,187,135,SRC0137
B (141).png,c8efdeb4685bf25e870eec361bf92c6dd8d6cc7f23dc813486b69d3764b2f493,4380227b5332769b84c1c8ed4044ea99ba99678ee552557ac7e7349e918db9ac,203,150,SRC0058
B (142).png,c8efdeb4685bf25e870eec361bf92c6dd8d6cc7f23dc813486b69d3764b2f493,4380227b5332769b84c1c8ed4044ea99ba99678ee552557ac7e7349e918db9ac,203,150,SRC0058
B (143).png,7a45af1f7e3ca969764d3cf80965b4079637a3c1310a4febbd39d78a2530a7f9,44caa2fc8edb2d369dfcf9c46185508f7e053b8075e1da70f5d4f8fd0b76e622,217,118,SRC0061
B (144).png,7a45af1f7e3ca969764d3cf80965b4079637a3c1310a4febbd39d78a2530a7f9,44caa2fc8edb2d369dfcf9c46185508f7e053b8075e1da70f5d4f8fd0b76e622,217,118,SRC0061
B (145).png,3839c58d7c9a780b71432c0da7534bd753550c1103d6d6b7df58648df2fc4670,d585ef7e4a43dbe7d3b04aaa6f8a29c2f3bffce22cfd3c17e11266ed4b809801,252,143,SRC0201
B (146).png,3839c58d7c9a780b71432c0da7534bd753550c1103d6d6b7df58648df2fc4670,d585ef7e4a43dbe7d3b04aaa6f8a29c2f3bffce22cfd3c17e11266ed4b809801,252,143,SRC0201
B (147).png,ec935aa15c2a30184d1b714156796e7ccf66400160aa52e696ac9a6db30d6e1a,d22a7af41907579b728810fdf24de99e513f98dca7106dcd426b46eecf167f41,184,89,SRC0195
B (148).png,ec935aa15c2a30184d1b714156796e7ccf66400160aa52e696ac9a6db30d6e1a,d22a7af41907579b728810fdf24de99e513f98dca7106dcd426b46eecf167f41,184,89,SRC0195
B (149).png,251f23a7d9b132d9a8e4b5c946a6a8f78434c7f2e7ebdb352954c321bc48ef24,a96f1907e01e756d44b14b01d45e888a244f3416a32285c26347a9bab8cc13a4,235,165,SRC0157
B (15).jpg,dcb626cd63f70b20b1bffc5455306ffe9f793c993de4cf3c6d9349485ccdf5f2,6228b807ad67bb91dc5a6cfd3dcbf18cba33344efef655cb8fc7abfdad0cd14c,1403,1052,SRC0090
B (15).png,60900063d3069c815c866c530649a5d226379a3d4bd952dc4fc2882aa812064b,ba92b41492684ec660d169de6196b14aa51f99b67a4e05405fd21ed70403f14e,304,316,SRC0173
B (150).png,251f23a7d9b132d9a8e4b5c946a6a8f78434c7f2e7ebdb352954c321bc48ef24,a96f1907e01e756d44b14b01d45e888a244f3416a32285c26347a9bab8cc13a4,235,165,SRC0157
B (151).png,5c5f681f85e87528b29afa938667ea9ce4cc5926b2e2df125dba643596ce6f1b,d1dbc1116a9b09246b7fd7da2d356f35190b841f76ee73dd44f1ea2e732806d7,316,304,SRC0193
B (16).jpg,dcb626cd63f70b20b1bffc5455306ffe9f793c993de4cf3c6d9349485ccdf5f2,6228b807ad67bb91dc5a6cfd3dcbf18cba33344efef655cb8fc7abfdad0cd14c,1403,1052,SRC0090
B (16).png,60900063d3069c815c866c530649a5d226379a3d4bd952dc4fc2882aa812064b,ba92b41492684ec660d169de6196b14aa51f99b67a4e05405fd21ed70403f14e,304,316,SRC0173
B (17).jpg,75816792a8034c40fb99b50db0b8a22b95104bbcf1ded5b1200280e642a40ccb,1c5f03f717ea02947f98349f093a85ef2dfaa05adf9f8e3686a3da06619a7e63,1634,1226,SRC0029
B (17).png,580fdb60fde3659f1b23732f0f4b9fd722bf0479008f54283944938f31591223,d1dbc1116a9b09246b7fd7da2d356f35190b841f76ee73dd44f1ea2e732806d7,316,304,SRC0193
B (18).jpg,75816792a8034c40fb99b50db0b8a22b95104bbcf1ded5b1200280e642a40ccb,1c5f03f717ea02947f98349f093a85ef2dfaa05adf9f8e3686a3da06619a7e63,1634,1226,SRC0029
B (18).png,60900063d3069c815c866c530649a5d226379a3d4bd952dc4fc2882aa812064b,ba92b41492684ec660d169de6196b14aa51f99b67a4e05405fd21ed70403f14e,304,316,SRC0173
B (19).jpg,967e59d23e257c4a25f26949764dc2e97f5ee8bf77bbb6397175a5627bb7a85b,0af6686a2da21e0597f710ea1978ba7b3270a2cf794cf990f78f3a8b2e8a7b4b,693,521,SRC0010
B (19).png,8d96f68b438ee55bfe811c83a10b75d0060833388f037451ef422029a15d3bbb,edbf46d0c4da07df09d5e9e0fac25864788aa4fc28761da79471d501757ae0e2,162,89,SRC0224
B (2).jpg,d7f6ede578678a8f9cff1560fafc6496825313d037ed4c34c30db21126212804,a3e6d55525376a2c609e60f59612a58ff97ea602d6a92538faf33aaaf3a39f89,896,673,SRC0150
B (2).png,60900063d3069c815c866c530649a5d226379a3d4bd952dc4fc2882aa812064b,ba92b41492684ec660d169de6196b14aa51f99b67a4e05405fd21ed70403f14e,304,316,SRC0173
B (20).jpg,967e59d23e257c4a25f26949764dc2e97f5ee8bf77bbb6397175a5627bb7a85b,0af6686a2da21e0597f710ea1978ba7b3270a2cf794cf990f78f3a8b2e8a7b4b,693,521,SRC0010
B (20).png,3ea188c59dc3142c56e280c6f022fdbd65c60f899b99cf024f5f06c110c8a602,e8d7d06bbb4449bd54cb8344f1fd56be1c583a94c88fd47dfad6644f130c9e0f,215,224,SRC0222
B (21).jpg,f4de8b094fd68ba521e4e2b6b97fd653df41e85af3d15262c3ce937b95abe609,e91884f3a7c981da58200c29e41f14c45c9876fe3d0c0d0630097d584156278f,1046,784,SRC0223
B (21).png,8d96f68b438ee55bfe811c83a10b75d0060833388f037451ef422029a15d3bbb,edbf46d0c4da07df09d5e9e0fac25864788aa4fc28761da79471d501757ae0e2,162,89,SRC0224
B (22).jpg,f4de8b094fd68ba521e4e2b6b97fd653df41e85af3d15262c3ce937b95abe609,e91884f3a7c981da58200c29e41f14c45c9876fe3d0c0d0630097d584156278f,1046,784,SRC0223
B (22).png,dd835fe2b5b614cd15f5d438a2b7996a9ed60392c59b0b69193f488a4f338314,bac5ec5da77171a09defabed1d4d236153064d30b3964cd8b3bdf8abb5799eaa,125,280,SRC0174
B (23).jpg,7e6cd58cac14c611c5fdb1b567c238c5776c95756d1b179eb0fb1ff27f0990b1,20666fe857278444210f7d120dd95c126161bddfef3ede014c8b126501b70237,674,506,SRC0034
B (23).png,5519ad344d0afdc20b615ec27afed2c2664d7be9b65f68d62a1fe0aab63dc591,8fe277ce849a8937ba1544b05c819b74e57f7d38cf7098bb865a40610237e558,316,304,SRC0131
B (24).jpg,7e6cd58cac14c611c5fdb1b567c238c5776c95756d1b179eb0fb1ff27f0990b1,20666fe857278444210f7d120dd95c126161bddfef3ede014c8b126501b70237,674,506,SRC0034
B (24).png,dd835fe2b5b614cd15f5d438a2b7996a9ed60392c59b0b69193f488a4f338314,bac5ec5da77171a09defabed1d4d236153064d30b3964cd8b3bdf8abb5799eaa,125,280,SRC0174
B (25).jpg,71f6c6bac4d30de230e6bfe6363e691d4fdffa83ee69c2ad17c50bc198f63a22,a2a908d64e26e5a8b611759de006d891932f65bab68ebdbc98f597ba6a5b78ed,1248,936,SRC0148
B (25).png,dd835fe2b5b614cd15f5d438a2b7996a9ed60392c59b0b69193f488a4f338314,bac5ec5da77171a09defabed1d4d236153064d30b3964cd8b3bdf8abb5799eaa,125,280,SRC0174
B (26).jpg,71f6c6bac4d30de230e6bfe6363e691d4fdffa83ee69c2ad17c50bc198f63a22,a2a908d64e26e5a8b611759de006d891932f65bab68ebdbc98f597ba6a5b78ed,1248,936,SRC0148
B (26).png,105058852435054ae4e57751a0440d6dad306b463f5dcc1211d41ba5b5bb1a9b,586327cce1508de3368806cb510c0cb2375e978cd58b4efaacd92c1fcc2f9b86,186,287,SRC0075
B (27).jpg,20d849df731088d94e94e49b46251075ea7ccc8310526fc2d223eeca26a0846f,3505d114b1dc0a2f1adb10363085afd3e8c7f49f722e142da9a55df6b5481f7a,1418,1063,SRC0048
B (27).png,105058852435054ae4e57751a0440d6dad306b463f5dcc1211d41ba5b5bb1a9b,586327cce1508de3368806cb510c0cb2375e978cd58b4efaacd92c1fcc2f9b86,186,287,SRC0075
B (28).jpg,20d849df731088d94e94e49b46251075ea7ccc8310526fc2d223eeca26a0846f,3505d114b1dc0a2f1adb10363085afd3e8c7f49f722e142da9a55df6b5481f7a,1418,1063,SRC0048
B (28).png,105058852435054ae4e57751a0440d6dad306b463f5dcc1211d41ba5b5bb1a9b,586327cce1508de3368806cb510c0cb2375e978cd58b4efaacd92c1fcc2f9b86,186,287,SRC0075
B (29).jpg,a1d55962502d326b5a1c3a49af815b8c56d2e574db20503843d0de1d9f46a301,5c0a4a8822b60af3eae8c0efa9d9d74cd3ff467963b05eca9e972af6a7c747aa,793,595,SRC0080
B (29).png,105058852435054ae4e57751a0440d6dad306b463f5dcc1211d41ba5b5bb1a9b,586327cce1508de3368806cb510c0cb2375e978cd58b4efaacd92c1fcc2f9b86,186,287,SRC0075
B (3).jpg,9eb45fe44578d5e29e64d91b479215c3a1bc376e034338ee6f13fa42431873c1,27fb2575cfe5d07d514f5d588b01a54df65da456da472ecaa8bdd369be75d578,1441,1081,SRC0038
B (3).png,5519ad344d0afdc20b615ec27afed2c2664d7be9b65f68d62a1fe0aab63dc591,8fe277ce849a8937ba1544b05c819b74e57f7d38cf7098bb865a40610237e558,316,304,SRC0131
B (30).jpg,522446bf78c5684dc13336331fa9fe2d2bee7fbc32ea60e858dfc6fc7156d5e2,a9544099786e43401246557b1c98fb6294b3de02a26e064e03861c41790a58aa,598,449,SRC0156
B (30).png,105058852435054ae4e57751a0440d6dad306b463f5dcc1211d41ba5b5bb1a9b,586327cce1508de3368806cb510c0cb2375e978cd58b4efaacd92c1fcc2f9b86,186,287,SRC0075
B (31).jpg,522446bf78c5684dc13336331fa9fe2d2bee7fbc32ea60e858dfc6fc7156d5e2,a9544099786e43401246557b1c98fb6294b3de02a26e064e03861c41790a58aa,598,449,SRC0156
B (31).png,105058852435054ae4e57751a0440d6dad306b463f5dcc1211d41ba5b5bb1a9b,586327cce1508de3368806cb510c0cb2375e978cd58b4efaacd92c1fcc2f9b86,186,287,SRC0075
B (32).jpg,f5ebaa54169c45eab1d9e8888feef9ea445f4e2c73b8a783793758acd79ad4c5,5183b9cdcb9cd47464d27561d352c90873c5f18d5a86238d00861dc0ada2ae31,709,532,SRC0069
B (32).png,105058852435054ae4e57751a0440d6dad306b463f5dcc1211d41ba5b5bb1a9b,586327cce1508de3368806cb510c0cb2375e978cd58b4efaacd92c1fcc2f9b86,186,287,SRC0075
B (33).jpg,30630e3f5f774b7175f4fbfacbdcfbd30a48f96878695859233e16a30d25f1a7,09c878106eaf5a931dda0893d81a1adeb3b9ec5f972195c2c7488c68c76a1b3f,1213,909,SRC0009
B (33).png,105058852435054ae4e57751a0440d6dad306b463f5dcc1211d41ba5b5bb1a9b,586327cce1508de3368806cb510c0cb2375e978cd58b4efaacd92c1fcc2f9b86,186,287,SRC0075
B (34).jpg,f5ebaa54169c45eab1d9e8888feef9ea445f4e2c73b8a783793758acd79ad4c5,5183b9cdcb9cd47464d27561d352c90873c5f18d5a86238d00861dc0ada2ae31,709,532,SRC0069
B (34).png,105058852435054ae4e57751a0440d6dad306b463f5dcc1211d41ba5b5bb1a9b,586327cce1508de3368806cb510c0cb2375e978cd58b4efaacd92c1fcc2f9b86,186,287,SRC0075
B (35).jpg,3508856a5c0414b5f3f2b43d6f92e7bbaa362549c9c258be6ada991141fc6459,1a6b042686b3f120ffa60e942b254da0d3851c0caae021afcc026eeff816d139,1253,939,SRC0027
B (35).png,105058852435054ae4e57751a0440d6dad306b463f5dcc1211d41ba5b5bb1a9b,586327cce1508de3368806cb510c0cb2375e978cd58b4efaacd92c1fcc2f9b86,186,287,SRC0075
B (36).jpg,a1d55962502d326b5a1c3a49af815b8c56d2e574db20503843d0de1d9f46a301,5c0a4a8822b60af3eae8c0efa9d9d74cd3ff467963b05eca9e972af6a7c747aa,793,595,SRC0080
B (36).png,a0f4c97f15cb99e7b1330a4a56f7068f069982329cf6492b99ef880ba5715c23,cd083bb2800ff55cd38ec47ab67eb89a294e995ddf4d9604b0c4171daeca725f,213,159,SRC0188
B (37).jpg,9b6c054d3d42b722bb462476a867d9bef1bf0e0745dd9aca5beee746683685fd,8fd815ecd9f14755723e5d75424ce9663bde3f1181482f21d736f704eb0b4687,1291,968,SRC0130
B (37).png,a0f4c97f15cb99e7b1330a4a56f7068f069982329cf6492b99ef880ba5715c23,cd083bb2800ff55cd38ec47ab67eb89a294e995ddf4d9604b0c4171daeca725f,213,159,SRC0188
B (38).jpg,9b6c054d3d42b722bb462476a867d9bef1bf0e0745dd9aca5beee746683685fd,8fd815ecd9f14755723e5d75424ce9663bde3f1181482f21d736f704eb0b4687,1291,968,SRC0130
B (38).png,a0f4c97f15cb99e7b1330a4a56f7068f069982329cf6492b99ef880ba5715c23,cd083bb2800ff55cd38ec47ab67eb89a294e995ddf4d9604b0c4171daeca725f,213,159,SRC0188
B (39).jpg,6ac64ab2884636fbb2e97b11adc5bc1a31cd8f2c7a7c21aadcf57bcd2545b8bd,4f670b84a766a4be8ff7dc2f45f5dd5257104249cefba56ea9271ceb12d44489,1073,805,SRC0067
B (39).png,a0f4c97f15cb99e7b1330a4a56f7068f069982329cf6492b99ef880ba5715c23,cd083bb2800ff55cd38ec47ab67eb89a294e995ddf4d9604b0c4171daeca725f,213,159,SRC0188
B (4).jpg,e2d2b86b922d712efda3db522b214dd5e22a8f3fdf8b8a221b6fef335b77d057,81c7a0de85f9e9008b7d8b593a705bfed3e48107414515c79a383d8937376aeb,1635,1226,SRC0120
B (4).png,a695b6e67d1d3d8ab41eae7e94ee8c7b748eaaf7f574267ada328fc8b208db8d,482ca7abb20f3249d1eb11f151b7b82718e61a0dea75fb29c1a7158f86bc48b0,304,316,SRC0064
B (40).jpg,6ac64ab2884636fbb2e97b11adc5bc1a31cd8f2c7a7c21aadcf57bcd2545b8bd,4f670b84a766a4be8ff7dc2f45f5dd5257104249cefba56ea9271ceb12d44489,1073,805,SRC0067
B (40).png,a0f4c97f15cb99e7b1330a4a56f7068f069982329cf6492b99ef880ba5715c23,cd083bb2800ff55cd38ec47ab67eb89a294e995ddf4d9604b0c4171daeca725f,213,159,SRC0188
B (41).jpg,af8a6753211e5c3c0f416e47d03645669dd7cd65cc77b81be6436d70ceba567d,7904286752d56b516c31d534a6ab9dd19bdb3f35bda1e3ce06d55b87174f545a,1420,1064,SRC0113
B (41).png,06cd19872388eda6e9e4b49cc0eca9a50d916f5570317f21334e871892be0350,b127ebd3108e78d1dd1b39b8ea1d03547cb7d261de1a425a929b848d67ae6221,258,126,SRC0164
B (42).jpg,af8a6753211e5c3c0f416e47d03645669dd7cd65cc77b81be6436d70ceba567d,7904286752d56b516c31d534a6ab9dd19bdb3f35bda1e3ce06d55b87174f545a,1420,1064,SRC0113
B (42).png,06cd19872388eda6e9e4b49cc0eca9a50d916f5570317f21334e871892be0350,b127ebd3108e78d1dd1b39b8ea1d03547cb7d261de1a425a929b848d67ae6221,258,126,SRC0164
B (43).jpg,29f1a0903b9050d8801555a1f8ebbe0c3d6cea0355f11121adb1e059ff2fe012,8c47ce7ae8336bd8a1202b7814cca8bafe201c6b62ced86486f12bb6323d23a8,1237,929,SRC0128
B (43).png,06cd19872388eda6e9e4b49cc0eca9a50d916f5570317f21334e871892be0350,b127ebd3108e78d1dd1b39b8ea1d03547cb7d261de1a425a929b848d67ae6221,258,126,SRC0164
B (44).jpg,29f1a0903b9050d8801555a1f8ebbe0c3d6cea0355f11121adb1e059ff2fe012,8c47ce7ae8336bd8a1202b7814cca8bafe201c6b62ced86486f12bb6323d23a8,1237,929,SRC0128
B (44).png,06cd19872388eda6e9e4b49cc0eca9a50d916f5570317f21334e871892be0350,b127ebd3108e78d1dd1b39b8ea1d03547cb7d261de1a425a929b848d67ae6221,258,126,SRC0164
B (45).jpg,29f1a0903b9050d8801555a1f8ebbe0c3d6cea0355f11121adb1e059ff2fe012,8c47ce7ae8336bd8a1202b7814cca8bafe201c6b62ced86486f12bb6323d23a8,1237,929,SRC0128
B (45).png,06cd19872388eda6e9e4b49cc0eca9a50d916f5570317f21334e871892be0350,b127ebd3108e78d1dd1b39b8ea1d03547cb7d261de1a425a929b848d67ae6221,258,126,SRC0164
B (46).jpg,29f1a0903b9050d8801555a1f8ebbe0c3d6cea0355f11121adb1e059ff2fe012,8c47ce7ae8336bd8a1202b7814cca8bafe201c6b62ced86486f12bb6323d23a8,1237,929,SRC0128
B (46).png,06cd19872388eda6e9e4b49cc0eca9a50d916f5570317f21334e871892be0350,b127ebd3108e78d1dd1b39b8ea1d03547cb7d261de1a425a929b848d67ae6221,258,126,SRC0164
B (47).jpg,72490947acff5680ce1080757998fd7abb907a7741c83f45c78236216df97e54,7a12ddd880d25f5f0db62bc1566b39fa1f87aa199b744303747ee2d1a1856993,819,615,SRC0114
B (47).png,06cd19872388eda6e9e4b49cc0eca9a50d916f5570317f21334e871892be0350,b127ebd3108e78d1dd1b39b8ea1d03547cb7d261de1a425a929b848d67ae6221,258,126,SRC0164
B (48).jpg,72490947acff5680ce1080757998fd7abb907a7741c83f45c78236216df97e54,7a12ddd880d25f5f0db62bc1566b39fa1f87aa199b744303747ee2d1a1856993,819,615,SRC0114
B (48).png,8d96f68b438ee55bfe811c83a10b75d0060833388f037451ef422029a15d3bbb,edbf46d0c4da07df09d5e9e0fac25864788aa4fc28761da79471d501757ae0e2,162,89,SRC0224
B (49).jpg,72490947acff5680ce1080757998fd7abb907a7741c83f45c78236216df97e54,7a12ddd880d25f5f0db62bc1566b39fa1f87aa199b744303747ee2d1a1856993,819,615,SRC0114
B (49).png,8d96f68b438ee55bfe811c83a10b75d0060833388f037451ef422029a15d3bbb,edbf46d0c4da07df09d5e9e0fac25864788aa4fc28761da79471d501757ae0e2,162,89,SRC0224
B (5).jpg,1e0d430120f739ef1b4b0710ab06e6133977ee7b56f66d107c9182e15056ac0f,61cf6c89631cf631afa7953416171d8124147254f026ebdebacf2c8819aa527d,1183,888,SRC0087
B (5).png,5519ad344d0afdc20b615ec27afed2c2664d7be9b65f68d62a1fe0aab63dc591,8fe277ce849a8937ba1544b05c819b74e57f7d38cf7098bb865a40610237e558,316,304,SRC0131
B (50).jpg,72490947acff5680ce1080757998fd7abb907a7741c83f45c78236216df97e54,7a12ddd880d25f5f0db62bc1566b39fa1f87aa199b744303747ee2d1a1856993,819,615,SRC0114
B (50).png,8d96f68b438ee55bfe811c83a10b75d0060833388f037451ef422029a15d3bbb,edbf46d0c4da07df09d5e9e0fac25864788aa4fc28761da79471d501757ae0e2,162,89,SRC0224
B (51).jpg,b7a3113ab4c122ab82cf7f7c92da5403a5441a712b169da457b7cdd3a02a5e98,18551f81e7afa40faee5ae6e528a51b94e5512b791f8f7fec6bdebf482c1103a,1149,862,SRC0025
B (51).png,8d96f68b438ee55bfe811c83a10b75d0060833388f037451ef422029a15d3bbb,edbf46d0c4da07df09d5e9e0fac25864788aa4fc28761da79471d501757ae0e2,162,89,SRC0224
B (52).jpg,b7a3113ab4c122ab82cf7f7c92da5403a5441a712b169da457b7cdd3a02a5e98,18551f81e7afa40faee5ae6e528a51b94e5512b791f8f7fec6bdebf482c1103a,1149,862,SRC0025
B (52).png,8d96f68b438ee55bfe811c83a10b75d0060833388f037451ef422029a15d3bbb,edbf46d0c4da07df09d5e9e0fac25864788aa4fc28761da79471d501757ae0e2,162,89,SRC0224
B (53).jpg,b7a3113ab4c122ab82cf7f7c92da5403a5441a712b169da457b7cdd3a02a5e98,18551f81e7afa40faee5ae6e528a51b94e5512b791f8f7fec6bdebf482c1103a,1149,862,SRC0025
B (53).png,251f23a7d9b132d9a8e4b5c946a6a8f78434c7f2e7ebdb352954c321bc48ef24,a96f1907e01e756d44b14b01d45e888a244f3416a32285c26347a9bab8cc13a4,235,165,SRC0157
B (54).jpg,b7a3113ab4c122ab82cf7f7c92da5403a5441a712b169da457b7cdd3a02a5e98,18551f81e7afa40faee5ae6e528a51b94e5512b791f8f7fec6bdebf482c1103a,1149,862,SRC0025
B (54).png,251f23a7d9b132d9a8e4b5c946a6a8f78434c7f2e7ebdb352954c321bc48ef24,a96f1907e01e756d44b14b01d45e888a244f3416a32285c26347a9bab8cc13a4,235,165,SRC0157
B (55).jpg,22d6a1acf15702e3c966e2e1dd4bec72404e8eb7d687acb7c80e68a07b2e0379,60c323ef7c46f76e95c9bdccfd5be09e2a1468517c8fb705e88b620af050ea59,1185,888,SRC0086
B (55).png,251f23a7d9b132d9a8e4b5c946a6a8f78434c7f2e7ebdb352954c321bc48ef24,a96f1907e01e756d44b14b01d45e888a244f3416a32285c26347a9bab8cc13a4,235,165,SRC0157
B (56).jpg,22d6a1acf15702e3c966e2e1dd4bec72404e8eb7d687acb7c80e68a07b2e0379,60c323ef7c46f76e95c9bdccfd5be09e2a1468517c8fb705e88b620af050ea59,1185,888,SRC0086
B (56).png,251f23a7d9b132d9a8e4b5c946a6a8f78434c7f2e7ebdb352954c321bc48ef24,a96f1907e01e756d44b14b01d45e888a244f3416a32285c26347a9bab8cc13a4,235,165,SRC0157
B (57).jpg,22d6a1acf15702e3c966e2e1dd4bec72404e8eb7d687acb7c80e68a07b2e0379,60c323ef7c46f76e95c9bdccfd5be09e2a1468517c8fb705e88b620af050ea59,1185,888,SRC0086
B (57).png,251f23a7d9b132d9a8e4b5c946a6a8f78434c7f2e7ebdb352954c321bc48ef24,a96f1907e01e756d44b14b01d45e888a244f3416a32285c26347a9bab8cc13a4,235,165,SRC0157
B (58).jpg,42cf31f1ead100c81034dfab5fd1c87677d1ba40689d31cc62b493084dca999e,d2adf855e391b9a946ffd8e20431204cc7c310da6e6889ac57f4f40d1325e323,823,617,SRC0197
B (58).png,251f23a7d9b132d9a8e4b5c946a6a8f78434c7f2e7ebdb352954c321bc48ef24,a96f1907e01e756d44b14b01d45e888a244f3416a32285c26347a9bab8cc13a4,235,165,SRC0157
B (59).jpg,42cf31f1ead100c81034dfab5fd1c87677d1ba40689d31cc62b493084dca999e,d2adf855e391b9a946ffd8e20431204cc7c310da6e6889ac57f4f40d1325e323,823,617,SRC0197
B (59).png,251f23a7d9b132d9a8e4b5c946a6a8f78434c7f2e7ebdb352954c321bc48ef24,a96f1907e01e756d44b14b01d45e888a244f3416a32285c26347a9bab8cc13a4,235,165,SRC0157
B (6).jpg,5f04acbb2f7eca10f43452098e00e5da6ff8ed8692dcb3028a8554f815772734,697de0654ec5df2baaacf5820b980111db245d8bd04095a98bb3a6fe43fc3b52,976,732,SRC0094
B (6).png,60900063d3069c815c866c530649a5d226379a3d4bd952dc4fc2882aa812064b,ba92b41492684ec660d169de6196b14aa51f99b67a4e05405fd21ed70403f14e,304,316,SRC0173
B (60).jpg,42cf31f1ead100c81034dfab5fd1c87677d1ba40689d31cc62b493084dca999e,d2adf855e391b9a946ffd8e20431204cc7c310da6e6889ac57f4f40d1325e323,823,617,SRC0197
B (60).png,251f23a7d9b132d9a8e4b5c946a6a8f78434c7f2e7ebdb352954c321bc48ef24,a96f1907e01e756d44b14b01d45e888a244f3416a32285c26347a9bab8cc13a4,235,165,SRC0157
B (61).jpg,42cf31f1ead100c81034dfab5fd1c87677d1ba40689d31cc62b493084dca999e,d2adf855e391b9a946ffd8e20431204cc7c310da6e6889ac57f4f40d1325e323,823,617,SRC0197
B (61).png,31c7c2fe1b06f8b1e3061ae55fc2211067990378478a7f1d688a5942ae7c90c7,023b290bb2f12b60cd754a774f6b85095b0b93f62664785559f4439c5bb255b0,308,251,SRC0003
B (62).jpg,0e74d7c994680c7c31d062ca9e3ace33c57dc4b3eceff0393eccc185b94a3d6d,e2118f9cb62bca734803600f1f9d46777ce8cf8b99cf85f17d782fdc013444e7,1469,1102,SRC0215
B (62).png,31c7c2fe1b06f8b1e3061ae55fc2211067990378478a7f1d688a5942ae7c90c7,023b290bb2f12b60cd754a774f6b85095b0b93f62664785559f4439c5bb255b0,308,251,SRC0003
B (63).jpg,0e74d7c994680c7c31d062ca9e3ace33c57dc4b3eceff0393eccc185b94a3d6d,e2118f9cb62bca734803600f1f9d46777ce8cf8b99cf85f17d782fdc013444e7,1469,1102,SRC0215
B (63).png,45d524d9b4b91388f337114e982faad8c698360de4f26b9e29a7c61e1b79535c,0b033aaffff272c1599d93561c9b7ff2ccd360f1c4590fb54e9dc6dce7a04ae0,248,190,SRC0011
B (64).jpg,0e74d7c994680c7c31d062ca9e3ace33c57dc4b3eceff0393eccc185b94a3d6d,e2118f9cb62bca734803600f1f9d46777ce8cf8b99cf85f17d782fdc013444e7,1469,1102,SRC0215
B (64).png,45d524d9b4b91388f337114e982faad8c698360de4f26b9e29a7c61e1b79535c,0b033aaffff272c1599d93561c9b7ff2ccd360f1c4590fb54e9dc6dce7a04ae0,248,190,SRC0011
B (65).jpg,0e74d7c994680c7c31d062ca9e3ace33c57dc4b3eceff0393eccc185b94a3d6d,e2118f9cb62bca734803600f1f9d46777ce8cf8b99cf85f17d782fdc013444e7,1469,1102,SRC0215
B (65).png,b95686716b82de901a71c6cd0b3997fc31815d8cf553feadf82a537103ca7696,62277b44b6f613d4e6fc9e3c6280c44744ecf32c66db5287f2802caf162434dd,367,183,SRC0089
B (66).jpg,8287eccca4f674613a1ef7460586111944ea470abdb989278cc62334a9cc2e4d,dc80cc05fd77bae39687901e5f125c2143e01cc339325f9802911b122b9be1f8,762,572,SRC0208
B (66).png,b95686716b82de901a71c6cd0b3997fc31815d8cf553feadf82a537103ca7696,62277b44b6f613d4e6fc9e3c6280c44744ecf32c66db5287f2802caf162434dd,367,183,SRC0089
B (67).jpg,8287eccca4f674613a1ef7460586111944ea470abdb989278cc62334a9cc2e4d,dc80cc05fd77bae39687901e5f125c2143e01cc339325f9802911b122b9be1f8,762,572,SRC0208
B (67).png,f94afea7658471f5fda13c0d9129d38f617be4e65143d4f9ab68a877e518368d,987b4d985ff1035f41939f352810630725f8ebc89451618a5882e9bd51c1a728,298,170,SRC0139
B (68).jpg,8287eccca4f674613a1ef7460586111944ea470abdb989278cc62334a9cc2e4d,dc80cc05fd77bae39687901e5f125c2143e01cc339325f9802911b122b9be1f8,762,572,SRC0208
B (68).png,f94afea7658471f5fda13c0d9129d38f617be4e65143d4f9ab68a877e518368d,987b4d985ff1035f41939f352810630725f8ebc89451618a5882e9bd51c1a728,298,170,SRC0139
B (69).jpg,8287eccca4f674613a1ef7460586111944ea470abdb989278cc62334a9cc2e4d,dc80cc05fd77bae39687901e5f125c2143e01cc339325f9802911b122b9be1f8,762,572,SRC0208
B (69).png,d606e9f65a8a3d79bedbd052a3d385d6e372a27fe5fadc63cbf932102c4cb24e,b1d44d5ec85ebf60ad4414def193e4c1f0591132321081c2ed3280fae25c07ac,377,136,SRC0166
B (7).jpg,c875dfea3d1c6a905ca8a7c53c12573f07e7b523ed540f447a464a3571ffe767,10f20d76149427f95d9ae85b624f5fd9b1cc8609129fdbf433be87ca35e09d61,1026,769,SRC0016
B (7).png,42ed80a29373be1062e5fb200aa338f239e7088088ec396053e14fe090f911f1,8fe277ce849a8937ba1544b05c819b74e57f7d38cf7098bb865a40610237e558,316,304,SRC0131
B (70).jpg,f78371999d78e9a9dc143b4f62f27f276b43be498efcdab61a31589153189d54,ccf7760aee310e8adb2a190b193e9755420052cb7b539e5ebc22f65dc1004043,566,425,SRC0187
B (70).png,d606e9f65a8a3d79bedbd052a3d385d6e372a27fe5fadc63cbf932102c4cb24e,b1d44d5ec85ebf60ad4414def193e4c1f0591132321081c2ed3280fae25c07ac,377,136,SRC0166
B (71).jpg,f78371999d78e9a9dc143b4f62f27f276b43be498efcdab61a31589153189d54,ccf7760aee310e8adb2a190b193e9755420052cb7b539e5ebc22f65dc1004043,566,425,SRC0187
B (71).png,0ebc6464d757e18c8aedde02697311dfcac3891213a4851a501575081d0c607d,90a911cdd20e5a81fef3b47654cb4ee976a02127e1c759023854b010afcc18fd,423,171,SRC0132
B (72).jpg,f78371999d78e9a9dc143b4f62f27f276b43be498efcdab61a31589153189d54,ccf7760aee310e8adb2a190b193e9755420052cb7b539e5ebc22f65dc1004043,566,425,SRC0187
B (72).png,0ebc6464d757e18c8aedde02697311dfcac3891213a4851a501575081d0c607d,90a911cdd20e5a81fef3b47654cb4ee976a02127e1c759023854b010afcc18fd,423,171,SRC0132
B (73).jpg,a98bc6729cf6183df061891de8aa47c8f60bb23048687255b22328459caf39ac,37c1ddd27276fe100eb596ec8662ae3b69c7fb6f22b640d61d658f136de69a48,218,218,SRC0051
B (73).png,0e490d207413cde10c827ce5df80979573349ac3f36ba8590547953933e49bb7,d62c1f8ef374ee60c0719ad5413389864cd5160d9ffaf2460dd7698c318ee858,219,137,SRC0202
B (74).jpg,d4875c3eb339e4f78b20872fb274c203b4e6558495d0a4be9c048793724306e0,e60abef3dbe8cbc27b8dc5772e225633e05595358b5f0a1e2596ea07f91b0704,430,357,SRC0221
B (74).png,0e490d207413cde10c827ce5df80979573349ac3f36ba8590547953933e49bb7,d62c1f8ef374ee60c0719ad5413389864cd5160d9ffaf2460dd7698c318ee858,219,137,SRC0202
B (75).jpg,8e27b1341468acc872aae2df42d9f3b8d591cd5e30a1764b5046bd70a30cb8f5,e56de5e47d27a4db7dc3d6bfce408259dec6a6092cc2b24a52f77708cb79ef6c,1303,977,SRC0220
B (75).png,5b33406edd48f246c78170b84aecea1e142e1c31cf080f556d9664bc7dd02d8b,90f29f5c948c0cbb1ef311d172703b10b4bcd73de6e515ec3c68569b4a9fec56,280,125,SRC0133
B (76).jpg,408481533734a16b68e9276e3ee652729c193fd179980f719807d270d92f550e,e3505cb3ea658a49b4e6e7af95551ae11b71175e74c67e1dfb0d60cdc83f0126,613,460,SRC0217
B (76).png,5b33406edd48f246c78170b84aecea1e142e1c31cf080f556d9664bc7dd02d8b,90f29f5c948c0cbb1ef311d172703b10b4bcd73de6e515ec3c68569b4a9fec56,280,125,SRC0133
B (77).jpg,372a877763f2811452a780b9e2d7bca6d77a4d080455736dcfb106ed510af160,f7b7d3d30f76e1f20232c562779a055756959c59730b0f2c33f77655e36955a8,568,426,SRC0230
B (77).png,520503c824d9df9601100dbd962ca580bc8175a17212faadf761831f8f803466,cf1188cabf3b5b1248b6ac6b7e0428a37f36b2e4e2f4c98ed47683bc7784e1f8,281,132,SRC0190
B (78).jpg,5a18a4bec4ec0e1a3e2401b7a7646d73c9e0ab5d69fad890add133d027708cf2,5b0546b67de961fc0393c80d2e10e1167c82ac7ca8b54a701d304496256435f3,1040,779,SRC0079
B (78).png,520503c824d9df9601100dbd962ca580bc8175a17212faadf761831f8f803466,cf1188cabf3b5b1248b6ac6b7e0428a37f36b2e4e2f4c98ed47683bc7784e1f8,281,132,SRC0190
B (79).jpg,00b183ee331dd3658a55779808a9b90d826da286d3ebc90062dfb26e19c24ea4,d66d6077b1ba62223214da212c54420b82d38ecadd14414579966da714c6b981,1022,766,SRC0203
B (79).png,520503c824d9df9601100dbd962ca580bc8175a17212faadf761831f8f803466,cf1188cabf3b5b1248b6ac6b7e0428a37f36b2e4e2f4c98ed47683bc7784e1f8,281,132,SRC0190
B (8).jpg,d9a4f40c3f884fb2a6b72086234bfb087e458492061d5e69a65dc1659b2bf365,d31e599cae6712173cb915f28deb30aee605163aeb798bd643b9f0c9d9003dcc,635,476,SRC0199
B (8).png,854a4346e12a3cfa4446a2cd656ec3ac782635c73c42d2b73453fdaab67e2491,7aadd65072700ffda44d549cf1357307d38f9cfbc99d2497f5ece8a8bd98f56a,283,198,SRC0115
B (80).jpg,00b183ee331dd3658a55779808a9b90d826da286d3ebc90062dfb26e19c24ea4,d66d6077b1ba62223214da212c54420b82d38ecadd14414579966da714c6b981,1022,766,SRC0203
B (80).png,520503c824d9df9601100dbd962ca580bc8175a17212faadf761831f8f803466,cf1188cabf3b5b1248b6ac6b7e0428a37f36b2e4e2f4c98ed47683bc7784e1f8,281,132,SRC0190
B (81).jpg,928f8b344b9c0cb8a312bd15258c6d51c6c61388ff21b981582a23ed86076ea9,c4c4195a97c6d50973339bdd9f969dac47b561fa466fe82633b1d385256c04e5,686,515,SRC0186
B (81).png,a3d5dea7536a3e301b2596e26899b17d6f9153e679f020af6456a7c67061b382,70ebafa2d302b84e21eab56db390da03508425f777c377de23e0264fc373f7ee,287,186,SRC0104
B (82).jpg,928f8b344b9c0cb8a312bd15258c6d51c6c61388ff21b981582a23ed86076ea9,c4c4195a97c6d50973339bdd9f969dac47b561fa466fe82633b1d385256c04e5,686,515,SRC0186
B (82).png,a3d5dea7536a3e301b2596e26899b17d6f9153e679f020af6456a7c67061b382,70ebafa2d302b84e21eab56db390da03508425f777c377de23e0264fc373f7ee,287,186,SRC0104
B (83).jpg,ab748889039cb00feeec35a75da0ec6ae1cbe4eb1122bbe81cb3c59c44e50d49,08202b66d08247a423e571085b9608e7ecd477c7e2a306d4f03dbe6477c91c08,1678,1259,SRC0007
B (83).png,4ee765541bdc62c1280fe394cf0fb1b19d2134dc37e342c85d2ba85a7273523c,6eef978d250a68dfe7f6fcc5a363485867b91884a021b1fa9bf224a7139fe007,370,145,SRC0102
B (84).jpg,f78371999d78e9a9dc143b4f62f27f276b43be498efcdab61a31589153189d54,ccf7760aee310e8adb2a190b193e9755420052cb7b539e5ebc22f65dc1004043,566,425,SRC0187
B (84).png,4ee765541bdc62c1280fe394cf0fb1b19d2134dc37e342c85d2ba85a7273523c,6eef978d250a68dfe7f6fcc5a363485867b91884a021b1fa9bf224a7139fe007,370,145,SRC0102
B (85).jpg,47c851a744c7723aa4fbfced698c78f2cdc8295b004e456b6eb2c153bc9f000d,26af757f36990c46dc47f861ff3724f7af08b1661033f20467def2134ad33aee,1009,757,SRC0037
B (85).png,240a3bdfd5b464491cd15b0cf0989d451f7077fb802ecd81870d0fdb3eb005cf,b6a5b68ad5a5ecc065fa47727ee470df24c32e37237ef6ef3befd56caa9917c3,434,148,SRC0169
B (86).jpg,47c851a744c7723aa4fbfced698c78f2cdc8295b004e456b6eb2c153bc9f000d,26af757f36990c46dc47f861ff3724f7af08b1661033f20467def2134ad33aee,1009,757,SRC0037
B (86).png,240a3bdfd5b464491cd15b0cf0989d451f7077fb802ecd81870d0fdb3eb005cf,b6a5b68ad5a5ecc065fa47727ee470df24c32e37237ef6ef3befd56caa9917c3,434,148,SRC0169
B (87).jpg,47c851a744c7723aa4fbfced698c78f2cdc8295b004e456b6eb2c153bc9f000d,26af757f36990c46dc47f861ff3724f7af08b1661033f20467def2134ad33aee,1009,757,SRC0037
B (87).png,1742d9807eba8f019ec758aa9c217718cbcae072895a969db88b06c9713b527a,a2d750c60e12083c399aa233b7b88ebc3908c23c88f4735add8949a7b432dab7,221,153,SRC0149
B (88).jpg,47c851a744c7723aa4fbfced698c78f2cdc8295b004e456b6eb2c153bc9f000d,26af757f36990c46dc47f861ff3724f7af08b1661033f20467def2134ad33aee,1009,757,SRC0037
B (88).png,1742d9807eba8f019ec758aa9c217718cbcae072895a969db88b06c9713b527a,a2d750c60e12083c399aa233b7b88ebc3908c23c88f4735add8949a7b432dab7,221,153,SRC0149
B (89).jpg,f1960e2ff9180dfe9a32ed676f60edf070c439f2f1b046af35d99c7b393c81c9,33dd269a599b54213f0ce4c773aa40b7ad58bf4d3eed8c6f9a92712ce32a4b93,1402,1051,SRC0047
B (89).png,7669773fc798f1951b4dbf6b3e8a126d56e0594da47b7d8a0d243946bb826c52,c460998048234c52a7a889a48e9e03884306f2c1fefbf07453ad7ab483083713,241,210,SRC0184
B (9).jpg,60f02dd866ec80df9a5fd4499a0b4ea76634b5243c654010fef1c18e8fc4ee71,85c5cd52950831c0ebd21b84ee9caf63536160c56faec9a234705fbfca70c423,1063,796,SRC0122
B (9).png,a695b6e67d1d3d8ab41eae7e94ee8c7b748eaaf7f574267ada328fc8b208db8d,482ca7abb20f3249d1eb11f151b7b82718e61a0dea75fb29c1a7158f86bc48b0,304,316,SRC0064
B (90).jpg,f1960e2ff9180dfe9a32ed676f60edf070c439f2f1b046af35d99c7b393c81c9,33dd269a599b54213f0ce4c773aa40b7ad58bf4d3eed8c6f9a92712ce32a4b93,1402,1051,SRC0047
B (90).png,7669773fc798f1951b4dbf6b3e8a126d56e0594da47b7d8a0d243946bb826c52,c460998048234c52a7a889a48e9e03884306f2c1fefbf07453ad7ab483083713,241,210,SRC0184
B (91).jpg,f1960e2ff9180dfe9a32ed676f60edf070c439f2f1b046af35d99c7b393c81c9,33dd269a599b54213f0ce4c773aa40b7ad58bf4d3eed8c6f9a92712ce32a4b93,1402,1051,SRC0047
B (91).png,dda97c51f9dd382a020a7d35f3a31005937c614880e3d8d20a716e02d23ec504,6bcb0200d98de9062d779d03d48c3d8649c1e0b1e653e2dcb0d452e46e81b04d,199,176,SRC0096
B (92).jpg,f1960e2ff9180dfe9a32ed676f60edf070c439f2f1b046af35d99c7b393c81c9,33dd269a599b54213f0ce4c773aa40b7ad58bf4d3eed8c6f9a92712ce32a4b93,1402,1051,SRC0047
B (92).png,dda97c51f9dd382a020a7d35f3a31005937c614880e3d8d20a716e02d23ec504,6bcb0200d98de9062d779d03d48c3d8649c1e0b1e653e2dcb0d452e46e81b04d,199,176,SRC0096
B (93).jpg,09c1f30b2ad177d7fc99b6ebcdda3bba42e363eeb1fc89fd88f5f36eff2dd341,b2b1082278b1be004afd339d6e255800579fa897357f070202c837655dad1ad3,1025,768,SRC0167
B (93).png,a0f4c97f15cb99e7b1330a4a56f7068f069982329cf6492b99ef880ba5715c23,cd083bb2800ff55cd38ec47ab67eb89a294e995ddf4d9604b0c4171daeca725f,213,159,SRC0188
B (94).jpg,09c1f30b2ad177d7fc99b6ebcdda3bba42e363eeb1fc89fd88f5f36eff2dd341,b2b1082278b1be004afd339d6e255800579fa897357f070202c837655dad1ad3,1025,768,SRC0167
B (94).png,a0f4c97f15cb99e7b1330a4a56f7068f069982329cf6492b99ef880ba5715c23,cd083bb2800ff55cd38ec47ab67eb89a294e995ddf4d9604b0c4171daeca725f,213,159,SRC0188
B (95).jpg,09c1f30b2ad177d7fc99b6ebcdda3bba42e363eeb1fc89fd88f5f36eff2dd341,b2b1082278b1be004afd339d6e255800579fa897357f070202c837655dad1ad3,1025,768,SRC0167
B (95).png,06cd19872388eda6e9e4b49cc0eca9a50d916f5570317f21334e871892be0350,b127ebd3108e78d1dd1b39b8ea1d03547cb7d261de1a425a929b848d67ae6221,258,126,SRC0164
B (96).jpg,09c1f30b2ad177d7fc99b6ebcdda3bba42e363eeb1fc89fd88f5f36eff2dd341,b2b1082278b1be004afd339d6e255800579fa897357f070202c837655dad1ad3,1025,768,SRC0167
B (96).png,06cd19872388eda6e9e4b49cc0eca9a50d916f5570317f21334e871892be0350,b127ebd3108e78d1dd1b39b8ea1d03547cb7d261de1a425a929b848d67ae6221,258,126,SRC0164
B (97).jpg,c0747848f8facee8a6434bb488a2a2eb455a8b452e00db3ff5caec6faf6a6fdb,0c07f85d9f1a0d941c8440060ad87a8ad0e1373163f0205ac9e6f3e3b6685891,1469,1102,SRC0012
B (97).png,41e6ae3ba920399a63607f8c9b1d1d2a2478f5e96452d0c64c9ddd18843b8910,f247d669fb331ca071650cf035d2e4fe11ce39e3d91b04e251a5e7bf55930383,216,103,SRC0228
B (98).jpg,c0747848f8facee8a6434bb488a2a2eb455a8b452e00db3ff5caec6faf6a6fdb,0c07f85d9f1a0d941c8440060ad87a8ad0e1373163f0205ac9e6f3e3b6685891,1469,1102,SRC0012
B (98).png,41e6ae3ba920399a63607f8c9b1d1d2a2478f5e96452d0c64c9ddd18843b8910,f247d669fb331ca071650cf035d2e4fe11ce39e3d91b04e251a5e7bf55930383,216,103,SRC0228
B (99).jpg,c0747848f8facee8a6434bb488a2a2eb455a8b452e00db3ff5caec6faf6a6fdb,0c07f85d9f1a0d941c8440060ad87a8ad0e1373163f0205ac9e6f3e3b6685891,1469,1102,SRC0012
B (99).png,8d96f68b438ee55bfe811c83a10b75d0060833388f037451ef422029a15d3bbb,edbf46d0c4da07df09d5e9e0fac25864788aa4fc28761da79471d501757ae0e2,162,89,SRC0224
Ds (1).jpg,536ba1691f25dec3b15481cf1b9e0e8205ddf7e51759ee46b0c706ca386cfb3a,59cea31d8d7294f01a32ae7d8b4a7d603503b116876cc1a4e094ccfbeb83e330,944,708,SRC0077
Ds (10).jpg,f299342103f1602f2ee39190c65c8cd85101943dc6a93df9724eb10299827c18,5266aa4fdf0d8097f903c980e25d49cd11b528964eee616885ca30603ad7058f,1027,770,SRC0071
Ds (100).png,1d3251ad8d010c7ad806786bdcbfa54ea5c739d4d9077db56aaac2dff237063f,6d491677544fe8aa0b6881c52caf21c93e50cde27b1eef6ffbc5538d33e71f35,243,152,SRC0101
Ds (101).png,f5c10610b18bc5cf62d8a30ade86119fc37fe591ff8e1b8307c22751f8d1ac6e,36ff6c14d8497dd65f65d0ad003ce66f032214e44021cd4a457ec197f007cebd,152,243,SRC0049
Ds (102).png,1d3251ad8d010c7ad806786bdcbfa54ea5c739d4d9077db56aaac2dff237063f,6d491677544fe8aa0b6881c52caf21c93e50cde27b1eef6ffbc5538d33e71f35,243,152,SRC0101
Ds (103).png,f5c10610b18bc5cf62d8a30ade86119fc37fe591ff8e1b8307c22751f8d1ac6e,36ff6c14d8497dd65f65d0ad003ce66f032214e44021cd4a457ec197f007cebd,152,243,SRC0049
Ds (104).png,1d3251ad8d010c7ad806786bdcbfa54ea5c739d4d9077db56aaac2dff237063f,6d491677544fe8aa0b6881c52caf21c93e50cde27b1eef6ffbc5538d33e71f35,243,152,SRC0101
Ds (105).png,f072f204ff067215691a90603f8ed29281b6edb90af180ba15c0f2c805b8b776,371ea4f81526b6849e11318524c97b904ddc71a4e1ecb0741da70880ac18957c,152,243,SRC0050
Ds (106).png,1d3251ad8d010c7ad806786bdcbfa54ea5c739d4d9077db56aaac2dff237063f,6d491677544fe8aa0b6881c52caf21c93e50cde27b1eef6ffbc5538d33e71f35,243,152,SRC0101
Ds (107).png,f072f204ff067215691a90603f8ed29281b6edb90af180ba15c0f2c805b8b776,371ea4f81526b6849e11318524c97b904ddc71a4e1ecb0741da70880ac18957c,152,243,SRC0050
Ds (108).png,1d3251ad8d010c7ad806786bdcbfa54ea5c739d4d9077db56aaac2dff237063f,6d491677544fe8aa0b6881c52caf21c93e50cde27b1eef6ffbc5538d33e71f35,243,152,SRC0101
Ds (109).png,f072f204ff067215691a90603f8ed29281b6edb90af180ba15c0f2c805b8b776,371ea4f81526b6849e11318524c97b904ddc71a4e1ecb0741da70880ac18957c,152,243,SRC0050
Ds (11).jpg,e025bdb7e815e7bcb1787f88980b91dbf8c89b1fb79622e250112f6a82a699e9,5266aa4fdf0d8097f903c980e25d49cd11b528964eee616885ca30603ad7058f,1027,770,SRC0071
Ds (110).png,7e297ea4cd908061ad948667d305a9b253f7b38ad506c21160437ed1560051f5,045207b7af038adfc868702c7e649aabdeb904a3779b87b6715e92013a1fffb0,212,181,SRC0005
Ds (111).png,817121d26c89ed448573885092ebbbbe26dc24611460159488b7cc89796558e3,b1417b20cb64b85684bb86bf4ae4ac96581a74881e6f48e3b73dd79f090c34c8,181,212,SRC0165
Ds (112).png,7e297ea4cd908061ad948667d305a9b253f7b38ad506c21160437ed1560051f5,045207b7af038adfc868702c7e649aabdeb904a3779b87b6715e92013a1fffb0,212,181,SRC0005
Ds (113).png,817121d26c89ed448573885092ebbbbe26dc24611460159488b7cc89796558e3,b1417b20cb64b85684bb86bf4ae4ac96581a74881e6f48e3b73dd79f090c34c8,181,212,SRC0165
Ds (114).png,7e297ea4cd908061ad948667d305a9b253f7b38ad506c21160437ed1560051f5,045207b7af038adfc868702c7e649aabdeb904a3779b87b6715e92013a1fffb0,212,181,SRC0005
Ds (115).png,9ac87464a9e9ff75ddcfd5c10aca3565f158420f9b0a2142b0ccf1bd46eb0d8a,6d22b37e153520bd50c053ccf5bd4ce6e89ba849fce890e5055a444b8e5605c3,181,212,SRC0099
Ds (116).png,7e297ea4cd908061ad948667d305a9b253f7b38ad506c21160437ed1560051f5,045207b7af038adfc868702c7e649aabdeb904a3779b87b6715e92013a1fffb0,212,181,SRC0005
Ds (117).png,817121d26c89ed448573885092ebbbbe26dc24611460159488b7cc89796558e3,b1417b20cb64b85684bb86bf4ae4ac96581a74881e6f48e3b73dd79f090c34c8,181,212,SRC0165
Ds (118).png,7e297ea4cd908061ad948667d305a9b253f7b38ad506c21160437ed1560051f5,045207b7af038adfc868702c7e649aabdeb904a3779b87b6715e92013a1fffb0,212,181,SRC0005
Ds (119).png,9ac87464a9e9ff75ddcfd5c10aca3565f158420f9b0a2142b0ccf1bd46eb0d8a,6d22b37e153520bd50c053ccf5bd4ce6e89ba849fce890e5055a444b8e5605c3,181,212,SRC0099
Ds (12).jpg,f299342103f1602f2ee39190c65c8cd85101943dc6a93df9724eb10299827c18,5266aa4fdf0d8097f903c980e25d49cd11b528964eee616885ca30603ad7058f,1027,770,SRC0071
Ds (120).png,beebac552b93b25288280102c9c82b138822694bb8415f61fd41e95d02e28a82,045207b7af038adfc868702c7e649aabdeb904a3779b87b6715e92013a1fffb0,212,181,SRC0005
Ds (121).png,817121d26c89ed448573885092ebbbbe26dc24611460159488b7cc89796558e3,b1417b20cb64b85684bb86bf4ae4ac96581a74881e6f48e3b73dd79f090c34c8,181,212,SRC0165
Ds (122).png,7e297ea4cd908061ad948667d305a9b253f7b38ad506c21160437ed1560051f5,045207b7af038adfc868702c7e649aabdeb904a3779b87b6715e92013a1fffb0,212,181,SRC0005
Ds (123).png,817121d26c89ed448573885092ebbbbe26dc24611460159488b7cc89796558e3,b1417b20cb64b85684bb86bf4ae4ac96581a74881e6f48e3b73dd79f090c34c8,181,212,SRC0165
Ds (124).png,7e297ea4cd908061ad948667d305a9b253f7b38ad506c21160437ed1560051f5,045207b7af038adfc868702c7e649aabdeb904a3779b87b6715e92013a1fffb0,212,181,SRC0005
Ds (125).png,817121d26c89ed448573885092ebbbbe26dc24611460159488b7cc89796558e3,b1417b20cb64b85684bb86bf4ae4ac96581a74881e6f48e3b73dd79f090c34c8,181,212,SRC0165
Ds (126).png,bcd372e125221b9cde894b7fdfd893fcabc83fc2d2a9dcbac4850a4e23f4acc0,314cb3f43a23caddaf24c5e15207dee109e800c6883bbc2ceba028123a33dd9b,197,149,SRC0045
Ds (127).png,7031fdd0e4c8263e225026976ecf9ecc61b07d6cfa1791d3c01a3e9103c0cda7,6c8e0afcfaf5837d39f0373d8c57d7652e8989d8ed07ba174ddda07b287790d7,149,197,SRC0098
Ds (128).png,bcd372e125221b9cde894b7fdfd893fcabc83fc2d2a9dcbac4850a4e23f4acc0,314cb3f43a23caddaf24c5e15207dee109e800c6883bbc2ceba028123a33dd9b,197,149,SRC0045
Ds (129).png,1f3cfd5df133dcdb0068414212885c64af661bf75fdf0721c7a94e9d7afc8960,3fa67f37d0109961ecf05ecd97fdaf15c23275891d12d6e7b3c2f2ea1fc4aca4,149,197,SRC0057
Ds (13).jpg,16e07d0f4eee36f89391642d606bc42f3d2917fa3916c7861a1b5ada1f00d51c,fff58f1bf8be10f64c0b7f3a57bf5992e5be0356c407483276871eaa926b9e33,1214,911,SRC0234
Ds (130).png,bcd372e125221b9cde894b7fdfd893fcabc83fc2d2a9dcbac4850a4e23f4acc0,314cb3f43a23caddaf24c5e15207dee109e800c6883bbc2ceba028123a33dd9b,197,149,SRC0045
Ds (131).png,7031fdd0e4c8263e225026976ecf9ecc61b07d6cfa1791d3c01a3e9103c0cda7,6c8e0afcfaf5837d39f0373d8c57d7652e8989d8ed07ba174ddda07b287790d7,149,197,SRC0098
Ds (132).png,bcd372e125221b9cde894b7fdfd893fcabc83fc2d2a9dcbac4850a4e23f4acc0,314cb3f43a23caddaf24c5e15207dee109e800c6883bbc2ceba028123a33dd9b,197,149,SRC0045
Ds (133).png,7031fdd0e4c8263e225026976ecf9ecc61b07d6cfa1791d3c01a3e9103c0cda7,6c8e0afcfaf5837d39f0373d8c57d7652e8989d8ed07ba174ddda07b287790d7,149,197,SRC0098
Ds (134).png,bcd372e125221b9cde894b7fdfd893fcabc83fc2d2a9dcbac4850a4e23f4acc0,314cb3f43a23caddaf24c5e15207dee109e800c6883bbc2ceba028123a33dd9b,197,149,SRC0045
Ds (135).png,1f3cfd5df133dcdb0068414212885c64af661bf75fdf0721c7a94e9d7afc8960,3fa67f37d0109961ecf05ecd97fdaf15c23275891d12d6e7b3c2f2ea1fc4aca4,149,197,SRC0057
Ds (136).png,bcd372e125221b9cde894b7fdfd893fcabc83fc2d2a9dcbac4850a4e23f4acc0,314cb3f43a23caddaf24c5e15207dee109e800c6883bbc2ceba028123a33dd9b,197,149,SRC0045
Ds (137).png,7031fdd0e4c8263e225026976ecf9ecc61b07d6cfa1791d3c01a3e9103c0cda7,6c8e0afcfaf5837d39f0373d8c57d7652e8989d8ed07ba174ddda07b287790d7,149,197,SRC0098
Ds (138).png,bcd372e125221b9cde894b7fdfd893fcabc83fc2d2a9dcbac4850a4e23f4acc0,314cb3f43a23caddaf24c5e15207dee109e800c6883bbc2ceba028123a33dd9b,197,149,SRC0045
Ds (139).png,1f3cfd5df133dcdb0068414212885c64af661bf75fdf0721c7a94e9d7afc8960,3fa67f37d0109961ecf05ecd97fdaf15c23275891d12d6e7b3c2f2ea1fc4aca4,149,197,SRC0057
Ds (14).jpg,5ec2c85af5d04c38a83fdd01eba6f98b894f0f64a3c7abc68b37533142ea4e24,fff58f1bf8be10f64c0b7f3a57bf5992e5be0356c407483276871eaa926b9e33,1214,911,SRC0234
Ds (140).png,bcd372e125221b9cde894b7fdfd893fcabc83fc2d2a9dcbac4850a4e23f4acc0,314cb3f43a23caddaf24c5e15207dee109e800c6883bbc2ceba028123a33dd9b,197,149,SRC0045
Ds (141).png,1f3cfd5df133dcdb0068414212885c64af661bf75fdf0721c7a94e9d7afc8960,3fa67f37d0109961ecf05ecd97fdaf15c23275891d12d6e7b3c2f2ea1fc4aca4,149,197,SRC0057
Ds (142).png,840c7a3d9504f0f84f6d4e3762d2a83012f95887c59f1be4ce8adb4e97cda92a,024a13335e1488b0fccb0e1a943e81b0481d72ddf98a7e1c9f7baf6434598215,268,163,SRC0004
Ds (143).png,5af320a69ddf19fdc4711b73f1180593cc32fbc4e7727d076861276177c69c4a,5aeda5a553a9529cb3f831f09e4abbb255af062a5241a49348e8c0436c34a3f3,163,268,SRC0078
Ds (144).png,840c7a3d9504f0f84f6d4e3762d2a83012f95887c59f1be4ce8adb4e97cda92a,024a13335e1488b0fccb0e1a943e81b0481d72ddf98a7e1c9f7baf6434598215,268,163,SRC0004
Ds (145).png,99ca76ef11745f1234e7f6a61e94d888b3ab6b356e96aee7097294e730ed4df1,9b7f497bb90f1e998f63c62b2c9d9d30b3f638f628cf2a997ad1b50a133d6ba2,163,268,SRC0140
Ds (146).png,840c7a3d9504f0f84f6d4e3762d2a83012f95887c59f1be4ce8adb4e97cda92a,024a13335e1488b0fccb0e1a943e81b0481d72ddf98a7e1c9f7baf6434598215,268,163,SRC0004
Ds (147).png,5af320a69ddf19fdc4711b73f1180593cc32fbc4e7727d076861276177c69c4a,5aeda5a553a9529cb3f831f09e4abbb255af062a5241a49348e8c0436c34a3f3,163,268,SRC0078
Ds (148).png,840c7a3d9504f0f84f6d4e3762d2a83012f95887c59f1be4ce8adb4e97cda92a,024a13335e1488b0fccb0e1a943e81b0481d72ddf98a7e1c9f7baf6434598215,268,163,SRC0004
Ds (149).png,99ca76ef11745f1234e7f6a61e94d888b3ab6b356e96aee7097294e730ed4df1,9b7f497bb90f1e998f63c62b2c9d9d30b3f638f628cf2a997ad1b50a133d6ba2,163,268,SRC0140
Ds (15).jpg,16e07d0f4eee36f89391642d606bc42f3d2917fa3916c7861a1b5ada1f00d51c,fff58f1bf8be10f64c0b7f3a57bf5992e5be0356c407483276871eaa926b9e33,1214,911,SRC0234
Ds (150).png,840c7a3d9504f0f84f6d4e3762d2a83012f95887c59f1be4ce8adb4e97cda92a,024a13335e1488b0fccb0e1a943e81b0481d72ddf98a7e1c9f7baf6434598215,268,163,SRC0004
Ds (16).jpg,97e55e1a4a957c41e6a7d36663585dc38d2e5130c95105728372ce5ce00ed8c2,c1bddcb0a0887bb24a84a319a0d4f6162444e10f6080a6ff2acc80d859eff9de,961,721,SRC0182
Ds (17).jpg,291d2ec8d22bbeea8dcf403ea8f038b3c59498be645ce416ac8bcbf33e0d8a58,c1bddcb0a0887bb24a84a319a0d4f6162444e10f6080a6ff2acc80d859eff9de,961,721,SRC0182
Ds (18).jpg,97e55e1a4a957c41e6a7d36663585dc38d2e5130c95105728372ce5ce00ed8c2,c1bddcb0a0887bb24a84a319a0d4f6162444e10f6080a6ff2acc80d859eff9de,961,721,SRC0182
Ds (19).jpg,291d2ec8d22bbeea8dcf403ea8f038b3c59498be645ce416ac8bcbf33e0d8a58,c1bddcb0a0887bb24a84a319a0d4f6162444e10f6080a6ff2acc80d859eff9de,961,721,SRC0182
Ds (2).jpg,536ba1691f25dec3b15481cf1b9e0e8205ddf7e51759ee46b0c706ca386cfb3a,59cea31d8d7294f01a32ae7d8b4a7d603503b116876cc1a4e094ccfbeb83e330,944,708,SRC0077
Ds (20).jpg,97e55e1a4a957c41e6a7d36663585dc38d2e5130c95105728372ce5ce00ed8c2,c1bddcb0a0887bb24a84a319a0d4f6162444e10f6080a6ff2acc80d859eff9de,961,721,SRC0182
Ds (21).jpg,291d2ec8d22bbeea8dcf403ea8f038b3c59498be645ce416ac8bcbf33e0d8a58,c1bddcb0a0887bb24a84a319a0d4f6162444e10f6080a6ff2acc80d859eff9de,961,721,SRC0182
Ds (22).jpg,be40f15c6df817fe8a0e7414ba9f13a554743e5f6b00d2bd80e0e2c0fd9979af,bc568dad3a918c096122faee8f588a683298b13e17711109a9e74b35e88acc39,947,711,SRC0176
Ds (23).jpg,567172a9f0f8d30372205e1b1fc198ed28f56adb84cc84e4afc0f7f81df1eb83,bc568dad3a918c096122faee8f588a683298b13e17711109a9e74b35e88acc39,947,711,SRC0176
Ds (24).jpg,be40f15c6df817fe8a0e7414ba9f13a554743e5f6b00d2bd80e0e2c0fd9979af,bc568dad3a918c096122faee8f588a683298b13e17711109a9e74b35e88acc39,947,711,SRC0176
Ds (25).jpg,0cb59da1290865c8194b80fd5b796bfbaa8353993ba7a8873beccc83404dddd4,bc568dad3a918c096122faee8f588a683298b13e17711109a9e74b35e88acc39,947,711,SRC0176
Ds (26).jpg,be40f15c6df817fe8a0e7414ba9f13a554743e5f6b00d2bd80e0e2c0fd9979af,bc568dad3a918c096122faee8f588a683298b13e17711109a9e74b35e88acc39,947,711,SRC0176
Ds (27).jpg,0cb59da1290865c8194b80fd5b796bfbaa8353993ba7a8873beccc83404dddd4,bc568dad3a918c096122faee8f588a683298b13e17711109a9e74b35e88acc39,947,711,SRC0176
Ds (28).jpg,03a15c0fe15f0c7229398fe11a63b4b8e88fc77346b1bb5c43e70c70e3c1cce1,df2d6cf3f311e4bc14e8bd9d47c53d5076e5ac548b82cb1ec6b036c21e0adfba,1169,877,SRC0213
Ds (29).jpg,f1b052a1501f3efe32920f4d199f30f60d7eab54bb32b528df8cd52c5333d238,df2d6cf3f311e4bc14e8bd9d47c53d5076e5ac548b82cb1ec6b036c21e0adfba,1169,877,SRC0213
Ds (3).jpg,1812d4950ad5788f4031b495160e9031c78ad1318e9d9e1af2f8a8d6bed98637,59cea31d8d7294f01a32ae7d8b4a7d603503b116876cc1a4e094ccfbeb83e330,944,708,SRC0077
Ds (30).jpg,03a15c0fe15f0c7229398fe11a63b4b8e88fc77346b1bb5c43e70c70e3c1cce1,df2d6cf3f311e4bc14e8bd9d47c53d5076e5ac548b82cb1ec6b036c21e0adfba,1169,877,SRC0213
Ds (31).jpg,43f663a476d0dd031252c82cf7744e1b6653a0489e920a1560dc62c6b718dbd6,df2d6cf3f311e4bc14e8bd9d47c53d5076e5ac548b82cb1ec6b036c21e0adfba,1169,877,SRC0213
Ds (32).jpg,03a15c0fe15f0c7229398fe11a63b4b8e88fc77346b1bb5c43e70c70e3c1cce1,df2d6cf3f311e4bc14e8bd9d47c53d5076e5ac548b82cb1ec6b036c21e0adfba,1169,877,SRC0213
Ds (33).jpg,43f663a476d0dd031252c82cf7744e1b6653a0489e920a1560dc62c6b718dbd6,df2d6cf3f311e4bc14e8bd9d47c53d5076e5ac548b82cb1ec6b036c21e0adfba,1169,877,SRC0213
Ds (34).jpg,e70e33bf1b317c2c9fde119f1bfb3160714acefcda433cb21c638a779242b640,a5c71616f4b64fde60c44d3abb878693d316a25fd6afa87adb1a48461b011239,1403,1052,SRC0152
Ds (35).jpg,149b7340bd71d1f77223c99e4b4e1b1ba0a8cf89e4d41a0e4f699877df8a1c34,a5c71616f4b64fde60c44d3abb878693d316a25fd6afa87adb1a48461b011239,1403,1052,SRC0152
Ds (36).jpg,e70e33bf1b317c2c9fde119f1bfb3160714acefcda433cb21c638a779242b640,a5c71616f4b64fde60c44d3abb878693d316a25fd6afa87adb1a48461b011239,1403,1052,SRC0152
Ds (37).jpg,149b7340bd71d1f77223c99e4b4e1b1ba0a8cf89e4d41a0e4f699877df8a1c34,a5c71616f4b64fde60c44d3abb878693d316a25fd6afa87adb1a48461b011239,1403,1052,SRC0152
Ds (38).jpg,e70e33bf1b317c2c9fde119f1bfb3160714acefcda433cb21c638a779242b640,a5c71616f4b64fde60c44d3abb878693d316a25fd6afa87adb1a48461b011239,1403,1052,SRC0152
Ds (39).jpg,149b7340bd71d1f77223c99e4b4e1b1ba0a8cf89e4d41a0e4f699877df8a1c34,a5c71616f4b64fde60c44d3abb878693d316a25fd6afa87adb1a48461b011239,1403,1052,SRC0152
Ds (4).jpg,c9a8227204369e40dc01d76af4ad1f24a70bee53386578906bcaaa05ca91c5f4,aec3e6f91772a0864d19c88daff0b5bcd52ea31fd5cd780026c9541971e4fd97,1612,1209,SRC0161
Ds (40).jpg,8936123fd56d77f252e7d4f8ac11e4252eee8810ff3cbd00d2dc5fcbe700e56c,f2205bc97bde583793deb18a387a8986a73803b18afe1973d2649196824932bc,1684,1263,SRC0227
Ds (41).jpg,432cb6d7532cd3f3c5d7927f891b11a60ba35ee7de4e1f2af9cbbf95010186fa,f2205bc97bde583793deb18a387a8986a73803b18afe1973d2649196824932bc,1684,1263,SRC0227
Ds (42).jpg,8936123fd56d77f252e7d4f8ac11e4252eee8810ff3cbd00d2dc5fcbe700e56c,f2205bc97bde583793deb18a387a8986a73803b18afe1973d2649196824932bc,1684,1263,SRC0227
Ds (43).jpg,432cb6d7532cd3f3c5d7927f891b11a60ba35ee7de4e1f2af9cbbf95010186fa,f2205bc97bde583793deb18a387a8986a73803b18afe1973d2649196824932bc,1684,1263,SRC0227
Ds (44).jpg,8936123fd56d77f252e7d4f8ac11e4252eee8810ff3cbd00d2dc5fcbe700e56c,f2205bc97bde583793deb18a387a8986a73803b18afe1973d2649196824932bc,1684,1263,SRC0227
Ds (45).jpg,432cb6d7532cd3f3c5d7927f891b11a60ba35ee7de4e1f2af9cbbf95010186fa,f2205bc97bde583793deb18a387a8986a73803b18afe1973d2649196824932bc,1684,1263,SRC0227
Ds (46).jpg,5caeef3f9da3ea569f6c0b2d940b9b0dd327b3c4999c8e32ceb3d34b299def70,f9a04b492d2ca27e009f806dd263c9ffb3702c2353587a3f6846604453eb6ba6,1043,782,SRC0232
Ds (47).jpg,6b3ab85f94252449598ec9141bbc68a67e90b5b640cd2588bf2e5fc81325a8aa,f9a04b492d2ca27e009f806dd263c9ffb3702c2353587a3f6846604453eb6ba6,1043,782,SRC0232
Ds (48).jpg,6b3ab85f94252449598ec9141bbc68a67e90b5b640cd2588bf2e5fc81325a8aa,f9a04b492d2ca27e009f806dd263c9ffb3702c2353587a3f6846604453eb6ba6,1043,782,SRC0232
Ds (49).jpg,5caeef3f9da3ea569f6c0b2d940b9b0dd327b3c4999c8e32ceb3d34b299def70,f9a04b492d2ca27e009f806dd263c9ffb3702c2353587a3f6846604453eb6ba6,1043,782,SRC0232
Ds (5).jpg,cde07b893469217f1d5f13c935614f779142590e86aaf9d2252576eaeb513082,aec3e6f91772a0864d19c88daff0b5bcd52ea31fd5cd780026c9541971e4fd97,1612,1209,SRC0161
Ds (50).jpg,5caeef3f9da3ea569f6c0b2d940b9b0dd327b3c4999c8e32ceb3d34b299def70,f9a04b492d2ca27e009f806dd263c9ffb3702c2353587a3f6846604453eb6ba6,1043,782,SRC0232
Ds (51).jpg,ecfc0b19f002124dc9c875a9748ccf4dff399f10fc606ff6c872ed6658a7a27f,f9a04b492d2ca27e009f806dd263c9ffb3702c2353587a3f6846604453eb6ba6,1043,782,SRC0232
Ds (52).jpg,a860520b7818a6605ac0f287a17d826f01f277333dbfd85523aeebc6a67854f4,a5dd58fa81ada2a9509326ed9b943f90efa58c2a48f0c47ca96e436b9fb54e69,1417,1063,SRC0153
Ds (53).jpg,3a13d4da54aefe02ad6b58f3670fb109d8cde1fd940fdaf2743f5e3be205fb04,a5dd58fa81ada2a9509326ed9b943f90efa58c2a48f0c47ca96e436b9fb54e69,1417,1063,SRC0153
Ds (54).jpg,a860520b7818a6605ac0f287a17d826f01f277333dbfd85523aeebc6a67854f4,a5dd58fa81ada2a9509326ed9b943f90efa58c2a48f0c47ca96e436b9fb54e69,1417,1063,SRC0153
Ds (55).jpg,ac0c0bddd78cb52b96aa6497d9357b4723d3de82655dd0c6124947dd45e789cd,a5dd58fa81ada2a9509326ed9b943f90efa58c2a48f0c47ca96e436b9fb54e69,1417,1063,SRC0153
Ds (56).jpg,ac0c0bddd78cb52b96aa6497d9357b4723d3de82655dd0c6124947dd45e789cd,a5dd58fa81ada2a9509326ed9b943f90efa58c2a48f0c47ca96e436b9fb54e69,1417,1063,SRC0153
Ds (57).jpg,a860520b7818a6605ac0f287a17d826f01f277333dbfd85523aeebc6a67854f4,a5dd58fa81ada2a9509326ed9b943f90efa58c2a48f0c47ca96e436b9fb54e69,1417,1063,SRC0153
Ds (58).jpg,4c3c9a367e2932f2bd0dfea247edffd7ade39fe7c7cde112c73ecad19504c972,4c19f89d77d3bc7c8f8310ee3ca6c3269297f312ecd44c52ac945511b5b61280,1482,1111,SRC0065
Ds (59).jpg,99aee100729d262c7985a1dc8f94ddc0505ac59056b7e9bf5f97aa6ba4783cc6,4c19f89d77d3bc7c8f8310ee3ca6c3269297f312ecd44c52ac945511b5b61280,1482,1111,SRC0065
Ds (6).jpg,c9a8227204369e40dc01d76af4ad1f24a70bee53386578906bcaaa05ca91c5f4,aec3e6f91772a0864d19c88daff0b5bcd52ea31fd5cd780026c9541971e4fd97,1612,1209,SRC0161
Ds (60).jpg,4c3c9a367e2932f2bd0dfea247edffd7ade39fe7c7cde112c73ecad19504c972,4c19f89d77d3bc7c8f8310ee3ca6c3269297f312ecd44c52ac945511b5b61280,1482,1111,SRC0065
Ds (61).jpg,7760a45aacc6fb7b91dd09dbc86c69dcb4196f100e8bb5e0ae3346464c978b85,4c19f89d77d3bc7c8f8310ee3ca6c3269297f312ecd44c52ac945511b5b61280,1482,1111,SRC0065
Ds (62).jpg,4c3c9a367e2932f2bd0dfea247edffd7ade39fe7c7cde112c73ecad19504c972,4c19f89d77d3bc7c8f8310ee3ca6c3269297f312ecd44c52ac945511b5b61280,1482,1111,SRC0065
Ds (63).jpg,7760a45aacc6fb7b91dd09dbc86c69dcb4196f100e8bb5e0ae3346464c978b85,4c19f89d77d3bc7c8f8310ee3ca6c3269297f312ecd44c52ac945511b5b61280,1482,1111,SRC0065
Ds (64).jpg,4cf93c76199c4c8288088a46790ccf6663b856d7ac4b8944f169077597363529,b3f45c2da0b9dab77795465c3fc84ffd5c1b9f4e561e968d896cef81a3bb1880,1749,1312,SRC0168
Ds (65).jpg,4cf93c76199c4c8288088a46790ccf6663b856d7ac4b8944f169077597363529,b3f45c2da0b9dab77795465c3fc84ffd5c1b9f4e561e968d896cef81a3bb1880,1749,1312,SRC0168
Ds (66).jpg,4cf93c76199c4c8288088a46790ccf6663b856d7ac4b8944f169077597363529,b3f45c2da0b9dab77795465c3fc84ffd5c1b9f4e561e968d896cef81a3bb1880,1749,1312,SRC0168
Ds (67).jpg,4cf93c76199c4c8288088a46790ccf6663b856d7ac4b8944f169077597363529,b3f45c2da0b9dab77795465c3fc84ffd5c1b9f4e561e968d896cef81a3bb1880,1749,1312,SRC0168
Ds (68).jpg,4cf93c76199c4c8288088a46790ccf6663b856d7ac4b8944f169077597363529,b3f45c2da0b9dab77795465c3fc84ffd5c1b9f4e561e968d896cef81a3bb1880,1749,1312,SRC0168
Ds (69).jpg,4cf93c76199c4c8288088a46790ccf6663b856d7ac4b8944f169077597363529,b3f45c2da0b9dab77795465c3fc84ffd5c1b9f4e561e968d896cef81a3bb1880,1749,1312,SRC0168
Ds (7).jpg,118a5817438d9faa5e6d96044b34e9c033f1a6dfed7daa37366fe9cccb67d205,1eb51a41dca21bd0f8a1c0814f5b30c766b4f2a5269aa8239a30d3ccd372b3c3,1550,1162,SRC0031
Ds (70).jpg,0dd3c5fc400e21151ab9e284b0cd088aa10b4b8ef63da4fa67f94b99ce40ede6,4caf7f47922a510253d923729c50e1559b08d28fa0dd91461db0ddb08995c465,1340,1005,SRC0066
Ds (71).jpg,0dd3c5fc400e21151ab9e284b0cd088aa10b4b8ef63da4fa67f94b99ce40ede6,4caf7f47922a510253d923729c50e1559b08d28fa0dd91461db0ddb08995c465,1340,1005,SRC0066
Ds (72).jpg,0dd3c5fc400e21151ab9e284b0cd088aa10b4b8ef63da4fa67f94b99ce40ede6,4caf7f47922a510253d923729c50e1559b08d28fa0dd91461db0ddb08995c465,1340,1005,SRC0066
Ds (73).jpg,0dd3c5fc400e21151ab9e284b0cd088aa10b4b8ef63da4fa67f94b99ce40ede6,4caf7f47922a510253d923729c50e1559b08d28fa0dd91461db0ddb08995c465,1340,1005,SRC0066
Ds (74).jpg,0dd3c5fc400e21151ab9e284b0cd088aa10b4b8ef63da4fa67f94b99ce40ede6,4caf7f47922a510253d923729c50e1559b08d28fa0dd91461db0ddb08995c465,1340,1005,SRC0066
Ds (75).jpg,0989559ab309b5a9fb5bf9cce8ebcbc2d64ace3cb01799e0fe5b476974ba3d75,4caf7f47922a510253d923729c50e1559b08d28fa0dd91461db0ddb08995c465,1340,1005,SRC0066
Ds (76).jpg,0989559ab309b5a9fb5bf9cce8ebcbc2d64ace3cb01799e0fe5b476974ba3d75,4caf7f47922a510253d923729c50e1559b08d28fa0dd91461db0ddb08995c465,1340,1005,SRC0066
Ds (77).jpg,0989559ab309b5a9fb5bf9cce8ebcbc2d64ace3cb01799e0fe5b476974ba3d75,4caf7f47922a510253d923729c50e1559b08d28fa0dd91461db0ddb08995c465,1340,1005,SRC0066
Ds (78).jpg,0989559ab309b5a9fb5bf9cce8ebcbc2d64ace3cb01799e0fe5b476974ba3d75,4caf7f47922a510253d923729c50e1559b08d28fa0dd91461db0ddb08995c465,1340,1005,SRC0066
Ds (79).png,1d3251ad8d010c7ad806786bdcbfa54ea5c739d4d9077db56aaac2dff237063f,6d491677544fe8aa0b6881c52caf21c93e50cde27b1eef6ffbc5538d33e71f35,243,152,SRC0101
Ds (8).jpg,c897831d0a33441af82068d31638aa06b734202948a05609e71821e666ab4b30,1eb51a41dca21bd0f8a1c0814f5b30c766b4f2a5269aa8239a30d3ccd372b3c3,1550,1162,SRC0031
Ds (80).png,1d3251ad8d010c7ad806786bdcbfa54ea5c739d4d9077db56aaac2dff237063f,6d491677544fe8aa0b6881c52caf21c93e50cde27b1eef6ffbc5538d33e71f35,243,152,SRC0101
Ds (81).png,1d3251ad8d010c7ad806786bdcbfa54ea5c739d4d9077db56aaac2dff237063f,6d491677544fe8aa0b6881c52caf21c93e50cde27b1eef6ffbc5538d33e71f35,243,152,SRC0101
Ds (82).png,1d3251ad8d010c7ad806786bdcbfa54ea5c739d4d9077db56aaac2dff237063f,6d491677544fe8aa0b6881c52caf21c93e50cde27b1eef6ffbc5538d33e71f35,243,152,SRC0101
Ds (83).png,f5c10610b18bc5cf62d8a30ade86119fc37fe591ff8e1b8307c22751f8d1ac6e,36ff6c14d8497dd65f65d0ad003ce66f032214e44021cd4a457ec197f007cebd,152,243,SRC0049
Ds (84).png,1d3251ad8d010c7ad806786bdcbfa54ea5c739d4d9077db56aaac2dff237063f,6d491677544fe8aa0b6881c52caf21c93e50cde27b1eef6ffbc5538d33e71f35,243,152,SRC0101
Ds (85).png,f072f204ff067215691a90603f8ed29281b6edb90af180ba15c0f2c805b8b776,371ea4f81526b6849e11318524c97b904ddc71a4e1ecb0741da70880ac18957c,152,243,SRC0050
Ds (86).png,1d3251ad8d010c7ad806786bdcbfa54ea5c739d4d9077db56aaac2dff237063f,6d491677544fe8aa0b6881c52caf21c93e50cde27b1eef6ffbc5538d33e71f35,243,152,SRC0101
Ds (87).png,f5c10610b18bc5cf62d8a30ade86119fc37fe591ff8e1b8307c22751f8d1ac6e,36ff6c14d8497dd65f65d0ad003ce66f032214e44021cd4a457ec197f007cebd,152,243,SRC0049
Ds (88).png,1d3251ad8d010c7ad806786bdcbfa54ea5c739d4d9077db56aaac2dff237063f,6d491677544fe8aa0b6881c52caf21c93e50cde27b1eef6ffbc5538d33e71f35,243,152,SRC0101
Ds (89).png,f072f204ff067215691a90603f8ed29281b6edb90af180ba15c0f2c805b8b776,371ea4f81526b6849e11318524c97b904ddc71a4e1ecb0741da70880ac18957c,152,243,SRC0050
Ds (9).jpg,118a5817438d9faa5e6d96044b34e9c033f1a6dfed7daa37366fe9cccb67d205,1eb51a41dca21bd0f8a1c0814f5b30c766b4f2a5269aa8239a30d3ccd372b3c3,1550,1162,SRC0031
Ds (90).png,1d3251ad8d010c7ad806786bdcbfa54ea5c739d4d9077db56aaac2dff237063f,6d491677544fe8aa0b6881c52caf21c93e50cde27b1eef6ffbc5538d33e71f35,243,152,SRC0101
Ds (91).png,1d3251ad8d010c7ad806786bdcbfa54ea5c739d4d9077db56aaac2dff237063f,6d491677544fe8aa0b6881c52caf21c93e50cde27b1eef6ffbc5538d33e71f35,243,152,SRC0101
Ds (92).png,1d3251ad8d010c7ad806786bdcbfa54ea5c739d4d9077db56aaac2dff237063f,6d491677544fe8aa0b6881c52caf21c93e50cde27b1eef6ffbc5538d33e71f35,243,152,SRC0101
Ds (93).png,f072f204ff067215691a90603f8ed29281b6edb90af180ba15c0f2c805b8b776,371ea4f81526b6849e11318524c97b904ddc71a4e1ecb0741da70880ac18957c,152,243,SRC0050
Ds (94).png,1d3251ad8d010c7ad806786bdcbfa54ea5c739d4d9077db56aaac2dff237063f,6d491677544fe8aa0b6881c52caf21c93e50cde27b1eef6ffbc5538d33e71f35,243,152,SRC0101
Ds (95).png,f072f204ff067215691a90603f8ed29281b6edb90af180ba15c0f2c805b8b776,371ea4f81526b6849e11318524c97b904ddc71a4e1ecb0741da70880ac18957c,152,243,SRC0050
Ds (96).png,1d3251ad8d010c7ad806786bdcbfa54ea5c739d4d9077db56aaac2dff237063f,6d491677544fe8aa0b6881c52caf21c93e50cde27b1eef6ffbc5538d33e71f35,243,152,SRC0101
Ds (97).png,f5c10610b18bc5cf62d8a30ade86119fc37fe591ff8e1b8307c22751f8d1ac6e,36ff6c14d8497dd65f65d0ad003ce66f032214e44021cd4a457ec197f007cebd,152,243,SRC0049
Ds (98).png,1d3251ad8d010c7ad806786bdcbfa54ea5c739d4d9077db56aaac2dff237063f,6d491677544fe8aa0b6881c52caf21c93e50cde27b1eef6ffbc5538d33e71f35,243,152,SRC0101
Ds (99).png,f072f204ff067215691a90603f8ed29281b6edb90af180ba15c0f2c805b8b776,371ea4f81526b6849e11318524c97b904ddc71a4e1ecb0741da70880ac18957c,152,243,SRC0050
Ej (1).jpg,1bfc6ed84f1f38b4b2ec379c725ffa30f0ee8c1aafbbadb2a17f16cb1c695cfb,be2608c3880a73d03c0edc98f1399febf81052a4f1c888b7fe35466f7e374599,1004,753,SRC0178
Ej (1).png,c2e1d4f85731b84221f3164afc09b22aed6fcd8b7606af9b826a5a21dc040476,07ca5e6fa475b57369a1d16f40f3f9cf4db0b360195c22105adbe4ad5e1ab005,227,147,SRC0006
Ej (10).jpg,1219fc06aee5438d53febc7a21e75097f4100248f0d497d2af92c957093ef97b,de2082330f14c2a788cf94b1ddfa09a3207d6aec06476c0e51aecd93cda7214a,952,714,SRC0211
Ej (10).png,8480db63547b997bb72d09dd1bb65ef9f8ec7bfd4b8d88397d445e35b3a6a9dc,2051b9f27dc9d6b31482afe02fa01eb0947a6eaa08d070b2e266169a04149c81,226,180,SRC0033
Ej (100).png,9cf1521be34bf9bfe5442a1c63127a077c980d6dc895cb641f9164b55548651c,8c24615efc73cef3f73ecd1e491c40fb007492b6b8658f8fc42d2dc6065fc167,208,147,SRC0127
Ej (101).png,1a6a0b01a1e2916de68e8a9d66c1219cc146c5fe54d39d7151bf8b073c9d09af,a89050ff658d9e2f624bd150bad61d4b572f76cf01ca26e4fb3e3f4792519ef8,292,195,SRC0154
Ej (102).png,1a6a0b01a1e2916de68e8a9d66c1219cc146c5fe54d39d7151bf8b073c9d09af,a89050ff658d9e2f624bd150bad61d4b572f76cf01ca26e4fb3e3f4792519ef8,292,195,SRC0154
Ej (103).png,1a6a0b01a1e2916de68e8a9d66c1219cc146c5fe54d39d7151bf8b073c9d09af,a89050ff658d9e2f624bd150bad61d4b572f76cf01ca26e4fb3e3f4792519ef8,292,195,SRC0154
Ej (104).png,0fab99cfeb94e27dc88de6f619fd25f497c36273ccc343a2e04140b19ac8cd4c,78fe444d753728dfcf7d1dbe402743b21669943c552e3e771e316f6eaac28d09,213,168,SRC0112
Ej (105).png,0fab99cfeb94e27dc88de6f619fd25f497c36273ccc343a2e04140b19ac8cd4c,78fe444d753728dfcf7d1dbe402743b21669943c552e3e771e316f6eaac28d09,213,168,SRC0112
Ej (106).png,0fab99cfeb94e27dc88de6f619fd25f497c36273ccc343a2e04140b19ac8cd4c,78fe444d753728dfcf7d1dbe402743b21669943c552e3e771e316f6eaac28d09,213,168,SRC0112
Ej (107).png,0fab99cfeb94e27dc88de6f619fd25f497c36273ccc343a2e04140b19ac8cd4c,78fe444d753728dfcf7d1dbe402743b21669943c552e3e771e316f6eaac28d09,213,168,SRC0112
Ej (108).png,0fab99cfeb94e27dc88de6f619fd25f497c36273ccc343a2e04140b19ac8cd4c,78fe444d753728dfcf7d1dbe402743b21669943c552e3e771e316f6eaac28d09,213,168,SRC0112
Ej (109).png,0fab99cfeb94e27dc88de6f619fd25f497c36273ccc343a2e04140b19ac8cd4c,78fe444d753728dfcf7d1dbe402743b21669943c552e3e771e316f6eaac28d09,213,168,SRC0112
Ej (11).jpg,26c943dbaa3a1a52f909136b4f3a1f7f95938e50353ab5f3c142d2b82ac63e56,008dcf2894693b2c13d575ad4ad9da91fac7cddef15954f3fc0b465b90f12b1a,621,466,SRC0001
Ej (11).png,c7a332ae7efaf6c246750a30db8e9ba248dd5cbe965725b15afac99ebc10c719,df17a9195f46a70f89170aee8ded7414435f345234fc3b2f99ba28bd7e51d242,266,185,SRC0212
Ej (110).png,ed2a3d0ce58c9006a11ff85e66ef344b53188c7310e6aefb1ad65ad241ea51fe,84946b1bacb8cf7be655fefa3faf5d256e74d663472e18c160812d8f4c59e4fe,232,179,SRC0121
Ej (111).png,ed2a3d0ce58c9006a11ff85e66ef344b53188c7310e6aefb1ad65ad241ea51fe,84946b1bacb8cf7be655fefa3faf5d256e74d663472e18c160812d8f4c59e4fe,232,179,SRC0121
Ej (112).png,ed2a3d0ce58c9006a11ff85e66ef344b53188c7310e6aefb1ad65ad241ea51fe,84946b1bacb8cf7be655fefa3faf5d256e74d663472e18c160812d8f4c59e4fe,232,179,SRC0121
Ej (113).png,ed2a3d0ce58c9006a11ff85e66ef344b53188c7310e6aefb1ad65ad241ea51fe,84946b1bacb8cf7be655fefa3faf5d256e74d663472e18c160812d8f4c59e4fe,232,179,SRC0121
Ej (114).png,ed2a3d0ce58c9006a11ff85e66ef344b53188c7310e6aefb1ad65ad241ea51fe,84946b1bacb8cf7be655fefa3faf5d256e74d663472e18c160812d8f4c59e4fe,232,179,SRC0121
Ej (115).png,ed2a3d0ce58c9006a11ff85e66ef344b53188c7310e6aefb1ad65ad241ea51fe,84946b1bacb8cf7be655fefa3faf5d256e74d663472e18c160812d8f4c59e4fe,232,179,SRC0121
Ej (116).png,0fab99cfeb94e27dc88de6f619fd25f497c36273ccc343a2e04140b19ac8cd4c,78fe444d753728dfcf7d1dbe402743b21669943c552e3e771e316f6eaac28d09,213,168,SRC0112
Ej (117).png,0fab99cfeb94e27dc88de6f619fd25f497c36273ccc343a2e04140b19ac8cd4c,78fe444d753728dfcf7d1dbe402743b21669943c552e3e771e316f6eaac28d09,213,168,SRC0112
Ej (118).png,ed2a3d0ce58c9006a11ff85e66ef344b53188c7310e6aefb1ad65ad241ea51fe,84946b1bacb8cf7be655fefa3faf5d256e74d663472e18c160812d8f4c59e4fe,232,179,SRC0121
Ej (119).png,ed2a3d0ce58c9006a11ff85e66ef344b53188c7310e6aefb1ad65ad241ea51fe,84946b1bacb8cf7be655fefa3faf5d256e74d663472e18c160812d8f4c59e4fe,232,179,SRC0121
Ej (12).jpg,26c943dbaa3a1a52f909136b4f3a1f7f95938e50353ab5f3c142d2b82ac63e56,008dcf2894693b2c13d575ad4ad9da91fac7cddef15954f3fc0b465b90f12b1a,621,466,SRC0001
Ej (12).png,c7a332ae7efaf6c246750a30db8e9ba248dd5cbe965725b15afac99ebc10c719,df17a9195f46a70f89170aee8ded7414435f345234fc3b2f99ba28bd7e51d242,266,185,SRC0212
Ej (120).png,3ac2eb8df872e21f852eb3457453ae3c7990fe9f1b640c4bcb3f9576ac2fb9b2,2be6b4c798b1171f32167fe7102df4f315ef1e7eca548b6452ed26859ebf9e48,260,128,SRC0042
Ej (121).png,3ac2eb8df872e21f852eb3457453ae3c7990fe9f1b640c4bcb3f9576ac2fb9b2,2be6b4c798b1171f32167fe7102df4f315ef1e7eca548b6452ed26859ebf9e48,260,128,SRC0042
Ej (122).png,d740f8bd37da93945efeb070c20df9c825d99470e3116a704e9e687f4bbd93dc,a4b10526d53617abcec30db2831131f41702b9f35f3911835aef944725d3d6ed,250,169,SRC0151
Ej (123).png,d740f8bd37da93945efeb070c20df9c825d99470e3116a704e9e687f4bbd93dc,a4b10526d53617abcec30db2831131f41702b9f35f3911835aef944725d3d6ed,250,169,SRC0151
Ej (124).png,d740f8bd37da93945efeb070c20df9c825d99470e3116a704e9e687f4bbd93dc,a4b10526d53617abcec30db2831131f41702b9f35f3911835aef944725d3d6ed,250,169,SRC0151
Ej (125).png,3ac2eb8df872e21f852eb3457453ae3c7990fe9f1b640c4bcb3f9576ac2fb9b2,2be6b4c798b1171f32167fe7102df4f315ef1e7eca548b6452ed26859ebf9e48,260,128,SRC0042
Ej (126).png,3ac2eb8df872e21f852eb3457453ae3c7990fe9f1b640c4bcb3f9576ac2fb9b2,2be6b4c798b1171f32167fe7102df4f315ef1e7eca548b6452ed26859ebf9e48,260,128,SRC0042
Ej (127).png,3ac2eb8df872e21f852eb3457453ae3c7990fe9f1b640c4bcb3f9576ac2fb9b2,2be6b4c798b1171f32167fe7102df4f315ef1e7eca548b6452ed26859ebf9e48,260,128,SRC0042
Ej (128).png,3ac2eb8df872e21f852eb3457453ae3c7990fe9f1b640c4bcb3f9576ac2fb9b2,2be6b4c798b1171f32167fe7102df4f315ef1e7eca548b6452ed26859ebf9e48,260,128,SRC0042
Ej (129).png,d740f8bd37da93945efeb070c20df9c825d99470e3116a704e9e687f4bbd93dc,a4b10526d53617abcec30db2831131f41702b9f35f3911835aef944725d3d6ed,250,169,SRC0151
Ej (13).jpg,26c943dbaa3a1a52f909136b4f3a1f7f95938e50353ab5f3c142d2b82ac63e56,008dcf2894693b2c13d575ad4ad9da91fac7cddef15954f3fc0b465b90f12b1a,621,466,SRC0001
Ej (13).png,c7a332ae7efaf6c246750a30db8e9ba248dd5cbe965725b15afac99ebc10c719,df17a9195f46a70f89170aee8ded7414435f345234fc3b2f99ba28bd7e51d242,266,185,SRC0212
Ej (130).png,566f7f4a24480497aa9a1fd9e736d7317afea5e1603634ecece7590718e03d9d,2eec58e1d7d7deee200d689cde84ed03e3390453c4e01c3d0e0aa363588389fd,214,169,SRC0044
Ej (131).png,566f7f4a24480497aa9a1fd9e736d7317afea5e1603634ecece7590718e03d9d,2eec58e1d7d7deee200d689cde84ed03e3390453c4e01c3d0e0aa363588389fd,214,169,SRC0044
Ej (132).png,566f7f4a24480497aa9a1fd9e736d7317afea5e1603634ecece7590718e03d9d,2eec58e1d7d7deee200d689cde84ed03e3390453c4e01c3d0e0aa363588389fd,214,169,SRC0044
Ej (133).png,b683a51a7fa7b42edef7e36bcbe046f99ded185324feb519a51376a02d8d2cdf,3bb41c4608b8d512a2c783baee146ccf3fd0942141da623c9deaacea31a47b08,264,176,SRC0055
Ej (134).png,b683a51a7fa7b42edef7e36bcbe046f99ded185324feb519a51376a02d8d2cdf,3bb41c4608b8d512a2c783baee146ccf3fd0942141da623c9deaacea31a47b08,264,176,SRC0055
Ej (135).png,b683a51a7fa7b42edef7e36bcbe046f99ded185324feb519a51376a02d8d2cdf,3bb41c4608b8d512a2c783baee146ccf3fd0942141da623c9deaacea31a47b08,264,176,SRC0055
Ej (136).png,b683a51a7fa7b42edef7e36bcbe046f99ded185324feb519a51376a02d8d2cdf,3bb41c4608b8d512a2c783baee146ccf3fd0942141da623c9deaacea31a47b08,264,176,SRC0055
Ej (137).png,b683a51a7fa7b42edef7e36bcbe046f99ded185324feb519a51376a02d8d2cdf,3bb41c4608b8d512a2c783baee146ccf3fd0942141da623c9deaacea31a47b08,264,176,SRC0055
Ej (138).png,b683a51a7fa7b42edef7e36bcbe046f99ded185324feb519a51376a02d8d2cdf,3bb41c4608b8d512a2c783baee146ccf3fd0942141da623c9deaacea31a47b08,264,176,SRC0055
Ej (139).png,4a427c52ec47ab84e4af798f5520d4a02efb5e0c2d85061b863cfcb48996c9e5,7de6656396e55226466e79929876e1f9cb1d96f8f600e014e055b5ed650fd005,212,143,SRC0116
Ej (14).jpg,26c943dbaa3a1a52f909136b4f3a1f7f95938e50353ab5f3c142d2b82ac63e56,008dcf2894693b2c13d575ad4ad9da91fac7cddef15954f3fc0b465b90f12b1a,621,466,SRC0001
Ej (14).png,c7a332ae7efaf6c246750a30db8e9ba248dd5cbe965725b15afac99ebc10c719,df17a9195f46a70f89170aee8ded7414435f345234fc3b2f99ba28bd7e51d242,266,185,SRC0212
Ej (140).png,4a427c52ec47ab84e4af798f5520d4a02efb5e0c2d85061b863cfcb48996c9e5,7de6656396e55226466e79929876e1f9cb1d96f8f600e014e055b5ed650fd005,212,143,SRC0116
Ej (141).png,4a427c52ec47ab84e4af798f5520d4a02efb5e0c2d85061b863cfcb48996c9e5,7de6656396e55226466e79929876e1f9cb1d96f8f600e014e055b5ed650fd005,212,143,SRC0116
Ej (142).png,4a427c52ec47ab84e4af798f5520d4a02efb5e0c2d85061b863cfcb48996c9e5,7de6656396e55226466e79929876e1f9cb1d96f8f600e014e055b5ed650fd005,212,143,SRC0116
Ej (143).png,4a427c52ec47ab84e4af798f5520d4a02efb5e0c2d85061b863cfcb48996c9e5,7de6656396e55226466e79929876e1f9cb1d96f8f600e014e055b5ed650fd005,212,143,SRC0116
Ej (144).png,b683a51a7fa7b42edef7e36bcbe046f99ded185324feb519a51376a02d8d2cdf,3bb41c4608b8d512a2c783baee146ccf3fd0942141da623c9deaacea31a47b08,264,176,SRC0055
Ej (145).png,b683a51a7fa7b42edef7e36bcbe046f99ded185324feb519a51376a02d8d2cdf,3bb41c4608b8d512a2c783baee146ccf3fd0942141da623c9deaacea31a47b08,264,176,SRC0055
Ej (146).png,4a427c52ec47ab84e4af798f5520d4a02efb5e0c2d85061b863cfcb48996c9e5,7de6656396e55226466e79929876e1f9cb1d96f8f600e014e055b5ed650fd005,212,143,SRC0116
Ej (147).png,4a427c52ec47ab84e4af798f5520d4a02efb5e0c2d85061b863cfcb48996c9e5,7de6656396e55226466e79929876e1f9cb1d96f8f600e014e055b5ed650fd005,212,143,SRC0116
Ej (148).png,b51f699713655c1399e298a84ef7b6105c78b762c6a6d9eebef3bd20de6666b4,39a1b07018fad0b62efa032da710efbf07ce3efea5418a0de84156fe6419c06c,261,125,SRC0053
Ej (149).png,b51f699713655c1399e298a84ef7b6105c78b762c6a6d9eebef3bd20de6666b4,39a1b07018fad0b62efa032da710efbf07ce3efea5418a0de84156fe6419c06c,261,125,SRC0053
Ej (15).jpg,2297fe1d2af065c1f98e5f6d624174b274e89d1e222c945a5f17935976f1c0f1,2be1a8e32514f76e9c25db24a9e014b7368f54dd43b3acbc011bdea3c423dc29,1417,1063,SRC0041
Ej (15).png,c7a332ae7efaf6c246750a30db8e9ba248dd5cbe965725b15afac99ebc10c719,df17a9195f46a70f89170aee8ded7414435f345234fc3b2f99ba28bd7e51d242,266,185,SRC0212
Ej (150).png,340b7a02c811d90ddcd98749c4a0a8767b2cc24fc4cd8462a35ae80463e594ca,8a53386bacc188c15719d764064a1d50bd6d52df0eeb8fbd2421666b593e2132,228,134,SRC0125
Ej (16).jpg,2297fe1d2af065c1f98e5f6d624174b274e89d1e222c945a5f17935976f1c0f1,2be1a8e32514f76e9c25db24a9e014b7368f54dd43b3acbc011bdea3c423dc29,1417,1063,SRC0041
Ej (16).png,c7a332ae7efaf6c246750a30db8e9ba248dd5cbe965725b15afac99ebc10c719,df17a9195f46a70f89170aee8ded7414435f345234fc3b2f99ba28bd7e51d242,266,185,SRC0212
Ej (17).jpg,2297fe1d2af065c1f98e5f6d624174b274e89d1e222c945a5f17935976f1c0f1,2be1a8e32514f76e9c25db24a9e014b7368f54dd43b3acbc011bdea3c423dc29,1417,1063,SRC0041
Ej (17).png,905a6915d0bd4c5c4d9066f60bd65522401cac1ecb21fbc5afb2856cf4206b22,e55730bdca89470e92a31a102c82ac8f98cd151e84869795330af6b75639c7fe,343,208,SRC0219
Ej (18).jpg,e29d2c21ec6aa4d447820596fec6f620021004a81c7e03efdb74538df187595f,e53a6ee22ea25269a4d25155f491ac905265a5965b020b53c367a8301c0dc895,1114,836,SRC0218
Ej (18).png,905a6915d0bd4c5c4d9066f60bd65522401cac1ecb21fbc5afb2856cf4206b22,e55730bdca89470e92a31a102c82ac8f98cd151e84869795330af6b75639c7fe,343,208,SRC0219
Ej (19).jpg,e29d2c21ec6aa4d447820596fec6f620021004a81c7e03efdb74538df187595f,e53a6ee22ea25269a4d25155f491ac905265a5965b020b53c367a8301c0dc895,1114,836,SRC0218
Ej (19).png,905a6915d0bd4c5c4d9066f60bd65522401cac1ecb21fbc5afb2856cf4206b22,e55730bdca89470e92a31a102c82ac8f98cd151e84869795330af6b75639c7fe,343,208,SRC0219
Ej (2).jpg,1bfc6ed84f1f38b4b2ec379c725ffa30f0ee8c1aafbbadb2a17f16cb1c695cfb,be2608c3880a73d03c0edc98f1399febf81052a4f1c888b7fe35466f7e374599,1004,753,SRC0178
Ej (2).png,c2e1d4f85731b84221f3164afc09b22aed6fcd8b7606af9b826a5a21dc040476,07ca5e6fa475b57369a1d16f40f3f9cf4db0b360195c22105adbe4ad5e1ab005,227,147,SRC0006
Ej (20).jpg,e29d2c21ec6aa4d447820596fec6f620021004a81c7e03efdb74538df187595f,e53a6ee22ea25269a4d25155f491ac905265a5965b020b53c367a8301c0dc895,1114,836,SRC0218
Ej (20).png,905a6915d0bd4c5c4d9066f60bd65522401cac1ecb21fbc5afb2856cf4206b22,e55730bdca89470e92a31a102c82ac8f98cd151e84869795330af6b75639c7fe,343,208,SRC0219
Ej (21).jpg,e29d2c21ec6aa4d447820596fec6f620021004a81c7e03efdb74538df187595f,e53a6ee22ea25269a4d25155f491ac905265a5965b020b53c367a8301c0dc895,1114,836,SRC0218
Ej (21).png,2ed3b7170c690281e224aed9e3e6653ad4c8925e4a4cc24225ba14f6df256411,5714a55d495bdc89716dd4794372f736d2d79bdd941d57f522db8adb3f4ec6a0,210,122,SRC0074
Ej (22).jpg,058e98a1fbebbe327f030716fd9658773f1a9db4cbf4e8de64cd1e29b9b7d5d8,b8cf5397c0cd56256e25a7f095f914160c2aa569c84e49c6b49c3e6ad8fd61fc,1063,798,SRC0170
Ej (22).png,84ad4818bb26f5d2b56201394bb9667cd7d7372897627c90c8db3a6ad00fac64,d2e8458fd80bba8d356b16772581286d4180d75b8c7fb2564a680a53986bdfc7,233,143,SRC0198
Ej (23).jpg,058e98a1fbebbe327f030716fd9658773f1a9db4cbf4e8de64cd1e29b9b7d5d8,b8cf5397c0cd56256e25a7f095f914160c2aa569c84e49c6b49c3e6ad8fd61fc,1063,798,SRC0170
Ej (23).png,84ad4818bb26f5d2b56201394bb9667cd7d7372897627c90c8db3a6ad00fac64,d2e8458fd80bba8d356b16772581286d4180d75b8c7fb2564a680a53986bdfc7,233,143,SRC0198
Ej (24).jpg,058e98a1fbebbe327f030716fd9658773f1a9db4cbf4e8de64cd1e29b9b7d5d8,b8cf5397c0cd56256e25a7f095f914160c2aa569c84e49c6b49c3e6ad8fd61fc,1063,798,SRC0170
Ej (24).png,84ad4818bb26f5d2b56201394bb9667cd7d7372897627c90c8db3a6ad00fac64,d2e8458fd80bba8d356b16772581286d4180d75b8c7fb2564a680a53986bdfc7,233,143,SRC0198
Ej (25).jpg,8a7a88d48fd90f030678c376589925037d550995042ddc69afe6ed6f6d3028dc,707f014c9f68227e19b14b19e354c5bab29d9018a241d5f4e6be9b64092c86e5,973,730,SRC0103
Ej (25).png,84ad4818bb26f5d2b56201394bb9667cd7d7372897627c90c8db3a6ad00fac64,d2e8458fd80bba8d356b16772581286d4180d75b8c7fb2564a680a53986bdfc7,233,143,SRC0198
Ej (26).jpg,8a7a88d48fd90f030678c376589925037d550995042ddc69afe6ed6f6d3028dc,707f014c9f68227e19b14b19e354c5bab29d9018a241d5f4e6be9b64092c86e5,973,730,SRC0103
Ej (26).png,84ad4818bb26f5d2b56201394bb9667cd7d7372897627c90c8db3a6ad00fac64,d2e8458fd80bba8d356b16772581286d4180d75b8c7fb2564a680a53986bdfc7,233,143,SRC0198
Ej (27).jpg,8a7a88d48fd90f030678c376589925037d550995042ddc69afe6ed6f6d3028dc,707f014c9f68227e19b14b19e354c5bab29d9018a241d5f4e6be9b64092c86e5,973,730,SRC0103
Ej (27).png,2ed3b7170c690281e224aed9e3e6653ad4c8925e4a4cc24225ba14f6df256411,5714a55d495bdc89716dd4794372f736d2d79bdd941d57f522db8adb3f4ec6a0,210,122,SRC0074
Ej (28).jpg,8a7a88d48fd90f030678c376589925037d550995042ddc69afe6ed6f6d3028dc,707f014c9f68227e19b14b19e354c5bab29d9018a241d5f4e6be9b64092c86e5,973,730,SRC0103
Ej (28).png,84ad4818bb26f5d2b56201394bb9667cd7d7372897627c90c8db3a6ad00fac64,d2e8458fd80bba8d356b16772581286d4180d75b8c7fb2564a680a53986bdfc7,233,143,SRC0198
Ej (29).jpg,1952faf2553eb8475dd9f9fb69923edf8fdf44a648407c6ee44300af6d822716,a1a99633d874de4aa93e0409a6d2661fff0ad510c5837c7d7de587289607ad8e,1113,835,SRC0147
Ej (29).png,84ad4818bb26f5d2b56201394bb9667cd7d7372897627c90c8db3a6ad00fac64,d2e8458fd80bba8d356b16772581286d4180d75b8c7fb2564a680a53986bdfc7,233,143,SRC0198
Ej (3).jpg,333eb0aecc2baf5362cef30c8827b99638eb4562d2f2a38e5086496a64268f75,be2608c3880a73d03c0edc98f1399febf81052a4f1c888b7fe35466f7e374599,1004,753,SRC0178
Ej (3).png,192bf3163875fdfacc0ba4654a5c640d6f28c43a3f5e6b9540cf11e1833b373a,0e3764b57080c34301d6fa281e878be5437952e504069a8823a1a4785a5f8d69,301,156,SRC0015
Ej (30).jpg,1952faf2553eb8475dd9f9fb69923edf8fdf44a648407c6ee44300af6d822716,a1a99633d874de4aa93e0409a6d2661fff0ad510c5837c7d7de587289607ad8e,1113,835,SRC0147
Ej (30).png,84ad4818bb26f5d2b56201394bb9667cd7d7372897627c90c8db3a6ad00fac64,d2e8458fd80bba8d356b16772581286d4180d75b8c7fb2564a680a53986bdfc7,233,143,SRC0198
Ej (31).jpg,1952faf2553eb8475dd9f9fb69923edf8fdf44a648407c6ee44300af6d822716,a1a99633d874de4aa93e0409a6d2661fff0ad510c5837c7d7de587289607ad8e,1113,835,SRC0147
Ej (31).png,4b9eda2bfb8c3c1a487a683e46239b6406e1e204563fc86af11d2561b4f00e17,d1832f3fad7f0891e5e15c122e7411b6b91a01c9a6d1769d36658c6d43496a30,186,111,SRC0192
Ej (32).jpg,1952faf2553eb8475dd9f9fb69923edf8fdf44a648407c6ee44300af6d822716,a1a99633d874de4aa93e0409a6d2661fff0ad510c5837c7d7de587289607ad8e,1113,835,SRC0147
Ej (32).png,4b9eda2bfb8c3c1a487a683e46239b6406e1e204563fc86af11d2561b4f00e17,d1832f3fad7f0891e5e15c122e7411b6b91a01c9a6d1769d36658c6d43496a30,186,111,SRC0192
Ej (33).jpg,1e48dc4ea143c84d549bbf8ed1cb6270db4232bd6e709ab014ec92adbf400938,d76bb5fb3b7b324e40ed590eaf4533ad66c695b66b4893428631039be2d5b6ec,1204,903,SRC0205
Ej (33).png,4b9eda2bfb8c3c1a487a683e46239b6406e1e204563fc86af11d2561b4f00e17,d1832f3fad7f0891e5e15c122e7411b6b91a01c9a6d1769d36658c6d43496a30,186,111,SRC0192
Ej (34).jpg,1e48dc4ea143c84d549bbf8ed1cb6270db4232bd6e709ab014ec92adbf400938,d76bb5fb3b7b324e40ed590eaf4533ad66c695b66b4893428631039be2d5b6ec,1204,903,SRC0205
Ej (34).png,4b9eda2bfb8c3c1a487a683e46239b6406e1e204563fc86af11d2561b4f00e17,d1832f3fad7f0891e5e15c122e7411b6b91a01c9a6d1769d36658c6d43496a30,186,111,SRC0192
Ej (35).jpg,1e48dc4ea143c84d549bbf8ed1cb6270db4232bd6e709ab014ec92adbf400938,d76bb5fb3b7b324e40ed590eaf4533ad66c695b66b4893428631039be2d5b6ec,1204,903,SRC0205
Ej (35).png,4b9eda2bfb8c3c1a487a683e46239b6406e1e204563fc86af11d2561b4f00e17,d1832f3fad7f0891e5e15c122e7411b6b91a01c9a6d1769d36658c6d43496a30,186,111,SRC0192
Ej (36).jpg,1e48dc4ea143c84d549bbf8ed1cb6270db4232bd6e709ab014ec92adbf400938,d76bb5fb3b7b324e40ed590eaf4533ad66c695b66b4893428631039be2d5b6ec,1204,903,SRC0205
Ej (36).png,4b9eda2bfb8c3c1a487a683e46239b6406e1e204563fc86af11d2561b4f00e17,d1832f3fad7f0891e5e15c122e7411b6b91a01c9a6d1769d36658c6d43496a30,186,111,SRC0192
Ej (37).jpg,262068dec574d46e3d7c73944651ffcc9ca4d899f251cdedf6fb5c07448d55ef,ba4f1941159a78a31869870194e42ae9b97ac189c4a24b1553bd18dee899d3cc,2274,1705,SRC0172
Ej (37).png,4b9eda2bfb8c3c1a487a683e46239b6406e1e204563fc86af11d2561b4f00e17,d1832f3fad7f0891e5e15c122e7411b6b91a01c9a6d1769d36658c6d43496a30,186,111,SRC0192
Ej (38).jpg,262068dec574d46e3d7c73944651ffcc9ca4d899f251cdedf6fb5c07448d55ef,ba4f1941159a78a31869870194e42ae9b97ac189c4a24b1553bd18dee899d3cc,2274,1705,SRC0172
Ej (38).png,4b9eda2bfb8c3c1a487a683e46239b6406e1e204563fc86af11d2561b4f00e17,d1832f3fad7f0891e5e15c122e7411b6b91a01c9a6d1769d36658c6d43496a30,186,111,SRC0192
Ej (39).jpg,262068dec574d46e3d7c73944651ffcc9ca4d899f251cdedf6fb5c07448d55ef,ba4f1941159a78a31869870194e42ae9b97ac189c4a24b1553bd18dee899d3cc,2274,1705,SRC0172
Ej (39).png,041f5a891da561ef4f161a6c61db85ae658c163ce413fdd0e2bfb12f2a30a16e,93b8f7793750af49bf47a1f21eacc5b40bcb6c3c80cedd994d9ccfa65bbdb167,231,146,SRC0134
Ej (4).jpg,1dc90801cc5c41f2eee0eff1afe2d329bde2c5f2f09dacad17a431de4c818aff,bffa414b11382f99e6337b965d6f48c15ac94c56207c3d51dc0f93d7d12b695d,1196,897,SRC0180
Ej (4).png,192bf3163875fdfacc0ba4654a5c640d6f28c43a3f5e6b9540cf11e1833b373a,0e3764b57080c34301d6fa281e878be5437952e504069a8823a1a4785a5f8d69,301,156,SRC0015
Ej (40).jpg,262068dec574d46e3d7c73944651ffcc9ca4d899f251cdedf6fb5c07448d55ef,ba4f1941159a78a31869870194e42ae9b97ac189c4a24b1553bd18dee899d3cc,2274,1705,SRC0172
Ej (40).png,041f5a891da561ef4f161a6c61db85ae658c163ce413fdd0e2bfb12f2a30a16e,93b8f7793750af49bf47a1f21eacc5b40bcb6c3c80cedd994d9ccfa65bbdb167,231,146,SRC0134
Ej (41).jpg,dfb3d47b8ee12cf42576d4a46d183f4dc6cc6a8c6efbf8a21fd9aa559524c2e8,d6fa31d2346bcb5cc25af55e7987a9e27ac62eba0c873925401106e1f63c93fc,2010,1507,SRC0204
Ej (41).png,041f5a891da561ef4f161a6c61db85ae658c163ce413fdd0e2bfb12f2a30a16e,93b8f7793750af49bf47a1f21eacc5b40bcb6c3c80cedd994d9ccfa65bbdb167,231,146,SRC0134
Ej (42).jpg,dfb3d47b8ee12cf42576d4a46d183f4dc6cc6a8c6efbf8a21fd9aa559524c2e8,d6fa31d2346bcb5cc25af55e7987a9e27ac62eba0c873925401106e1f63c93fc,2010,1507,SRC0204
Ej (42).png,041f5a891da561ef4f161a6c61db85ae658c163ce413fdd0e2bfb12f2a30a16e,93b8f7793750af49bf47a1f21eacc5b40bcb6c3c80cedd994d9ccfa65bbdb167,231,146,SRC0134
Ej (43).jpg,dfb3d47b8ee12cf42576d4a46d183f4dc6cc6a8c6efbf8a21fd9aa559524c2e8,d6fa31d2346bcb5cc25af55e7987a9e27ac62eba0c873925401106e1f63c93fc,2010,1507,SRC0204
Ej (43).png,ef0658fff3630472008ff3ab484eb96d5d4d35677ea4b1f3db0bc23ee76a39a5,a89068e0ec6bff5c55faabcabb5f140c4decc4c764bb683b45b80610977b8568,229,170,SRC0155
Ej (44).jpg,3a51afd63c4f490b7dfdba937910940f3b8df9958515137b2cc61790c093618b,9fb749d635c0a45713998481fdc0b2ba89ed1e80bceb95b4ab2bca4952f0a99a,1504,1128,SRC0145
Ej (44).png,ef0658fff3630472008ff3ab484eb96d5d4d35677ea4b1f3db0bc23ee76a39a5,a89068e0ec6bff5c55faabcabb5f140c4decc4c764bb683b45b80610977b8568,229,170,SRC0155
Ej (45).jpg,3a51afd63c4f490b7dfdba937910940f3b8df9958515137b2cc61790c093618b,9fb749d635c0a45713998481fdc0b2ba89ed1e80bceb95b4ab2bca4952f0a99a,1504,1128,SRC0145
Ej (45).png,ef0658fff3630472008ff3ab484eb96d5d4d35677ea4b1f3db0bc23ee76a39a5,a89068e0ec6bff5c55faabcabb5f140c4decc4c764bb683b45b80610977b8568,229,170,SRC0155
Ej (46).png,ef0658fff3630472008ff3ab484eb96d5d4d35677ea4b1f3db0bc23ee76a39a5,a89068e0ec6bff5c55faabcabb5f140c4decc4c764bb683b45b80610977b8568,229,170,SRC0155
Ej (47).png,994c0affa5a33db23981aa66fb8521f1e18724f0848b1b40542bb726e358307c,c4a788e9986c211ce28495f92dff66848ad4e84d70021a5a72262921f717bc2f,271,155,SRC0185
Ej (48).png,994c0affa5a33db23981aa66fb8521f1e18724f0848b1b40542bb726e358307c,c4a788e9986c211ce28495f92dff66848ad4e84d70021a5a72262921f717bc2f,271,155,SRC0185
Ej (49).png,994c0affa5a33db23981aa66fb8521f1e18724f0848b1b40542bb726e358307c,c4a788e9986c211ce28495f92dff66848ad4e84d70021a5a72262921f717bc2f,271,155,SRC0185
Ej (5).jpg,1dc90801cc5c41f2eee0eff1afe2d329bde2c5f2f09dacad17a431de4c818aff,bffa414b11382f99e6337b965d6f48c15ac94c56207c3d51dc0f93d7d12b695d,1196,897,SRC0180
Ej (5).png,192bf3163875fdfacc0ba4654a5c640d6f28c43a3f5e6b9540cf11e1833b373a,0e3764b57080c34301d6fa281e878be5437952e504069a8823a1a4785a5f8d69,301,156,SRC0015
Ej (50).png,994c0affa5a33db23981aa66fb8521f1e18724f0848b1b40542bb726e358307c,c4a788e9986c211ce28495f92dff66848ad4e84d70021a5a72262921f717bc2f,271,155,SRC0185
Ej (51).png,994c0affa5a33db23981aa66fb8521f1e18724f0848b1b40542bb726e358307c,c4a788e9986c211ce28495f92dff66848ad4e84d70021a5a72262921f717bc2f,271,155,SRC0185
Ej (52).png,994c0affa5a33db23981aa66fb8521f1e18724f0848b1b40542bb726e358307c,c4a788e9986c211ce28495f92dff66848ad4e84d70021a5a72262921f717bc2f,271,155,SRC0185
Ej (53).png,994c0affa5a33db23981aa66fb8521f1e18724f0848b1b40542bb726e358307c,c4a788e9986c211ce28495f92dff66848ad4e84d70021a5a72262921f717bc2f,271,155,SRC0185
Ej (54).png,994c0affa5a33db23981aa66fb8521f1e18724f0848b1b40542bb726e358307c,c4a788e9986c211ce28495f92dff66848ad4e84d70021a5a72262921f717bc2f,271,155,SRC0185
Ej (55).png,749914c2221d5b2aaac6dad974b7fb7083be21a7f738748727ceb3eff1dd5644,fb14cc1dbfce3a4a4da8a397703332e33c9f367203b33714a33e15d27cdbb283,165,80,SRC0233
Ej (56).png,749914c2221d5b2aaac6dad974b7fb7083be21a7f738748727ceb3eff1dd5644,fb14cc1dbfce3a4a4da8a397703332e33c9f367203b33714a33e15d27cdbb283,165,80,SRC0233
Ej (57).png,749914c2221d5b2aaac6dad974b7fb7083be21a7f738748727ceb3eff1dd5644,fb14cc1dbfce3a4a4da8a397703332e33c9f367203b33714a33e15d27cdbb283,165,80,SRC0233
Ej (58).png,749914c2221d5b2aaac6dad974b7fb7083be21a7f738748727ceb3eff1dd5644,fb14cc1dbfce3a4a4da8a397703332e33c9f367203b33714a33e15d27cdbb283,165,80,SRC0233
Ej (59).png,749914c2221d5b2aaac6dad974b7fb7083be21a7f738748727ceb3eff1dd5644,fb14cc1dbfce3a4a4da8a397703332e33c9f367203b33714a33e15d27cdbb283,165,80,SRC0233
Ej (6).jpg,1dc90801cc5c41f2eee0eff1afe2d329bde2c5f2f09dacad17a431de4c818aff,bffa414b11382f99e6337b965d6f48c15ac94c56207c3d51dc0f93d7d12b695d,1196,897,SRC0180
Ej (6).png,192bf3163875fdfacc0ba4654a5c640d6f28c43a3f5e6b9540cf11e1833b373a,0e3764b57080c34301d6fa281e878be5437952e504069a8823a1a4785a5f8d69,301,156,SRC0015
Ej (60).png,749914c2221d5b2aaac6dad974b7fb7083be21a7f738748727ceb3eff1dd5644,fb14cc1dbfce3a4a4da8a397703332e33c9f367203b33714a33e15d27cdbb283,165,80,SRC0233
Ej (61).png,749914c2221d5b2aaac6dad974b7fb7083be21a7f738748727ceb3eff1dd5644,fb14cc1dbfce3a4a4da8a397703332e33c9f367203b33714a33e15d27cdbb283,165,80,SRC0233
Ej (62).png,749914c2221d5b2aaac6dad974b7fb7083be21a7f738748727ceb3eff1dd5644,fb14cc1dbfce3a4a4da8a397703332e33c9f367203b33714a33e15d27cdbb283,165,80,SRC0233
Ej (63).png,b683a51a7fa7b42edef7e36bcbe046f99ded185324feb519a51376a02d8d2cdf,3bb41c4608b8d512a2c783baee146ccf3fd0942141da623c9deaacea31a47b08,264,176,SRC0055
Ej (64).png,b683a51a7fa7b42edef7e36bcbe046f99ded185324feb519a51376a02d8d2cdf,3bb41c4608b8d512a2c783baee146ccf3fd0942141da623c9deaacea31a47b08,264,176,SRC0055
Ej (65).png,b683a51a7fa7b42edef7e36bcbe046f99ded185324feb519a51376a02d8d2cdf,3bb41c4608b8d512a2c783baee146ccf3fd0942141da623c9deaacea31a47b08,264,176,SRC0055
Ej (66).png,b683a51a7fa7b42edef7e36bcbe046f99ded185324feb519a51376a02d8d2cdf,3bb41c4608b8d512a2c783baee146ccf3fd0942141da623c9deaacea31a47b08,264,176,SRC0055
Ej (67).png,b683a51a7fa7b42edef7e36bcbe046f99ded185324feb519a51376a02d8d2cdf,3bb41c4608b8d512a2c783baee146ccf3fd0942141da623c9deaacea31a47b08,264,176,SRC0055
Ej (68).png,b683a51a7fa7b42edef7e36bcbe046f99ded185324feb519a51376a02d8d2cdf,3bb41c4608b8d512a2c783baee146ccf3fd0942141da623c9deaacea31a47b08,264,176,SRC0055
Ej (69).png,b683a51a7fa7b42edef7e36bcbe046f99ded185324feb519a51376a02d8d2cdf,3bb41c4608b8d512a2c783baee146ccf3fd0942141da623c9deaacea31a47b08,264,176,SRC0055
Ej (7).jpg,1219fc06aee5438d53febc7a21e75097f4100248f0d497d2af92c957093ef97b,de2082330f14c2a788cf94b1ddfa09a3207d6aec06476c0e51aecd93cda7214a,952,714,SRC0211
Ej (7).png,8480db63547b997bb72d09dd1bb65ef9f8ec7bfd4b8d88397d445e35b3a6a9dc,2051b9f27dc9d6b31482afe02fa01eb0947a6eaa08d070b2e266169a04149c81,226,180,SRC0033
Ej (70).png,b683a51a7fa7b42edef7e36bcbe046f99ded185324feb519a51376a02d8d2cdf,3bb41c4608b8d512a2c783baee146ccf3fd0942141da623c9deaacea31a47b08,264,176,SRC0055
Ej (71).png,4a427c52ec47ab84e4af798f5520d4a02efb5e0c2d85061b863cfcb48996c9e5,7de6656396e55226466e79929876e1f9cb1d96f8f600e014e055b5ed650fd005,212,143,SRC0116
Ej (72).png,4a427c52ec47ab84e4af798f5520d4a02efb5e0c2d85061b863cfcb48996c9e5,7de6656396e55226466e79929876e1f9cb1d96f8f600e014e055b5ed650fd005,212,143,SRC0116
Ej (73).png,4a427c52ec47ab84e4af798f5520d4a02efb5e0c2d85061b863cfcb48996c9e5,7de6656396e55226466e79929876e1f9cb1d96f8f600e014e055b5ed650fd005,212,143,SRC0116
Ej (74).png,4a427c52ec47ab84e4af798f5520d4a02efb5e0c2d85061b863cfcb48996c9e5,7de6656396e55226466e79929876e1f9cb1d96f8f600e014e055b5ed650fd005,212,143,SRC0116
Ej (75).png,4a427c52ec47ab84e4af798f5520d4a02efb5e0c2d85061b863cfcb48996c9e5,7de6656396e55226466e79929876e1f9cb1d96f8f600e014e055b5ed650fd005,212,143,SRC0116
Ej (76).png,4a427c52ec47ab84e4af798f5520d4a02efb5e0c2d85061b863cfcb48996c9e5,7de6656396e55226466e79929876e1f9cb1d96f8f600e014e055b5ed650fd005,212,143,SRC0116
Ej (77).png,4a427c52ec47ab84e4af798f5520d4a02efb5e0c2d85061b863cfcb48996c9e5,7de6656396e55226466e79929876e1f9cb1d96f8f600e014e055b5ed650fd005,212,143,SRC0116
Ej (78).png,4a427c52ec47ab84e4af798f5520d4a02efb5e0c2d85061b863cfcb48996c9e5,7de6656396e55226466e79929876e1f9cb1d96f8f600e014e055b5ed650fd005,212,143,SRC0116
Ej (79).png,052c6c079342d55108551268f06d994c88956ff35635e2c5e5b17f5f3f895fdc,dddaeb5b990c6bfb225abc26e49106965b004caad7c921a0696c02494deb8793,225,163,SRC0210
Ej (8).jpg,1219fc06aee5438d53febc7a21e75097f4100248f0d497d2af92c957093ef97b,de2082330f14c2a788cf94b1ddfa09a3207d6aec06476c0e51aecd93cda7214a,952,714,SRC0211
Ej (8).png,8480db63547b997bb72d09dd1bb65ef9f8ec7bfd4b8d88397d445e35b3a6a9dc,2051b9f27dc9d6b31482afe02fa01eb0947a6eaa08d070b2e266169a04149c81,226,180,SRC0033
Ej (80).png,052c6c079342d55108551268f06d994c88956ff35635e2c5e5b17f5f3f895fdc,dddaeb5b990c6bfb225abc26e49106965b004caad7c921a0696c02494deb8793,225,163,SRC0210
Ej (81).png,052c6c079342d55108551268f06d994c88956ff35635e2c5e5b17f5f3f895fdc,dddaeb5b990c6bfb225abc26e49106965b004caad7c921a0696c02494deb8793,225,163,SRC0210
Ej (82).png,052c6c079342d55108551268f06d994c88956ff35635e2c5e5b17f5f3f895fdc,dddaeb5b990c6bfb225abc26e49106965b004caad7c921a0696c02494deb8793,225,163,SRC0210
Ej (83).png,052c6c079342d55108551268f06d994c88956ff35635e2c5e5b17f5f3f895fdc,dddaeb5b990c6bfb225abc26e49106965b004caad7c921a0696c02494deb8793,225,163,SRC0210
Ej (84).png,052c6c079342d55108551268f06d994c88956ff35635e2c5e5b17f5f3f895fdc,dddaeb5b990c6bfb225abc26e49106965b004caad7c921a0696c02494deb8793,225,163,SRC0210
Ej (85).png,052c6c079342d55108551268f06d994c88956ff35635e2c5e5b17f5f3f895fdc,dddaeb5b990c6bfb225abc26e49106965b004caad7c921a0696c02494deb8793,225,163,SRC0210
Ej (86).png,052c6c079342d55108551268f06d994c88956ff35635e2c5e5b17f5f3f895fdc,dddaeb5b990c6bfb225abc26e49106965b004caad7c921a0696c02494deb8793,225,163,SRC0210
Ej (87).png,2ed3b7170c690281e224aed9e3e6653ad4c8925e4a4cc24225ba14f6df256411,5714a55d495bdc89716dd4794372f736d2d79bdd941d57f522db8adb3f4ec6a0,210,122,SRC0074
Ej (88).png,2ed3b7170c690281e224aed9e3e6653ad4c8925e4a4cc24225ba14f6df256411,5714a55d495bdc89716dd4794372f736d2d79bdd941d57f522db8adb3f4ec6a0,210,122,SRC0074
Ej (89).png,2ed3b7170c690281e224aed9e3e6653ad4c8925e4a4cc24225ba14f6df256411,5714a55d495bdc89716dd4794372f736d2d79bdd941d57f522db8adb3f4ec6a0,210,122,SRC0074
Ej (9).jpg,1219fc06aee5438d53febc7a21e75097f4100248f0d497d2af92c957093ef97b,de2082330f14c2a788cf94b1ddfa09a3207d6aec06476c0e51aecd93cda7214a,952,714,SRC0211
Ej (9).png,8480db63547b997bb72d09dd1bb65ef9f8ec7bfd4b8d88397d445e35b3a6a9dc,2051b9f27dc9d6b31482afe02fa01eb0947a6eaa08d070b2e266169a04149c81,226,180,SRC0033
Ej (90).png,b51f699713655c1399e298a84ef7b6105c78b762c6a6d9eebef3bd20de6666b4,39a1b07018fad0b62efa032da710efbf07ce3efea5418a0de84156fe6419c06c,261,125,SRC0053
Ej (91).png,b51f699713655c1399e298a84ef7b6105c78b762c6a6d9eebef3bd20de6666b4,39a1b07018fad0b62efa032da710efbf07ce3efea5418a0de84156fe6419c06c,261,125,SRC0053
Ej (92).png,b51f699713655c1399e298a84ef7b6105c78b762c6a6d9eebef3bd20de6666b4,39a1b07018fad0b62efa032da710efbf07ce3efea5418a0de84156fe6419c06c,261,125,SRC0053
Ej (93).png,b51f699713655c1399e298a84ef7b6105c78b762c6a6d9eebef3bd20de6666b4,39a1b07018fad0b62efa032da710efbf07ce3efea5418a0de84156fe6419c06c,261,125,SRC0053
Ej (94).png,b51f699713655c1399e298a84ef7b6105c78b762c6a6d9eebef3bd20de6666b4,39a1b07018fad0b62efa032da710efbf07ce3efea5418a0de84156fe6419c06c,261,125,SRC0053
Ej (95).png,b51f699713655c1399e298a84ef7b6105c78b762c6a6d9eebef3bd20de6666b4,39a1b07018fad0b62efa032da710efbf07ce3efea5418a0de84156fe6419c06c,261,125,SRC0053
Ej (96).png,b51f699713655c1399e298a84ef7b6105c78b762c6a6d9eebef3bd20de6666b4,39a1b07018fad0b62efa032da710efbf07ce3efea5418a0de84156fe6419c06c,261,125,SRC0053
Ej (97).png,9cf1521be34bf9bfe5442a1c63127a077c980d6dc895cb641f9164b55548651c,8c24615efc73cef3f73ecd1e491c40fb007492b6b8658f8fc42d2dc6065fc167,208,147,SRC0127
Ej (98).png,9cf1521be34bf9bfe5442a1c63127a077c980d6dc895cb641f9164b55548651c,8c24615efc73cef3f73ecd1e491c40fb007492b6b8658f8fc42d2dc6065fc167,208,147,SRC0127
Ej (99).png,9cf1521be34bf9bfe5442a1c63127a077c980d6dc895cb641f9164b55548651c,8c24615efc73cef3f73ecd1e491c40fb007492b6b8658f8fc42d2dc6065fc167,208,147,SRC0127
K (1).jpg,e06d0d425d020855c45f1edffd33783c79d518392288a0a4eed338492c5aeb3c,9e2bc47782e6d66cbe757e1c067db8fecd05a6c11a82ac67dcbca4df37b67a1a,1018,764,SRC0142
K (1).png,f0d17586cf780a5fbe5b77ebd37bec5f37040436ab7e04d615b53be4cb71215b,28c032f6539d05794218dd3cf74527703d4e34bfc9cf75d61787393dfac62e2c,185,142,SRC0039
K (10).jpg,2c15136f56435051cd23bcdaa88ceddbc791bd13fa1041f717c5b90e747f16c6,37f8fcbdcd5eb4e094d8bb170eb8481a56e73ce6a14d1033b4aa7b27ff80ac34,580,436,SRC0052
K (10).png,486650947e68ff0b3897717d28ad1949d574bf42404f9b32586926cbeb9014fc,14fa3d0b8c415d9e74e830e08b7b7c90882de31d793baf8d4dad18aa8f4aa2e2,253,93,SRC0020
K (100).png,e95749ab4a50f07a2e1fddf0c895030afca1426314b16677697ad9efcb80ab0f,9e44391b17333c04da623bef5873675b7369ef68b65acfe1430a41bc23486114,149,112,SRC0143
K (101).png,91e66aa1ac627bc1293395b7625fc639f07c8d5b730d03ecb3c2cdad48f39a0a,3c57e5cfa5a921ad001501b0c33424715c894ee9a0d3a22447e98c77aa287156,176,100,SRC0056
K (102).png,91e66aa1ac627bc1293395b7625fc639f07c8d5b730d03ecb3c2cdad48f39a0a,3c57e5cfa5a921ad001501b0c33424715c894ee9a0d3a22447e98c77aa287156,176,100,SRC0056
K (103).png,91e66aa1ac627bc1293395b7625fc639f07c8d5b730d03ecb3c2cdad48f39a0a,3c57e5cfa5a921ad001501b0c33424715c894ee9a0d3a22447e98c77aa287156,176,100,SRC0056
K (104).png,91e66aa1ac627bc1293395b7625fc639f07c8d5b730d03ecb3c2cdad48f39a0a,3c57e5cfa5a921ad001501b0c33424715c894ee9a0d3a22447e98c77aa287156,176,100,SRC0056
K (105).png,a83b29de08a909404ab827ef25606d47388fed46a08d9e40f7bfdae432c16e8b,ac1d3085997068a5d2a9c79868cca525f9d47405cb21d01c3ba375ee0ec7c67c,278,128,SRC0160
K (106).png,a83b29de08a909404ab827ef25606d47388fed46a08d9e40f7bfdae432c16e8b,ac1d3085997068a5d2a9c79868cca525f9d47405cb21d01c3ba375ee0ec7c67c,278,128,SRC0160
K (107).png,a83b29de08a909404ab827ef25606d47388fed46a08d9e40f7bfdae432c16e8b,ac1d3085997068a5d2a9c79868cca525f9d47405cb21d01c3ba375ee0ec7c67c,278,128,SRC0160
K (108).png,a83b29de08a909404ab827ef25606d47388fed46a08d9e40f7bfdae432c16e8b,ac1d3085997068a5d2a9c79868cca525f9d47405cb21d01c3ba375ee0ec7c67c,278,128,SRC0160
K (109).png,e8241f146cc15055d15b3bd16447214ef7458c78d200d6424d6146f14a204fa2,1f4a5dba120f0547358f21f5f526b5135c2f8e580fe0d5143dcb500cded76ee5,180,61,SRC0032
K (11).jpg,2c15136f56435051cd23bcdaa88ceddbc791bd13fa1041f717c5b90e747f16c6,37f8fcbdcd5eb4e094d8bb170eb8481a56e73ce6a14d1033b4aa7b27ff80ac34,580,436,SRC0052
K (11).png,486650947e68ff0b3897717d28ad1949d574bf42404f9b32586926cbeb9014fc,14fa3d0b8c415d9e74e830e08b7b7c90882de31d793baf8d4dad18aa8f4aa2e2,253,93,SRC0020
K (110).png,e8241f146cc15055d15b3bd16447214ef7458c78d200d6424d6146f14a204fa2,1f4a5dba120f0547358f21f5f526b5135c2f8e580fe0d5143dcb500cded76ee5,180,61,SRC0032
K (111).png,e8241f146cc15055d15b3bd16447214ef7458c78d200d6424d6146f14a204fa2,1f4a5dba120f0547358f21f5f526b5135c2f8e580fe0d5143dcb500cded76ee5,180,61,SRC0032
K (112).png,e8241f146cc15055d15b3bd16447214ef7458c78d200d6424d6146f14a204fa2,1f4a5dba120f0547358f21f5f526b5135c2f8e580fe0d5143dcb500cded76ee5,180,61,SRC0032
K (113).png,4192c90e5ba204287f86831db38d1527a4397e5dfc4032f2eed6c2989b604f6e,a151a9e5e52191f5e97b51e7933f1c70c235c54d3f577442e3be6ad7274ee6f6,219,150,SRC0146
K (114).png,4192c90e5ba204287f86831db38d1527a4397e5dfc4032f2eed6c2989b604f6e,a151a9e5e52191f5e97b51e7933f1c70c235c54d3f577442e3be6ad7274ee6f6,219,150,SRC0146
K (115).png,4192c90e5ba204287f86831db38d1527a4397e5dfc4032f2eed6c2989b604f6e,a151a9e5e52191f5e97b51e7933f1c70c235c54d3f577442e3be6ad7274ee6f6,219,150,SRC0146
K (116).png,4192c90e5ba204287f86831db38d1527a4397e5dfc4032f2eed6c2989b604f6e,a151a9e5e52191f5e97b51e7933f1c70c235c54d3f577442e3be6ad7274ee6f6,219,150,SRC0146
K (117).png,903c520364485f2805292d540e5c058dd1a9aa5f0784ff8cfe5b95387d3e488b,01cc228b19c1f1b7f64402262ff3a605e5df76ebfd8932e6a85051539c702c93,249,160,SRC0002
K (118).png,903c520364485f2805292d540e5c058dd1a9aa5f0784ff8cfe5b95387d3e488b,01cc228b19c1f1b7f64402262ff3a605e5df76ebfd8932e6a85051539c702c93,249,160,SRC0002
K (119).png,903c520364485f2805292d540e5c058dd1a9aa5f0784ff8cfe5b95387d3e488b,01cc228b19c1f1b7f64402262ff3a605e5df76ebfd8932e6a85051539c702c93,249,160,SRC0002
K (12).jpg,2c15136f56435051cd23bcdaa88ceddbc791bd13fa1041f717c5b90e747f16c6,37f8fcbdcd5eb4e094d8bb170eb8481a56e73ce6a14d1033b4aa7b27ff80ac34,580,436,SRC0052
K (12).png,486650947e68ff0b3897717d28ad1949d574bf42404f9b32586926cbeb9014fc,14fa3d0b8c415d9e74e830e08b7b7c90882de31d793baf8d4dad18aa8f4aa2e2,253,93,SRC0020
K (120).png,903c520364485f2805292d540e5c058dd1a9aa5f0784ff8cfe5b95387d3e488b,01cc228b19c1f1b7f64402262ff3a605e5df76ebfd8932e6a85051539c702c93,249,160,SRC0002
K (121).png,48168695dd073f6974f73e51b9696e00b2489fe7daaed9edf2ff9d942b580c50,4fea587db2d04e6361571c9f3f175764f0d3f135aa01b08f923ddaa711747a53,233,152,SRC0068
K (122).png,48168695dd073f6974f73e51b9696e00b2489fe7daaed9edf2ff9d942b580c50,4fea587db2d04e6361571c9f3f175764f0d3f135aa01b08f923ddaa711747a53,233,152,SRC0068
K (123).png,48168695dd073f6974f73e51b9696e00b2489fe7daaed9edf2ff9d942b580c50,4fea587db2d04e6361571c9f3f175764f0d3f135aa01b08f923ddaa711747a53,233,152,SRC0068
K (124).png,48168695dd073f6974f73e51b9696e00b2489fe7daaed9edf2ff9d942b580c50,4fea587db2d04e6361571c9f3f175764f0d3f135aa01b08f923ddaa711747a53,233,152,SRC0068
K (125).png,4a13035f85782feda90abd875121a46c2a00762fa5f95a79b80c1edae9cc59f8,73b6931c9266367d39e880d6ba9f4855ce6d916ed4a25acab6b830f7ae2889ad,184,151,SRC0107
K (126).png,4a13035f85782feda90abd875121a46c2a00762fa5f95a79b80c1edae9cc59f8,73b6931c9266367d39e880d6ba9f4855ce6d916ed4a25acab6b830f7ae2889ad,184,151,SRC0107
K (127).png,4a13035f85782feda90abd875121a46c2a00762fa5f95a79b80c1edae9cc59f8,73b6931c9266367d39e880d6ba9f4855ce6d916ed4a25acab6b830f7ae2889ad,184,151,SRC0107
K (128).png,4a13035f85782feda90abd875121a46c2a00762fa5f95a79b80c1edae9cc59f8,73b6931c9266367d39e880d6ba9f4855ce6d916ed4a25acab6b830f7ae2889ad,184,151,SRC0107
K (129).png,837f38b48218b01d0b67e46a9440afcf1082ce7407b618d8206daa675c0bfa9e,339806d265fd09a6fbe4c18f31274821bdeed6825c0ae740ea9b3c64b049d357,230,138,SRC0046
K (13).jpg,6be796081299018bbffa59eb9d3d7a34452501a24c708ce169653488fb58b393,441b10e8f33d9695341f6a8d56c716fd3afe8366be49b0105fd0c9c12d33e85a,923,692,SRC0060
K (13).png,5c05e415875c8742f3075cdc379b8462fffca537a5ed49225583529f1743fdeb,6060dd842265507be58990cea81067f399e567ad320e05a69bad84b1c150a6fe,141,113,SRC0085
K (130).png,837f38b48218b01d0b67e46a9440afcf1082ce7407b618d8206daa675c0bfa9e,339806d265fd09a6fbe4c18f31274821bdeed6825c0ae740ea9b3c64b049d357,230,138,SRC0046
K (131).png,837f38b48218b01d0b67e46a9440afcf1082ce7407b618d8206daa675c0bfa9e,339806d265fd09a6fbe4c18f31274821bdeed6825c0ae740ea9b3c64b049d357,230,138,SRC0046
K (132).png,837f38b48218b01d0b67e46a9440afcf1082ce7407b618d8206daa675c0bfa9e,339806d265fd09a6fbe4c18f31274821bdeed6825c0ae740ea9b3c64b049d357,230,138,SRC0046
K (133).png,353406ed65d51b84b34a662c701f3064aced24bdab7fefbc4cca5d5d897c1965,8f243d41aa7253b9097f30bb4776ee05bee6d5ac2353883644e504ed494e397e,147,126,SRC0129
K (134).png,353406ed65d51b84b34a662c701f3064aced24bdab7fefbc4cca5d5d897c1965,8f243d41aa7253b9097f30bb4776ee05bee6d5ac2353883644e504ed494e397e,147,126,SRC0129
K (135).png,353406ed65d51b84b34a662c701f3064aced24bdab7fefbc4cca5d5d897c1965,8f243d41aa7253b9097f30bb4776ee05bee6d5ac2353883644e504ed494e397e,147,126,SRC0129
K (136).png,353406ed65d51b84b34a662c701f3064aced24bdab7fefbc4cca5d5d897c1965,8f243d41aa7253b9097f30bb4776ee05bee6d5ac2353883644e504ed494e397e,147,126,SRC0129
K (137).png,33a98dc76413bbac306a9d24a55b1432feb59dd70f313ec8bbb7c63fdb26de13,f5f9654758ed1c85ece35d46648978a46d7909a6dfd807e22ed5a403aa3bfade,149,132,SRC0229
K (138).png,33a98dc76413bbac306a9d24a55b1432feb59dd70f313ec8bbb7c63fdb26de13,f5f9654758ed1c85ece35d46648978a46d7909a6dfd807e22ed5a403aa3bfade,149,132,SRC0229
K (139).png,33a98dc76413bbac306a9d24a55b1432feb59dd70f313ec8bbb7c63fdb26de13,f5f9654758ed1c85ece35d46648978a46d7909a6dfd807e22ed5a403aa3bfade,149,132,SRC0229
K (14).jpg,6be796081299018bbffa59eb9d3d7a34452501a24c708ce169653488fb58b393,441b10e8f33d9695341f6a8d56c716fd3afe8366be49b0105fd0c9c12d33e85a,923,692,SRC0060
K (14).png,5c05e415875c8742f3075cdc379b8462fffca537a5ed49225583529f1743fdeb,6060dd842265507be58990cea81067f399e567ad320e05a69bad84b1c150a6fe,141,113,SRC0085
K (140).png,33a98dc76413bbac306a9d24a55b1432feb59dd70f313ec8bbb7c63fdb26de13,f5f9654758ed1c85ece35d46648978a46d7909a6dfd807e22ed5a403aa3bfade,149,132,SRC0229
K (141).png,1afacae7743894a0ce79fb065d2e77a81286a7cf2a11967a1e8626f0310cde3c,9e72ea65dc1e9d88569c8e244bf4ba865fdf8338df803822aebbb5469150ff9c,137,138,SRC0144
K (142).png,1afacae7743894a0ce79fb065d2e77a81286a7cf2a11967a1e8626f0310cde3c,9e72ea65dc1e9d88569c8e244bf4ba865fdf8338df803822aebbb5469150ff9c,137,138,SRC0144
K (143).png,1afacae7743894a0ce79fb065d2e77a81286a7cf2a11967a1e8626f0310cde3c,9e72ea65dc1e9d88569c8e244bf4ba865fdf8338df803822aebbb5469150ff9c,137,138,SRC0144
K (144).png,1afacae7743894a0ce79fb065d2e77a81286a7cf2a11967a1e8626f0310cde3c,9e72ea65dc1e9d88569c8e244bf4ba865fdf8338df803822aebbb5469150ff9c,137,138,SRC0144
K (145).png,32208830ef746e2f0c1928883f4dc541c6493e07e614e799314d58ad15bdbfc1,1ce7c199ef319293388e0b0ba902b5e3f329d27f6566d7e07fc17e1bedd7215a,227,147,SRC0030
K (146).png,32208830ef746e2f0c1928883f4dc541c6493e07e614e799314d58ad15bdbfc1,1ce7c199ef319293388e0b0ba902b5e3f329d27f6566d7e07fc17e1bedd7215a,227,147,SRC0030
K (147).png,32208830ef746e2f0c1928883f4dc541c6493e07e614e799314d58ad15bdbfc1,1ce7c199ef319293388e0b0ba902b5e3f329d27f6566d7e07fc17e1bedd7215a,227,147,SRC0030
K (148).png,32208830ef746e2f0c1928883f4dc541c6493e07e614e799314d58ad15bdbfc1,1ce7c199ef319293388e0b0ba902b5e3f329d27f6566d7e07fc17e1bedd7215a,227,147,SRC0030
K (149).png,03cfb45aae81129fcd72faa7d72796b37de7c3995482bf5407b1e68cadee1efa,8a595ee569cf856b900d65c7b69182d6578561f9eb3f51d32f034a3033095327,149,153,SRC0126
K (15).jpg,6be796081299018bbffa59eb9d3d7a34452501a24c708ce169653488fb58b393,441b10e8f33d9695341f6a8d56c716fd3afe8366be49b0105fd0c9c12d33e85a,923,692,SRC0060
K (15).png,5c05e415875c8742f3075cdc379b8462fffca537a5ed49225583529f1743fdeb,6060dd842265507be58990cea81067f399e567ad320e05a69bad84b1c150a6fe,141,113,SRC0085
K (150).png,03cfb45aae81129fcd72faa7d72796b37de7c3995482bf5407b1e68cadee1efa,8a595ee569cf856b900d65c7b69182d6578561f9eb3f51d32f034a3033095327,149,153,SRC0126
K (16).jpg,56f02116c35d6db9f734abca4bcdcde9f7d17bf15a14746427dcf4908a10bdef,a9d6e0046b50fef4e6d1737c47d29d5a388bc84e36a751a519586b173c07a2b7,1237,928,SRC0158
K (16).png,5c05e415875c8742f3075cdc379b8462fffca537a5ed49225583529f1743fdeb,6060dd842265507be58990cea81067f399e567ad320e05a69bad84b1c150a6fe,141,113,SRC0085
K (17).jpg,56f02116c35d6db9f734abca4bcdcde9f7d17bf15a14746427dcf4908a10bdef,a9d6e0046b50fef4e6d1737c47d29d5a388bc84e36a751a519586b173c07a2b7,1237,928,SRC0158
K (17).png,b1ffa0712034d56b29ec923b4bbffe378b1f81db297fbf6820dbb6f3645201d9,bdb7f802eaf3e32f9a07302c1f379bdf1aaf929e7d7c0ae722f4a6c8472b8ab2,217,169,SRC0177
K (18).jpg,56f02116c35d6db9f734abca4bcdcde9f7d17bf15a14746427dcf4908a10bdef,a9d6e0046b50fef4e6d1737c47d29d5a388bc84e36a751a519586b173c07a2b7,1237,928,SRC0158
K (18).png,b1ffa0712034d56b29ec923b4bbffe378b1f81db297fbf6820dbb6f3645201d9,bdb7f802eaf3e32f9a07302c1f379bdf1aaf929e7d7c0ae722f4a6c8472b8ab2,217,169,SRC0177
K (19).jpg,56f02116c35d6db9f734abca4bcdcde9f7d17bf15a14746427dcf4908a10bdef,a9d6e0046b50fef4e6d1737c47d29d5a388bc84e36a751a519586b173c07a2b7,1237,928,SRC0158
K (19).png,b1ffa0712034d56b29ec923b4bbffe378b1f81db297fbf6820dbb6f3645201d9,bdb7f802eaf3e32f9a07302c1f379bdf1aaf929e7d7c0ae722f4a6c8472b8ab2,217,169,SRC0177
K (2).jpg,e06d0d425d020855c45f1edffd33783c79d518392288a0a4eed338492c5aeb3c,9e2bc47782e6d66cbe757e1c067db8fecd05a6c11a82ac67dcbca4df37b67a1a,1018,764,SRC0142
K (2).png,f0d17586cf780a5fbe5b77ebd37bec5f37040436ab7e04d615b53be4cb71215b,28c032f6539d05794218dd3cf74527703d4e34bfc9cf75d61787393dfac62e2c,185,142,SRC0039
K (20).jpg,77efdc6953c9659642e06698143ba5e75b40b36b9f070e0073f48ce8a427a333,5fa3d0f6b9994608f3a7f9fefa9ad6ef279555d50a8dce42af177bd84bd5d5d6,931,699,SRC0083
K (20).png,b1ffa0712034d56b29ec923b4bbffe378b1f81db297fbf6820dbb6f3645201d9,bdb7f802eaf3e32f9a07302c1f379bdf1aaf929e7d7c0ae722f4a6c8472b8ab2,217,169,SRC0177
K (21).jpg,77efdc6953c9659642e06698143ba5e75b40b36b9f070e0073f48ce8a427a333,5fa3d0f6b9994608f3a7f9fefa9ad6ef279555d50a8dce42af177bd84bd5d5d6,931,699,SRC0083
K (21).png,f7efd0299ce04780925f686ee810527dd7f3674b09db26cf3042e614f7329476,f8223788c036bcba10a433ffddef7cc6320e556c8d074ba1454a7ce76976dcba,190,90,SRC0231
K (22).jpg,77efdc6953c9659642e06698143ba5e75b40b36b9f070e0073f48ce8a427a333,5fa3d0f6b9994608f3a7f9fefa9ad6ef279555d50a8dce42af177bd84bd5d5d6,931,699,SRC0083
K (22).png,f7efd0299ce04780925f686ee810527dd7f3674b09db26cf3042e614f7329476,f8223788c036bcba10a433ffddef7cc6320e556c8d074ba1454a7ce76976dcba,190,90,SRC0231
K (23).jpg,8f7198badbe29faf3dc8e198fe66b3ca41646ac1869756012c7a057e4e03322e,59412c0e7eee92f636e85e5a54390fef5215c144ff2886930550d23316a1a3d6,969,727,SRC0076
K (23).png,f7efd0299ce04780925f686ee810527dd7f3674b09db26cf3042e614f7329476,f8223788c036bcba10a433ffddef7cc6320e556c8d074ba1454a7ce76976dcba,190,90,SRC0231
K (24).jpg,8f7198badbe29faf3dc8e198fe66b3ca41646ac1869756012c7a057e4e03322e,59412c0e7eee92f636e85e5a54390fef5215c144ff2886930550d23316a1a3d6,969,727,SRC0076
K (24).png,f7efd0299ce04780925f686ee810527dd7f3674b09db26cf3042e614f7329476,f8223788c036bcba10a433ffddef7cc6320e556c8d074ba1454a7ce76976dcba,190,90,SRC0231
K (25).jpg,8f7198badbe29faf3dc8e198fe66b3ca41646ac1869756012c7a057e4e03322e,59412c0e7eee92f636e85e5a54390fef5215c144ff2886930550d23316a1a3d6,969,727,SRC0076
K (25).png,d8fcb2e7f593cd45df8a8723d90774b4e5c1f21b4248eed747407f82b45fc750,d94295ee13a9e7e9eb45b964e6b559eb17b8dbd869392fe209854230db136f89,127,108,SRC0206
K (26).jpg,67b2f600233db91efdf304aa6afb7eeb0bb94dd53012fd9172565b2de6d1a666,17b325a72cd0b1f0475f7ccffb12281aedf18f104554312d60f238178b0e50e1,703,527,SRC0024
K (26).png,d8fcb2e7f593cd45df8a8723d90774b4e5c1f21b4248eed747407f82b45fc750,d94295ee13a9e7e9eb45b964e6b559eb17b8dbd869392fe209854230db136f89,127,108,SRC0206
K (27).jpg,67b2f600233db91efdf304aa6afb7eeb0bb94dd53012fd9172565b2de6d1a666,17b325a72cd0b1f0475f7ccffb12281aedf18f104554312d60f238178b0e50e1,703,527,SRC0024
K (27).png,d8fcb2e7f593cd45df8a8723d90774b4e5c1f21b4248eed747407f82b45fc750,d94295ee13a9e7e9eb45b964e6b559eb17b8dbd869392fe209854230db136f89,127,108,SRC0206
K (28).jpg,c5633c10a860c54f515bd66dcb10a18ce5b7d59aaede3ca28b6445ba37dba792,29e4bf06385d86774c0be1bd1c561688a015607da57e0a0992ffd2a018ec6a57,658,493,SRC0040
K (28).png,d8fcb2e7f593cd45df8a8723d90774b4e5c1f21b4248eed747407f82b45fc750,d94295ee13a9e7e9eb45b964e6b559eb17b8dbd869392fe209854230db136f89,127,108,SRC0206
K (29).jpg,c5633c10a860c54f515bd66dcb10a18ce5b7d59aaede3ca28b6445ba37dba792,29e4bf06385d86774c0be1bd1c561688a015607da57e0a0992ffd2a018ec6a57,658,493,SRC0040
K (29).png,2bd8a586a67b976ac7a3b0cd6b4433d3a94ebbb17726b42d6d0235608083397f,bf213f08b17fb5948534bbd2790c85bb915d4c2b50214536394c0c74b5bcc548,166,130,SRC0179
K (3).jpg,e06d0d425d020855c45f1edffd33783c79d518392288a0a4eed338492c5aeb3c,9e2bc47782e6d66cbe757e1c067db8fecd05a6c11a82ac67dcbca4df37b67a1a,1018,764,SRC0142
K (3).png,f0d17586cf780a5fbe5b77ebd37bec5f37040436ab7e04d615b53be4cb71215b,28c032f6539d05794218dd3cf74527703d4e34bfc9cf75d61787393dfac62e2c,185,142,SRC0039
K (30).jpg,58f922739a68ddd6c10c893e30ffa8f054bb3788424cb743d9810db0b84e6d6f,b0d86a2fbf8df731f1132ba71883fadb92d75cab0dc8c7e1ed166f0c8ea9ba4b,981,735,SRC0162
K (30).png,2bd8a586a67b976ac7a3b0cd6b4433d3a94ebbb17726b42d6d0235608083397f,bf213f08b17fb5948534bbd2790c85bb915d4c2b50214536394c0c74b5bcc548,166,130,SRC0179
K (31).jpg,58f922739a68ddd6c10c893e30ffa8f054bb3788424cb743d9810db0b84e6d6f,b0d86a2fbf8df731f1132ba71883fadb92d75cab0dc8c7e1ed166f0c8ea9ba4b,981,735,SRC0162
K (31).png,2bd8a586a67b976ac7a3b0cd6b4433d3a94ebbb17726b42d6d0235608083397f,bf213f08b17fb5948534bbd2790c85bb915d4c2b50214536394c0c74b5bcc548,166,130,SRC0179
K (32).jpg,948c466021a4cc8fb085ee92337d1f6fffcacacecee555da0cbd9c5fdda91c50,8152ebd57b1ca7112be165a0ab474303d205298f56158cb9fb937cf3fd9b3497,1027,770,SRC0119
K (32).png,2bd8a586a67b976ac7a3b0cd6b4433d3a94ebbb17726b42d6d0235608083397f,bf213f08b17fb5948534bbd2790c85bb915d4c2b50214536394c0c74b5bcc548,166,130,SRC0179
K (33).jpg,948c466021a4cc8fb085ee92337d1f6fffcacacecee555da0cbd9c5fdda91c50,8152ebd57b1ca7112be165a0ab474303d205298f56158cb9fb937cf3fd9b3497,1027,770,SRC0119
K (33).png,655e495dc3033ccd115d4dd0f951de42955de325e022e522e05119dddc79350e,1c0cc2b2db6879fd45028408d0933279d776e1539d73c8d2bc7cdc441fbdafae,135,85,SRC0028
K (34).jpg,9fa6b0280a6a40af4ef9d44abf74719043355a6abbc735c3eac0c5faa9f8be12,44e3cb4325f6440b7e8adcf8db6c5b4ef48969d0ac7da082e94fffc66b41daad,1224,918,SRC0062
K (34).png,655e495dc3033ccd115d4dd0f951de42955de325e022e522e05119dddc79350e,1c0cc2b2db6879fd45028408d0933279d776e1539d73c8d2bc7cdc441fbdafae,135,85,SRC0028
K (35).jpg,9fa6b0280a6a40af4ef9d44abf74719043355a6abbc735c3eac0c5faa9f8be12,44e3cb4325f6440b7e8adcf8db6c5b4ef48969d0ac7da082e94fffc66b41daad,1224,918,SRC0062
K (35).png,655e495dc3033ccd115d4dd0f951de42955de325e022e522e05119dddc79350e,1c0cc2b2db6879fd45028408d0933279d776e1539d73c8d2bc7cdc441fbdafae,135,85,SRC0028
K (36).jpg,dfd9c754b0cfbdb08e115aad2bd3b187998aa45f94f2b57155295c3ca8a37655,b10ff060200d1ba57bb383a2270f0ab3276f2d62087459f95df2b767af51b6a2,582,436,SRC0163
K (36).png,655e495dc3033ccd115d4dd0f951de42955de325e022e522e05119dddc79350e,1c0cc2b2db6879fd45028408d0933279d776e1539d73c8d2bc7cdc441fbdafae,135,85,SRC0028
K (37).jpg,dfd9c754b0cfbdb08e115aad2bd3b187998aa45f94f2b57155295c3ca8a37655,b10ff060200d1ba57bb383a2270f0ab3276f2d62087459f95df2b767af51b6a2,582,436,SRC0163
K (37).png,1021005fb9463fe58270eaece40244299353e20b6e2649073619aa8cc920c52a,cedf7f4df5f3abb210152b8b18e29aa521d9ed5468e9e0a86707f47d136be5a0,237,126,SRC0189
K (38).jpg,4351d63b3579f4276d0fb0dbc536a62ef1b54ccbd523978f450b9061f457f3eb,d113407be56f77b0742cf3b04fe9447296fdaba59cb548065048c5bd857497eb,875,657,SRC0191
K (38).png,1021005fb9463fe58270eaece40244299353e20b6e2649073619aa8cc920c52a,cedf7f4df5f3abb210152b8b18e29aa521d9ed5468e9e0a86707f47d136be5a0,237,126,SRC0189
K (39).jpg,4351d63b3579f4276d0fb0dbc536a62ef1b54ccbd523978f450b9061f457f3eb,d113407be56f77b0742cf3b04fe9447296fdaba59cb548065048c5bd857497eb,875,657,SRC0191
K (39).png,1021005fb9463fe58270eaece40244299353e20b6e2649073619aa8cc920c52a,cedf7f4df5f3abb210152b8b18e29aa521d9ed5468e9e0a86707f47d136be5a0,237,126,SRC0189
K (4).jpg,f73f509ab157829f3975e8fd690562072f3095db640612edf650d475ea06de6a,0cf510cb40833937800f1c362e2c3db64f183fdb611c5a7f278f63e43dade121,1359,1019,SRC0014
K (4).png,f0d17586cf780a5fbe5b77ebd37bec5f37040436ab7e04d615b53be4cb71215b,28c032f6539d05794218dd3cf74527703d4e34bfc9cf75d61787393dfac62e2c,185,142,SRC0039
K (40).jpg,6981c8a7d5f7276882e6600ecbe5d9414f082b6d0b40746759cca18d21daa7c5,24cd17c8c131b1d1a0779b49f9cf07b8ce544fa527abd9f52c9d87fd677d1eba,644,483,SRC0036
K (40).png,1021005fb9463fe58270eaece40244299353e20b6e2649073619aa8cc920c52a,cedf7f4df5f3abb210152b8b18e29aa521d9ed5468e9e0a86707f47d136be5a0,237,126,SRC0189
K (41).jpg,6981c8a7d5f7276882e6600ecbe5d9414f082b6d0b40746759cca18d21daa7c5,24cd17c8c131b1d1a0779b49f9cf07b8ce544fa527abd9f52c9d87fd677d1eba,644,483,SRC0036
K (41).png,8996074971c5a6c1abc5eb123dfd9e1e6c41b8eefea0e3de8f27f3d2afee4bfc,9ca756c703239e77b10b4e09804c0d392a91c50e6d2035127d5fa66de4e02179,198,117,SRC0141
K (42).jpg,5043d0abcceaf327d45ea56f74c080bb24731e4081c45c426727bacad7c0f877,7ffd3e42792984fe8cb1d2b2d1ba00e1cb201c8be13f5b0be59a59252f168aed,747,561,SRC0117
K (42).png,8996074971c5a6c1abc5eb123dfd9e1e6c41b8eefea0e3de8f27f3d2afee4bfc,9ca756c703239e77b10b4e09804c0d392a91c50e6d2035127d5fa66de4e02179,198,117,SRC0141
K (43).jpg,5043d0abcceaf327d45ea56f74c080bb24731e4081c45c426727bacad7c0f877,7ffd3e42792984fe8cb1d2b2d1ba00e1cb201c8be13f5b0be59a59252f168aed,747,561,SRC0117
K (43).png,8996074971c5a6c1abc5eb123dfd9e1e6c41b8eefea0e3de8f27f3d2afee4bfc,9ca756c703239e77b10b4e09804c0d392a91c50e6d2035127d5fa66de4e02179,198,117,SRC0141
K (44).jpg,722297ad3004f5a523bc92844f0c0e5b671fd99bb9f86ff6c5794291e972e544,132a50fe460a1f96e3a0c134ea206dfa579b9fbb7c23317dd2a16733a43d1dc7,1302,977,SRC0017
K (44).png,8996074971c5a6c1abc5eb123dfd9e1e6c41b8eefea0e3de8f27f3d2afee4bfc,9ca756c703239e77b10b4e09804c0d392a91c50e6d2035127d5fa66de4e02179,198,117,SRC0141
K (45).jpg,722297ad3004f5a523bc92844f0c0e5b671fd99bb9f86ff6c5794291e972e544,132a50fe460a1f96e3a0c134ea206dfa579b9fbb7c23317dd2a16733a43d1dc7,1302,977,SRC0017
K (45).png,8758bb7023f8897f1fd69eb9825542e5febf13159105d430aa73cd2a65c25b97,c04065bc85fd066c5f74dcb4c6c720d13ade1dec73c0848d3a75289254ef4c1c,430,129,SRC0181
K (46).jpg,42890e737da817a1133e279b71a8b0e3c6c3b9afcd0d308e6fccd316782db447,95d7be2b0441414ea13d469d4b0756b95897fdfc1ce9c89f0e683f792572cab7,912,684,SRC0136
K (46).png,8758bb7023f8897f1fd69eb9825542e5febf13159105d430aa73cd2a65c25b97,c04065bc85fd066c5f74dcb4c6c720d13ade1dec73c0848d3a75289254ef4c1c,430,129,SRC0181
K (47).jpg,42890e737da817a1133e279b71a8b0e3c6c3b9afcd0d308e6fccd316782db447,95d7be2b0441414ea13d469d4b0756b95897fdfc1ce9c89f0e683f792572cab7,912,684,SRC0136
K (47).png,8758bb7023f8897f1fd69eb9825542e5febf13159105d430aa73cd2a65c25b97,c04065bc85fd066c5f74dcb4c6c720d13ade1dec73c0848d3a75289254ef4c1c,430,129,SRC0181
K (48).jpg,8814fe6ab566eff24c43d007575a6c434ff406856eafec5f6a818f872a1a0f2f,69fc8904a83e2fc59a214093751ef1142b9babcd217042c05142639956de6bb3,958,719,SRC0095
K (48).png,8758bb7023f8897f1fd69eb9825542e5febf13159105d430aa73cd2a65c25b97,c04065bc85fd066c5f74dcb4c6c720d13ade1dec73c0848d3a75289254ef4c1c,430,129,SRC0181
K (49).jpg,8814fe6ab566eff24c43d007575a6c434ff406856eafec5f6a818f872a1a0f2f,69fc8904a83e2fc59a214093751ef1142b9babcd217042c05142639956de6bb3,958,719,SRC0095
K (49).png,9eda66c1f577f022d0b58d638359fa98128d4f31cc484beac1603998f04ec2d2,09650e638811e5f28617406191a1e4232fec1f6ac1f7b75fb2ada76133b67b51,345,141,SRC0008
K (5).jpg,f73f509ab157829f3975e8fd690562072f3095db640612edf650d475ea06de6a,0cf510cb40833937800f1c362e2c3db64f183fdb611c5a7f278f63e43dade121,1359,1019,SRC0014
K (5).png,84d9462dca6cb3b7b6eb71234b36564cc082b0cadef385b81b5bb8c10b510817,97fbd28f76646ff60dbaa3e7bb9f3d6c2f3b4ea88f6ce0fb6981e1074c62577e,181,118,SRC0138
K (50).jpg,1d42943bd128d98f9484f4ce7dc041bb75a013f9c8671420de9ff2bc5511f27a,f15097e78bf6176858d123a0d66be791a4c3b515f4ea8fe36ecf04d9443d3ec1,1081,811,SRC0226
K (50).png,9eda66c1f577f022d0b58d638359fa98128d4f31cc484beac1603998f04ec2d2,09650e638811e5f28617406191a1e4232fec1f6ac1f7b75fb2ada76133b67b51,345,141,SRC0008
K (51).jpg,1d42943bd128d98f9484f4ce7dc041bb75a013f9c8671420de9ff2bc5511f27a,f15097e78bf6176858d123a0d66be791a4c3b515f4ea8fe36ecf04d9443d3ec1,1081,811,SRC0226
K (51).png,9eda66c1f577f022d0b58d638359fa98128d4f31cc484beac1603998f04ec2d2,09650e638811e5f28617406191a1e4232fec1f6ac1f7b75fb2ada76133b67b51,345,141,SRC0008
K (52).jpg,1d42943bd128d98f9484f4ce7dc041bb75a013f9c8671420de9ff2bc5511f27a,f15097e78bf6176858d123a0d66be791a4c3b515f4ea8fe36ecf04d9443d3ec1,1081,811,SRC0226
K (52).png,9eda66c1f577f022d0b58d638359fa98128d4f31cc484beac1603998f04ec2d2,09650e638811e5f28617406191a1e4232fec1f6ac1f7b75fb2ada76133b67b51,345,141,SRC0008
K (53).jpg,1d42943bd128d98f9484f4ce7dc041bb75a013f9c8671420de9ff2bc5511f27a,f15097e78bf6176858d123a0d66be791a4c3b515f4ea8fe36ecf04d9443d3ec1,1081,811,SRC0226
K (53).png,e688768ef93f79f8a692fbc3a3a63de26b4a651be0d47c6c930b460f947dac16,62aa516315ad34b9baa09bfee68f7ab45010e43e4c83b6d1afc2c366bc314f93,172,101,SRC0091
K (54).jpg,53090848ebde7f42b40e1f13c4ef1d1aae9b862ac836adf4e89fdb57c90d2f33,d9707cca4c0393837d27ca20659490ebd2ce7eb1241660dc3b26fa33d9217724,852,639,SRC0207
K (54).png,e688768ef93f79f8a692fbc3a3a63de26b4a651be0d47c6c930b460f947dac16,62aa516315ad34b9baa09bfee68f7ab45010e43e4c83b6d1afc2c366bc314f93,172,101,SRC0091
K (55).jpg,53090848ebde7f42b40e1f13c4ef1d1aae9b862ac836adf4e89fdb57c90d2f33,d9707cca4c0393837d27ca20659490ebd2ce7eb1241660dc3b26fa33d9217724,852,639,SRC0207
K (55).png,e688768ef93f79f8a692fbc3a3a63de26b4a651be0d47c6c930b460f947dac16,62aa516315ad34b9baa09bfee68f7ab45010e43e4c83b6d1afc2c366bc314f93,172,101,SRC0091
K (56).jpg,53090848ebde7f42b40e1f13c4ef1d1aae9b862ac836adf4e89fdb57c90d2f33,d9707cca4c0393837d27ca20659490ebd2ce7eb1241660dc3b26fa33d9217724,852,639,SRC0207
K (56).png,e688768ef93f79f8a692fbc3a3a63de26b4a651be0d47c6c930b460f947dac16,62aa516315ad34b9baa09bfee68f7ab45010e43e4c83b6d1afc2c366bc314f93,172,101,SRC0091
K (57).jpg,53090848ebde7f42b40e1f13c4ef1d1aae9b862ac836adf4e89fdb57c90d2f33,d9707cca4c0393837d27ca20659490ebd2ce7eb1241660dc3b26fa33d9217724,852,639,SRC0207
K (57).png,204e5a1d47789cc4ffaef4066408248cb7e737370d60c6cd9bdae838c9f1a65c,754d696e452cbdb084a24aa91dde81863ab1ccec23bf69aad1f3f250d0dd8e5c,172,128,SRC0108
K (58).jpg,4334a2544e4d1ce5c2c7311a80201bf2874f3a83c25ee07c75e725bc34c4d653,e15be2d88fd2bf829930107ffc9a59b687777208fb6932f8d138def3935b8df9,969,727,SRC0214
K (58).png,204e5a1d47789cc4ffaef4066408248cb7e737370d60c6cd9bdae838c9f1a65c,754d696e452cbdb084a24aa91dde81863ab1ccec23bf69aad1f3f250d0dd8e5c,172,128,SRC0108
K (59).jpg,4334a2544e4d1ce5c2c7311a80201bf2874f3a83c25ee07c75e725bc34c4d653,e15be2d88fd2bf829930107ffc9a59b687777208fb6932f8d138def3935b8df9,969,727,SRC0214
K (59).png,204e5a1d47789cc4ffaef4066408248cb7e737370d60c6cd9bdae838c9f1a65c,754d696e452cbdb084a24aa91dde81863ab1ccec23bf69aad1f3f250d0dd8e5c,172,128,SRC0108
K (6).jpg,f73f509ab157829f3975e8fd690562072f3095db640612edf650d475ea06de6a,0cf510cb40833937800f1c362e2c3db64f183fdb611c5a7f278f63e43dade121,1359,1019,SRC0014
K (6).png,84d9462dca6cb3b7b6eb71234b36564cc082b0cadef385b81b5bb8c10b510817,97fbd28f76646ff60dbaa3e7bb9f3d6c2f3b4ea88f6ce0fb6981e1074c62577e,181,118,SRC0138
K (60).jpg,4334a2544e4d1ce5c2c7311a80201bf2874f3a83c25ee07c75e725bc34c4d653,e15be2d88fd2bf829930107ffc9a59b687777208fb6932f8d138def3935b8df9,969,727,SRC0214
K (60).png,204e5a1d47789cc4ffaef4066408248cb7e737370d60c6cd9bdae838c9f1a65c,754d696e452cbdb084a24aa91dde81863ab1ccec23bf69aad1f3f250d0dd8e5c,172,128,SRC0108
K (61).jpg,4334a2544e4d1ce5c2c7311a80201bf2874f3a83c25ee07c75e725bc34c4d653,e15be2d88fd2bf829930107ffc9a59b687777208fb6932f8d138def3935b8df9,969,727,SRC0214
K (61).png,8182b4c7637054b3ee6a26bd65bc0b96841a19c9c17ea159838c2f902be26ce3,87d7d8981bfe6b8d29fda68f8165acceb69f1b884f573c30246d0162eb5da053,288,124,SRC0123
K (62).jpg,24300c41ff560deb4683992798ac6a913770f855efbaf7d0b7d2cfd3f14f10b0,62274f5516be9728f23cca03c757b9c856fb8182dd4c7924dc8afb985d9a6a83,907,680,SRC0088
K (62).png,8182b4c7637054b3ee6a26bd65bc0b96841a19c9c17ea159838c2f902be26ce3,87d7d8981bfe6b8d29fda68f8165acceb69f1b884f573c30246d0162eb5da053,288,124,SRC0123
K (63).jpg,24300c41ff560deb4683992798ac6a913770f855efbaf7d0b7d2cfd3f14f10b0,62274f5516be9728f23cca03c757b9c856fb8182dd4c7924dc8afb985d9a6a83,907,680,SRC0088
K (63).png,8182b4c7637054b3ee6a26bd65bc0b96841a19c9c17ea159838c2f902be26ce3,87d7d8981bfe6b8d29fda68f8165acceb69f1b884f573c30246d0162eb5da053,288,124,SRC0123
K (64).jpg,24300c41ff560deb4683992798ac6a913770f855efbaf7d0b7d2cfd3f14f10b0,62274f5516be9728f23cca03c757b9c856fb8182dd4c7924dc8afb985d9a6a83,907,680,SRC0088
K (64).png,8182b4c7637054b3ee6a26bd65bc0b96841a19c9c17ea159838c2f902be26ce3,87d7d8981bfe6b8d29fda68f8165acceb69f1b884f573c30246d0162eb5da053,288,124,SRC0123
K (65).jpg,235cdd98be89e228ed804b3dd769bd742ab38ea06aa790065c11a8fb8a6abea9,bc3b261380553274322698a102556ea1ced085b6b9b00374fe19f98a6d298fb3,827,621,SRC0175
K (65).png,8ceb847a08e726358c6de57a6dd7d8a2d7adebd840c5163c51520fa723d7fe15,d356d39f40126ae67137b88828a7dd10cafe2b0a2970b7598b4c496d6f8b7eee,319,162,SRC0200
K (66).jpg,235cdd98be89e228ed804b3dd769bd742ab38ea06aa790065c11a8fb8a6abea9,bc3b261380553274322698a102556ea1ced085b6b9b00374fe19f98a6d298fb3,827,621,SRC0175
K (66).png,8ceb847a08e726358c6de57a6dd7d8a2d7adebd840c5163c51520fa723d7fe15,d356d39f40126ae67137b88828a7dd10cafe2b0a2970b7598b4c496d6f8b7eee,319,162,SRC0200
K (67).jpg,235cdd98be89e228ed804b3dd769bd742ab38ea06aa790065c11a8fb8a6abea9,bc3b261380553274322698a102556ea1ced085b6b9b00374fe19f98a6d298fb3,827,621,SRC0175
K (67).png,8ceb847a08e726358c6de57a6dd7d8a2d7adebd840c5163c51520fa723d7fe15,d356d39f40126ae67137b88828a7dd10cafe2b0a2970b7598b4c496d6f8b7eee,319,162,SRC0200
K (68).jpg,ebb7fe68a3af659752b4dad3ac386788c442bd3df0e65c5745a248fa4d611bd6,769fef40429b8f884453ba12d4939708f1dabc1da1829106482a96c069d24822,937,703,SRC0110
K (68).png,8ceb847a08e726358c6de57a6dd7d8a2d7adebd840c5163c51520fa723d7fe15,d356d39f40126ae67137b88828a7dd10cafe2b0a2970b7598b4c496d6f8b7eee,319,162,SRC0200
K (69).jpg,ebb7fe68a3af659752b4dad3ac386788c442bd3df0e65c5745a248fa4d611bd6,769fef40429b8f884453ba12d4939708f1dabc1da1829106482a96c069d24822,937,703,SRC0110
K (69).png,08644fea3af475fd910cc48117bc0f90a74bda75deb13b726dee8dd7b7b4ce57,dda2d0c7b9be077bc4bf5fd4df4337492d791b005ef4a4ad3693128d3755147d,217,137,SRC0209
K (7).jpg,22407f0937a5cea293b7f180d087bf989a21ba79fec57ca0559d04bac95ce433,132d19efdd0133c4921f8f6d5804fd60c494c4d5bb964c94556cfa57a320fe33,1201,901,SRC0018
K (7).png,84d9462dca6cb3b7b6eb71234b36564cc082b0cadef385b81b5bb8c10b510817,97fbd28f76646ff60dbaa3e7bb9f3d6c2f3b4ea88f6ce0fb6981e1074c62577e,181,118,SRC0138
K (70).jpg,991314b09773256e0f69bf80b5236839f938f2f7097d1574a03ceae7da0a888a,0c0f72715084e9b0e4e278b80aba7d0f1fa4a8701bdfea2d292994819c3d7f3a,916,687,SRC0013
K (70).png,08644fea3af475fd910cc48117bc0f90a74bda75deb13b726dee8dd7b7b4ce57,dda2d0c7b9be077bc4bf5fd4df4337492d791b005ef4a4ad3693128d3755147d,217,137,SRC0209
K (71).jpg,991314b09773256e0f69bf80b5236839f938f2f7097d1574a03ceae7da0a888a,0c0f72715084e9b0e4e278b80aba7d0f1fa4a8701bdfea2d292994819c3d7f3a,916,687,SRC0013
K (71).png,08644fea3af475fd910cc48117bc0f90a74bda75deb13b726dee8dd7b7b4ce57,dda2d0c7b9be077bc4bf5fd4df4337492d791b005ef4a4ad3693128d3755147d,217,137,SRC0209
K (72).jpg,e4f3f78bc1bf7e20138380be6d85b9e85fcd8885ddde8eddacbf3d519f0f8a2b,77da8e7ec8046b755d051d431928ab7fe3d0f1d3b40d3dd982c3ac68cf1a99b7,635,475,SRC0111
K (72).png,08644fea3af475fd910cc48117bc0f90a74bda75deb13b726dee8dd7b7b4ce57,dda2d0c7b9be077bc4bf5fd4df4337492d791b005ef4a4ad3693128d3755147d,217,137,SRC0209
K (73).jpg,e4f3f78bc1bf7e20138380be6d85b9e85fcd8885ddde8eddacbf3d519f0f8a2b,77da8e7ec8046b755d051d431928ab7fe3d0f1d3b40d3dd982c3ac68cf1a99b7,635,475,SRC0111
K (73).png,97aa71850f01c86f2fffe87a844778dd25fbdc0a911224205d45a4086a1ff90e,39ac0b37f2e516fcba0d1bca2a7a21e188a2e7dd3e52d582e9116e7dd2fbb2ca,170,122,SRC0054
K (74).jpg,e4f3f78bc1bf7e20138380be6d85b9e85fcd8885ddde8eddacbf3d519f0f8a2b,77da8e7ec8046b755d051d431928ab7fe3d0f1d3b40d3dd982c3ac68cf1a99b7,635,475,SRC0111
K (74).png,97aa71850f01c86f2fffe87a844778dd25fbdc0a911224205d45a4086a1ff90e,39ac0b37f2e516fcba0d1bca2a7a21e188a2e7dd3e52d582e9116e7dd2fbb2ca,170,122,SRC0054
K (75).jpg,1a72399a00a0b301dfd00c78d3bd3badba4fbb517a66bbf0ac6dfab8f1344d0b,5237a2cc83cf33e77c49bfcf16bc70c1b35631da16e16e2093b818208c8f2eb3,939,704,SRC0070
K (75).png,97aa71850f01c86f2fffe87a844778dd25fbdc0a911224205d45a4086a1ff90e,39ac0b37f2e516fcba0d1bca2a7a21e188a2e7dd3e52d582e9116e7dd2fbb2ca,170,122,SRC0054
K (76).jpg,1a72399a00a0b301dfd00c78d3bd3badba4fbb517a66bbf0ac6dfab8f1344d0b,5237a2cc83cf33e77c49bfcf16bc70c1b35631da16e16e2093b818208c8f2eb3,939,704,SRC0070
K (76).png,97aa71850f01c86f2fffe87a844778dd25fbdc0a911224205d45a4086a1ff90e,39ac0b37f2e516fcba0d1bca2a7a21e188a2e7dd3e52d582e9116e7dd2fbb2ca,170,122,SRC0054
K (77).jpg,1a72399a00a0b301dfd00c78d3bd3badba4fbb517a66bbf0ac6dfab8f1344d0b,5237a2cc83cf33e77c49bfcf16bc70c1b35631da16e16e2093b818208c8f2eb3,939,704,SRC0070
K (77).png,05d9303da92085ffbd94e1073288ce3dd9786f2e4e6c8a3945ed6a8616773b4a,f08292c620716eaba1c1c4cadcd731f834713f69cda77132a81a285e2f8c84fd,237,119,SRC0225
K (78).jpg,a5345cc164380197fc0faa676c1ff41fcda860fdc06ab61683931cc311f40612,2dbe0e7fc64935a4463a2762c18bd6eadfd078df0e7797df963d720a1b0d5e50,596,447,SRC0043
K (78).png,05d9303da92085ffbd94e1073288ce3dd9786f2e4e6c8a3945ed6a8616773b4a,f08292c620716eaba1c1c4cadcd731f834713f69cda77132a81a285e2f8c84fd,237,119,SRC0225
K (79).jpg,a5345cc164380197fc0faa676c1ff41fcda860fdc06ab61683931cc311f40612,2dbe0e7fc64935a4463a2762c18bd6eadfd078df0e7797df963d720a1b0d5e50,596,447,SRC0043
K (79).png,05d9303da92085ffbd94e1073288ce3dd9786f2e4e6c8a3945ed6a8616773b4a,f08292c620716eaba1c1c4cadcd731f834713f69cda77132a81a285e2f8c84fd,237,119,SRC0225
K (8).jpg,22407f0937a5cea293b7f180d087bf989a21ba79fec57ca0559d04bac95ce433,132d19efdd0133c4921f8f6d5804fd60c494c4d5bb964c94556cfa57a320fe33,1201,901,SRC0018
K (8).png,84d9462dca6cb3b7b6eb71234b36564cc082b0cadef385b81b5bb8c10b510817,97fbd28f76646ff60dbaa3e7bb9f3d6c2f3b4ea88f6ce0fb6981e1074c62577e,181,118,SRC0138
K (80).jpg,a5345cc164380197fc0faa676c1ff41fcda860fdc06ab61683931cc311f40612,2dbe0e7fc64935a4463a2762c18bd6eadfd078df0e7797df963d720a1b0d5e50,596,447,SRC0043
K (80).png,05d9303da92085ffbd94e1073288ce3dd9786f2e4e6c8a3945ed6a8616773b4a,f08292c620716eaba1c1c4cadcd731f834713f69cda77132a81a285e2f8c84fd,237,119,SRC0225
K (81).jpg,a5345cc164380197fc0faa676c1ff41fcda860fdc06ab61683931cc311f40612,2dbe0e7fc64935a4463a2762c18bd6eadfd078df0e7797df963d720a1b0d5e50,596,447,SRC0043
K (81).png,434cfd71fc5f8365f03e15885c1815f5d04a2f085c437e557038bd2b35c4b6f2,5f4588abdbfdf6493eed791625c5bd79fcc34f6f316a9e01fc3aae332c3dbd28,210,153,SRC0082
K (82).jpg,ab448540857eb4e8efbc3c40cf462373d52a279d2a854201bd4379eb2410b341,88309e24cd57b39aa8431147ecf6a3572a2837e620d3768a34c326176f5b7d59,673,505,SRC0124
K (82).png,434cfd71fc5f8365f03e15885c1815f5d04a2f085c437e557038bd2b35c4b6f2,5f4588abdbfdf6493eed791625c5bd79fcc34f6f316a9e01fc3aae332c3dbd28,210,153,SRC0082
K (83).jpg,ab448540857eb4e8efbc3c40cf462373d52a279d2a854201bd4379eb2410b341,88309e24cd57b39aa8431147ecf6a3572a2837e620d3768a34c326176f5b7d59,673,505,SRC0124
K (83).png,434cfd71fc5f8365f03e15885c1815f5d04a2f085c437e557038bd2b35c4b6f2,5f4588abdbfdf6493eed791625c5bd79fcc34f6f316a9e01fc3aae332c3dbd28,210,153,SRC0082
K (84).jpg,ab448540857eb4e8efbc3c40cf462373d52a279d2a854201bd4379eb2410b341,88309e24cd57b39aa8431147ecf6a3572a2837e620d3768a34c326176f5b7d59,673,505,SRC0124
K (84).png,434cfd71fc5f8365f03e15885c1815f5d04a2f085c437e557038bd2b35c4b6f2,5f4588abdbfdf6493eed791625c5bd79fcc34f6f316a9e01fc3aae332c3dbd28,210,153,SRC0082
K (85).jpg,5b86ac69b0c6406bc61dc089f22c9b77210a5d4f4089f3000659c7049ee1e118,e2f53449590b742ded8c1f603774fcb60056869adcce434876e6b210df8be23b,749,562,SRC0216
K (85).png,64ab8f9063325fef1e45a1c1fa01b9f4cd739f40854fd613ac283612fa7aa313,1908652eee74270e8d28b6cfa317fd5ac7c033f94ae115b50514235bdff62682,238,178,SRC0026
K (86).jpg,5b86ac69b0c6406bc61dc089f22c9b77210a5d4f4089f3000659c7049ee1e118,e2f53449590b742ded8c1f603774fcb60056869adcce434876e6b210df8be23b,749,562,SRC0216
K (86).png,64ab8f9063325fef1e45a1c1fa01b9f4cd739f40854fd613ac283612fa7aa313,1908652eee74270e8d28b6cfa317fd5ac7c033f94ae115b50514235bdff62682,238,178,SRC0026
K (87).jpg,5b86ac69b0c6406bc61dc089f22c9b77210a5d4f4089f3000659c7049ee1e118,e2f53449590b742ded8c1f603774fcb60056869adcce434876e6b210df8be23b,749,562,SRC0216
K (87).png,64ab8f9063325fef1e45a1c1fa01b9f4cd739f40854fd613ac283612fa7aa313,1908652eee74270e8d28b6cfa317fd5ac7c033f94ae115b50514235bdff62682,238,178,SRC0026
K (88).jpg,5b86ac69b0c6406bc61dc089f22c9b77210a5d4f4089f3000659c7049ee1e118,e2f53449590b742ded8c1f603774fcb60056869adcce434876e6b210df8be23b,749,562,SRC0216
K (88).png,64ab8f9063325fef1e45a1c1fa01b9f4cd739f40854fd613ac283612fa7aa313,1908652eee74270e8d28b6cfa317fd5ac7c033f94ae115b50514235bdff62682,238,178,SRC0026
K (89).jpg,8b9589cdffbdb3cfb01c3c7315bd872ceabca096c5dfb6d3adc7b16c0657db77,53b3381cdcfca3d943a8f48832ccfa2ddaf1c81d83ca480604d1174401ad540d,863,647,SRC0073
K (89).png,8a2e6cb8e1072d0648491b7484daf87593178ce41f4390449151054947748f7a,66e0342a7e902dbb8bdf3b5dee55a521a57ef3da3c622fd965b944f0144837cc,247,158,SRC0093
K (9).jpg,22407f0937a5cea293b7f180d087bf989a21ba79fec57ca0559d04bac95ce433,132d19efdd0133c4921f8f6d5804fd60c494c4d5bb964c94556cfa57a320fe33,1201,901,SRC0018
K (9).png,486650947e68ff0b3897717d28ad1949d574bf42404f9b32586926cbeb9014fc,14fa3d0b8c415d9e74e830e08b7b7c90882de31d793baf8d4dad18aa8f4aa2e2,253,93,SRC0020
K (90).jpg,8b9589cdffbdb3cfb01c3c7315bd872ceabca096c5dfb6d3adc7b16c0657db77,53b3381cdcfca3d943a8f48832ccfa2ddaf1c81d83ca480604d1174401ad540d,863,647,SRC0073
K (90).png,8a2e6cb8e1072d0648491b7484daf87593178ce41f4390449151054947748f7a,66e0342a7e902dbb8bdf3b5dee55a521a57ef3da3c622fd965b944f0144837cc,247,158,SRC0093
K (91).jpg,8b9589cdffbdb3cfb01c3c7315bd872ceabca096c5dfb6d3adc7b16c0657db77,53b3381cdcfca3d943a8f48832ccfa2ddaf1c81d83ca480604d1174401ad540d,863,647,SRC0073
K (91).png,8a2e6cb8e1072d0648491b7484daf87593178ce41f4390449151054947748f7a,66e0342a7e902dbb8bdf3b5dee55a521a57ef3da3c622fd965b944f0144837cc,247,158,SRC0093
K (92).jpg,8b9589cdffbdb3cfb01c3c7315bd872ceabca096c5dfb6d3adc7b16c0657db77,53b3381cdcfca3d943a8f48832ccfa2ddaf1c81d83ca480604d1174401ad540d,863,647,SRC0073
K (92).png,8a2e6cb8e1072d0648491b7484daf87593178ce41f4390449151054947748f7a,66e0342a7e902dbb8bdf3b5dee55a521a57ef3da3c622fd965b944f0144837cc,247,158,SRC0093
K (93).png,98b1fb98b3adce6b508e77b4cf9842c588e39acc1214be5123278fc1d75dd13b,c22d3c0aa610a9c35cc01fb0194e9996b2a80914903bb3321046813948857fe3,156,113,SRC0183
K (94).png,98b1fb98b3adce6b508e77b4cf9842c588e39acc1214be5123278fc1d75dd13b,c22d3c0aa610a9c35cc01fb0194e9996b2a80914903bb3321046813948857fe3,156,113,SRC0183
K (95).png,98b1fb98b3adce6b508e77b4cf9842c588e39acc1214be5123278fc1d75dd13b,c22d3c0aa610a9c35cc01fb0194e9996b2a80914903bb3321046813948857fe3,156,113,SRC0183
K (96).png,98b1fb98b3adce6b508e77b4cf9842c588e39acc1214be5123278fc1d75dd13b,c22d3c0aa610a9c35cc01fb0194e9996b2a80914903bb3321046813948857fe3,156,113,SRC0183
K (97).png,e95749ab4a50f07a2e1fddf0c895030afca1426314b16677697ad9efcb80ab0f,9e44391b17333c04da623bef5873675b7369ef68b65acfe1430a41bc23486114,149,112,SRC0143
K (98).png,e95749ab4a50f07a2e1fddf0c895030afca1426314b16677697ad9efcb80ab0f,9e44391b17333c04da623bef5873675b7369ef68b65acfe1430a41bc23486114,149,112,SRC0143
K (99).png,e95749ab4a50f07a2e1fddf0c895030afca1426314b16677697ad9efcb80ab0f,9e44391b17333c04da623bef5873675b7369ef68b65acfe1430a41bc23486114,149,112,SRC0143
