observation_id,source_id,source_content_sha256,augmentation_id,split,image_path,kelembapan_udara,kelembapan_tanah,ph_tanah,label_original,label_canonical,label_corrected_flag,label_basis,is_synthetic,parent_observation_id,augmentation_noise_rh,augmentation_noise_sm,augmentation_noise_ph,augmentation_rule
OBS0001,SRC0159,ab11fa89850678ce5f021c8cfc18cb30baefe83c3f6c8f5ac67e43e21a03a026,0,train,images/B (1).jpg,84.6,56.19,5.89,Bercak daun,Leaf spot,NO,original image class-code prefix 'B',NO,OBS0001,0.0,0.0,0.0,original measurement
OBS0001,SRC0159,ab11fa89850678ce5f021c8cfc18cb30baefe83c3f6c8f5ac67e43e21a03a026,1,train,images/B (1).jpg,84.4271,55.9825,5.8811,Bercak daun,Leaf spot,NO,original image class-code prefix 'B',YES,OBS0001,-0.172908,-0.207484,-0.008905,Gaussian perturbation; clipped to training-observed min/max
OBS0001,SRC0159,ab11fa89850678ce5f021c8cfc18cb30baefe83c3f6c8f5ac67e43e21a03a026,2,train,images/B (1).jpg,85.4424,56.0369,5.7702,Bercak daun,Leaf spot,NO,original image class-code prefix 'B',YES,OBS0001,0.84238,-0.153106,-0.119788,Gaussian perturbation; clipped to training-observed min/max
OBS0003,SRC0122,85c5cd52950831c0ebd21b84ee9caf63536160c56faec9a234705fbfca70c423,0,train,images/B (10).jpg,82.73,48.36,5.21,Bercak daun,Leaf spot,NO,original image class-code prefix 'B',NO,OBS0003,0.0,0.0,0.0,original measurement
OBS0003,SRC0122,85c5cd52950831c0ebd21b84ee9caf63536160c56faec9a234705fbfca70c423,1,train,images/B (10).jpg,83.1288,48.0392,5.1926,Bercak daun,Leaf spot,NO,original image class-code prefix 'B',YES,OBS0003,0.398782,-0.320805,-0.017357,Gaussian perturbation; clipped to training-observed min/max
OBS0003,SRC0122,85c5cd52950831c0ebd21b84ee9caf63536160c56faec9a234705fbfca70c423,2,train,images/B (10).jpg,82.8691,48.6388,5.3031,Bercak daun,Leaf spot,NO,original image class-code prefix 'B',YES,OBS0003,0.139062,0.278757,0.093085,Gaussian perturbation; clipped to training-observed min/max
OBS0005,SRC0012,0c07f85d9f1a0d941c8440060ad87a8ad0e1373163f0205ac9e6f3e3b6685891,0,train,images/B (100).jpg,83.97,50.2,4.8,Bercak daun,Leaf spot,NO,original image class-code prefix 'B',NO,OBS0005,0.0,0.0,0.0,original measurement
OBS0005,SRC0012,0c07f85d9f1a0d941c8440060ad87a8ad0e1373163f0205ac9e6f3e3b6685891,1,train,images/B (100).jpg,84.758,50.3326,4.7409,Bercak daun,Leaf spot,NO,original image class-code prefix 'B',YES,OBS0005,0.787964,0.132609,-0.059066,Gaussian perturbation; clipped to training-observed min/max
OBS0005,SRC0012,0c07f85d9f1a0d941c8440060ad87a8ad0e1373163f0205ac9e6f3e3b6685891,2,train,images/B (100).jpg,82.7524,50.4956,4.9049,Bercak daun,Leaf spot,NO,original image class-code prefix 'B',YES,OBS0005,-1.217595,0.295611,0.104886,Gaussian perturbation; clipped to training-observed min/max
OBS0006,SRC0224,edbf46d0c4da07df09d5e9e0fac25864788aa4fc28761da79471d501757ae0e2,0,train,images/B (100).png,78.13,53.24,6.1,Bercak daun,Leaf spot,NO,original image class-code prefix 'B',NO,OBS0006,0.0,0.0,0.0,original measurement
OBS0006,SRC0224,edbf46d0c4da07df09d5e9e0fac25864788aa4fc28761da79471d501757ae0e2,1,train,images/B (100).png,78.18,53.1124,6.1425,Bercak daun,Leaf spot,NO,original image class-code prefix 'B',YES,OBS0006,0.049988,-0.127588,0.042542,Gaussian perturbation; clipped to training-observed min/max
OBS0006,SRC0224,edbf46d0c4da07df09d5e9e0fac25864788aa4fc28761da79471d501757ae0e2,2,train,images/B (100).png,76.3857,52.8653,6.1392,Bercak daun,Leaf spot,NO,original image class-code prefix 'B',YES,OBS0006,-1.744254,-0.374733,0.039229,Gaussian perturbation; clipped to training-observed min/max
OBS0007,SRC0109,765b0cc336fb8680ece5bd3db3f9c8668352cfe1fdbeda6c0efa8383a795e568,0,train,images/B (101).jpg,92.15,51.79,5.42,Bercak daun,Leaf spot,NO,original image class-code prefix 'B',NO,OBS0007,0.0,0.0,0.0,original measurement
OBS0007,SRC0109,765b0cc336fb8680ece5bd3db3f9c8668352cfe1fdbeda6c0efa8383a795e568,1,train,images/B (101).jpg,93.1981,51.5012,5.4501,Bercak daun,Leaf spot,NO,original image class-code prefix 'B',YES,OBS0007,1.048085,-0.288756,0.030128,Gaussian perturbation; clipped to training-observed min/max
OBS0007,SRC0109,765b0cc336fb8680ece5bd3db3f9c8668352cfe1fdbeda6c0efa8383a795e568,2,train,images/B (101).jpg,92.4479,52.7288,5.3309,Bercak daun,Leaf spot,NO,original image class-code prefix 'B',YES,OBS0007,0.297856,0.938792,-0.089058,Gaussian perturbation; clipped to training-observed min/max
OBS0008,SRC0081,5dce6c49d8a6fbcebe4f97e17c6c92b6dde32cf1824fbf392eb009649d6bdf63,0,train,images/B (101).png,84.25,65.88,5.55,Bercak daun,Leaf spot,NO,original image class-code prefix 'B',NO,OBS0008,0.0,0.0,0.0,original measurement
OBS0008,SRC0081,5dce6c49d8a6fbcebe4f97e17c6c92b6dde32cf1824fbf392eb009649d6bdf63,1,train,images/B (101).png,84.9319,64.0626,5.3404,Bercak daun,Leaf spot,NO,original image class-code prefix 'B',YES,OBS0008,0.681901,-1.817424,-0.209596,Gaussian perturbation; clipped to training-observed min/max
OBS0008,SRC0081,5dce6c49d8a6fbcebe4f97e17c6c92b6dde32cf1824fbf392eb009649d6bdf63,2,train,images/B (101).png,83.5217,64.781,5.6201,Bercak daun,Leaf spot,NO,original image class-code prefix 'B',YES,OBS0008,-0.728269,-1.098972,0.070081,Gaussian perturbation; clipped to training-observed min/max
OBS0009,SRC0109,765b0cc336fb8680ece5bd3db3f9c8668352cfe1fdbeda6c0efa8383a795e568,0,train,images/B (102).jpg,79.05,50.7,5.47,Bercak daun,Leaf spot,NO,original image class-code prefix 'B',NO,OBS0009,0.0,0.0,0.0,original measurement
OBS0009,SRC0109,765b0cc336fb8680ece5bd3db3f9c8668352cfe1fdbeda6c0efa8383a795e568,1,train,images/B (102).jpg,79.8471,49.2371,5.5378,Bercak daun,Leaf spot,NO,original image class-code prefix 'B',YES,OBS0009,0.797119,-1.46289,0.067789,Gaussian perturbation; clipped to training-observed min/max
OBS0009,SRC0109,765b0cc336fb8680ece5bd3db3f9c8668352cfe1fdbeda6c0efa8383a795e568,2,train,images/B (102).jpg,77.8474,50.5965,5.4465,Bercak daun,Leaf spot,NO,original image class-code prefix 'B',YES,OBS0009,-1.202643,-0.103493,-0.023512,Gaussian perturbation; clipped to training-observed min/max
OBS0010,SRC0081,5dce6c49d8a6fbcebe4f97e17c6c92b6dde32cf1824fbf392eb009649d6bdf63,0,train,images/B (102).png,86.16,49.47,5.11,Bercak daun,Leaf spot,NO,original image class-code prefix 'B',NO,OBS0010,0.0,0.0,0.0,original measurement
OBS0010,SRC0081,5dce6c49d8a6fbcebe4f97e17c6c92b6dde32cf1824fbf392eb009649d6bdf63,1,train,images/B (102).png,86.2973,50.4524,5.1611,Bercak daun,Leaf spot,NO,original image class-code prefix 'B',YES,OBS0010,0.137304,0.982364,0.051073,Gaussian perturbation; clipped to training-observed min/max
OBS0010,SRC0081,5dce6c49d8a6fbcebe4f97e17c6c92b6dde32cf1824fbf392eb009649d6bdf63,2,train,images/B (102).png,86.5799,50.2499,5.1483,Bercak daun,Leaf spot,NO,original image class-code prefix 'B',YES,OBS0010,0.419862,0.779938,0.038279,Gaussian perturbation; clipped to training-observed min/max
OBS0011,SRC0109,765b0cc336fb8680ece5bd3db3f9c8668352cfe1fdbeda6c0efa8383a795e568,0,train,images/B (103).jpg,80.46,44.66,5.51,Bercak daun,Leaf spot,NO,original image class-code prefix 'B',NO,OBS0011,0.0,0.0,0.0,original measurement
OBS0011,SRC0109,765b0cc336fb8680ece5bd3db3f9c8668352cfe1fdbeda6c0efa8383a795e568,1,train,images/B (103).jpg,79.7076,43.7992,5.4724,Bercak daun,Leaf spot,NO,original image class-code prefix 'B',YES,OBS0011,-0.752383,-0.860845,-0.037597,Gaussian perturbation; clipped to training-observed min/max
OBS0011,SRC0109,765b0cc336fb8680ece5bd3db3f9c8668352cfe1fdbeda6c0efa8383a795e568,2,train,images/B (103).jpg,81.0592,44.3599,5.6969,Bercak daun,Leaf spot,NO,original image class-code prefix 'B',YES,OBS0011,0.599192,-0.300139,0.18686,Gaussian perturbation; clipped to training-observed min/max
OBS0012,SRC0196,d264a9cffc01c5f6d7a9799a9c533b6369f402a75ed8123193a8b3cc32137fe1,0,train,images/B (103).png,83.51,53.05,5.56,Bercak daun,Leaf spot,NO,original image class-code prefix 'B',NO,OBS0012,0.0,0.0,0.0,original measurement
OBS0012,SRC0196,d264a9cffc01c5f6d7a9799a9c533b6369f402a75ed8123193a8b3cc32137fe1,1,train,images/B (103).png,82.5268,51.7314,5.6215,Bercak daun,Leaf spot,NO,original image class-code prefix 'B',YES,OBS0012,-0.983151,-1.31865,0.061478,Gaussian perturbation; clipped to training-observed min/max
OBS0012,SRC0196,d264a9cffc01c5f6d7a9799a9c533b6369f402a75ed8123193a8b3cc32137fe1,2,train,images/B (103).png,85.2162,53.6568,5.6269,Bercak daun,Leaf spot,NO,original image class-code prefix 'B',YES,OBS0012,1.70622,0.606831,0.066865,Gaussian perturbation; clipped to training-observed min/max
OBS0013,SRC0109,765b0cc336fb8680ece5bd3db3f9c8668352cfe1fdbeda6c0efa8383a795e568,0,train,images/B (104).jpg,82.31,43.84,6.07,Bercak daun,Leaf spot,NO,original image class-code prefix 'B',NO,OBS0013,0.0,0.0,0.0,original measurement
OBS0013,SRC0109,765b0cc336fb8680ece5bd3db3f9c8668352cfe1fdbeda6c0efa8383a795e568,1,train,images/B (104).jpg,84.0216,43.7272,5.9562,Bercak daun,Leaf spot,NO,original image class-code prefix 'B',YES,OBS0013,1.711614,-0.112833,-0.113837,Gaussian perturbation; clipped to training-observed min/max
OBS0013,SRC0109,765b0cc336fb8680ece5bd3db3f9c8668352cfe1fdbeda6c0efa8383a795e568,2,train,images/B (104).jpg,81.6715,44.9835,5.9545,Bercak daun,Leaf spot,NO,original image class-code prefix 'B',YES,OBS0013,-0.638492,1.143475,-0.115494,Gaussian perturbation; clipped to training-observed min/max
OBS0014,SRC0196,d264a9cffc01c5f6d7a9799a9c533b6369f402a75ed8123193a8b3cc32137fe1,0,train,images/B (104).png,69.52,55.95,4.94,Bercak daun,Leaf spot,NO,original image class-code prefix 'B',NO,OBS0014,0.0,0.0,0.0,original measurement
OBS0014,SRC0196,d264a9cffc01c5f6d7a9799a9c533b6369f402a75ed8123193a8b3cc32137fe1,1,train,images/B (104).png,69.5602,56.2539,4.9148,Bercak daun,Leaf spot,NO,original image class-code prefix 'B',YES,OBS0014,0.040238,0.303885,-0.025247,Gaussian perturbation; clipped to training-observed min/max
OBS0014,SRC0196,d264a9cffc01c5f6d7a9799a9c533b6369f402a75ed8123193a8b3cc32137fe1,2,train,images/B (104).png,70.3884,56.6469,5.1257,Bercak daun,Leaf spot,NO,original image class-code prefix 'B',YES,OBS0014,0.868358,0.696936,0.185713,Gaussian perturbation; clipped to training-observed min/max
OBS0015,SRC0019,14868e12bb61204d4680f3f9fac12b0ea3f012ab19d4ed11bf92816f4499ff19,0,train,images/B (105).png,67.1,65.32,5.44,Bercak daun,Leaf spot,NO,original image class-code prefix 'B',NO,OBS0015,0.0,0.0,0.0,original measurement
OBS0015,SRC0019,14868e12bb61204d4680f3f9fac12b0ea3f012ab19d4ed11bf92816f4499ff19,1,train,images/B (105).png,67.844,64.5887,5.3951,Bercak daun,Leaf spot,NO,original image class-code prefix 'B',YES,OBS0015,0.743961,-0.731284,-0.044944,Gaussian perturbation; clipped to training-observed min/max
OBS0015,SRC0019,14868e12bb61204d4680f3f9fac12b0ea3f012ab19d4ed11bf92816f4499ff19,2,train,images/B (105).png,66.1021,66.4627,5.3947,Bercak daun,Leaf spot,NO,original image class-code prefix 'B',YES,OBS0015,-0.997897,1.142728,-0.045347,Gaussian perturbation; clipped to training-observed min/max
OBS0016,SRC0019,14868e12bb61204d4680f3f9fac12b0ea3f012ab19d4ed11bf92816f4499ff19,0,train,images/B (106).png,80.31,46.41,6.43,Bercak daun,Leaf spot,NO,original image class-code prefix 'B',NO,OBS0016,0.0,0.0,0.0,original measurement
OBS0016,SRC0019,14868e12bb61204d4680f3f9fac12b0ea3f012ab19d4ed11bf92816f4499ff19,1,train,images/B (106).png,80.2257,47.3092,6.3721,Bercak daun,Leaf spot,NO,original image class-code prefix 'B',YES,OBS0016,-0.084313,0.899163,-0.057877,Gaussian perturbation; clipped to training-observed min/max
OBS0016,SRC0019,14868e12bb61204d4680f3f9fac12b0ea3f012ab19d4ed11bf92816f4499ff19,2,train,images/B (106).png,79.9576,44.2005,6.3434,Bercak daun,Leaf spot,NO,original image class-code prefix 'B',YES,OBS0016,-0.35239,-2.209544,-0.086598,Gaussian perturbation; clipped to training-observed min/max
OBS0017,SRC0194,d1eacbd4bde7348a423c563ca65efaa8e40a5ad16c8c64ef73559bc8e2791105,0,train,images/B (107).png,76.34,43.44,5.43,Bercak daun,Leaf spot,NO,original image class-code prefix 'B',NO,OBS0017,0.0,0.0,0.0,original measurement
OBS0017,SRC0194,d1eacbd4bde7348a423c563ca65efaa8e40a5ad16c8c64ef73559bc8e2791105,1,train,images/B (107).png,75.6587,43.9389,5.5255,Bercak daun,Leaf spot,NO,original image class-code prefix 'B',YES,OBS0017,-0.681284,0.498913,0.095479,Gaussian perturbation; clipped to training-observed min/max
OBS0017,SRC0194,d1eacbd4bde7348a423c563ca65efaa8e40a5ad16c8c64ef73559bc8e2791105,2,train,images/B (107).png,76.3178,43.7536,5.4434,Bercak daun,Leaf spot,NO,original image class-code prefix 'B',YES,OBS0017,-0.02216,0.313637,0.013438,Gaussian perturbation; clipped to training-observed min/max
OBS0018,SRC0194,d1eacbd4bde7348a423c563ca65efaa8e40a5ad16c8c64ef73559bc8e2791105,0,train,images/B (108).png,87.02,59.45,5.53,Bercak daun,Leaf spot,NO,original image class-code prefix 'B',NO,OBS0018,0.0,0.0,0.0,original measurement
OBS0018,SRC0194,d1eacbd4bde7348a423c563ca65efaa8e40a5ad16c8c64ef73559bc8e2791105,1,train,images/B (108).png,88.3217,60.522,5.5519,Bercak daun,Leaf spot,NO,original image class-code prefix 'B',YES,OBS0018,1.301689,1.072026,0.021895,Gaussian perturbation; clipped to training-observed min/max
OBS0018,SRC0194,d1eacbd4bde7348a423c563ca65efaa8e40a5ad16c8c64ef73559bc8e2791105,2,train,images/B (108).png,85.8069,60.5341,5.5605,Bercak daun,Leaf spot,NO,original image class-code prefix 'B',YES,OBS0018,-1.213133,1.084062,0.030484,Gaussian perturbation; clipped to training-observed min/max
OBS0019,SRC0092,65079fd9283fb9d34d45f2785aba6963e030d2f8c91c397fee2ef99eff11396a,0,train,images/B (109).png,77.48,52.63,5.49,Bercak daun,Leaf spot,NO,original image class-code prefix 'B',NO,OBS0019,0.0,0.0,0.0,original measurement
OBS0019,SRC0092,65079fd9283fb9d34d45f2785aba6963e030d2f8c91c397fee2ef99eff11396a,1,train,images/B (109).png,78.9523,52.5941,5.6462,Bercak daun,Leaf spot,NO,original image class-code prefix 'B',YES,OBS0019,1.47233,-0.035888,0.156248,Gaussian perturbation; clipped to training-observed min/max
OBS0019,SRC0092,65079fd9283fb9d34d45f2785aba6963e030d2f8c91c397fee2ef99eff11396a,2,train,images/B (109).png,77.0493,54.5417,5.4992,Bercak daun,Leaf spot,NO,original image class-code prefix 'B',YES,OBS0019,-0.430652,1.911672,0.00921,Gaussian perturbation; clipped to training-observed min/max
OBS0020,SRC0072,53aaf229279b4be690777f738c7c40e5e5e0d5e61f60ddd8e7f8a16918575134,0,train,images/B (11).jpg,70.58,51.56,5.51,Bercak daun,Leaf spot,NO,original image class-code prefix 'B',NO,OBS0020,0.0,0.0,0.0,original measurement
OBS0020,SRC0072,53aaf229279b4be690777f738c7c40e5e5e0d5e61f60ddd8e7f8a16918575134,1,train,images/B (11).jpg,69.9605,50.2059,5.4979,Bercak daun,Leaf spot,NO,original image class-code prefix 'B',YES,OBS0020,-0.619523,-1.354137,-0.012082,Gaussian perturbation; clipped to training-observed min/max
OBS0020,SRC0072,53aaf229279b4be690777f738c7c40e5e5e0d5e61f60ddd8e7f8a16918575134,2,train,images/B (11).jpg,72.288,52.5396,5.5651,Bercak daun,Leaf spot,NO,original image class-code prefix 'B',YES,OBS0020,1.707985,0.979649,0.055111,Gaussian perturbation; clipped to training-observed min/max
OBS0021,SRC0193,d1dbc1116a9b09246b7fd7da2d356f35190b841f76ee73dd44f1ea2e732806d7,0,train,images/B (11).png,91.03,51.03,5.94,Bercak daun,Leaf spot,NO,original image class-code prefix 'B',NO,OBS0021,0.0,0.0,0.0,original measurement
OBS0021,SRC0193,d1dbc1116a9b09246b7fd7da2d356f35190b841f76ee73dd44f1ea2e732806d7,1,train,images/B (11).png,88.179,51.8832,5.9845,Bercak daun,Leaf spot,NO,original image class-code prefix 'B',YES,OBS0021,-2.851047,0.853157,0.044468,Gaussian perturbation; clipped to training-observed min/max
OBS0021,SRC0193,d1dbc1116a9b09246b7fd7da2d356f35190b841f76ee73dd44f1ea2e732806d7,2,train,images/B (11).png,90.3701,50.2771,5.9398,Bercak daun,Leaf spot,NO,original image class-code prefix 'B',YES,OBS0021,-0.659912,-0.752861,-0.000185,Gaussian perturbation; clipped to training-observed min/max
OBS0022,SRC0092,65079fd9283fb9d34d45f2785aba6963e030d2f8c91c397fee2ef99eff11396a,0,train,images/B (110).png,79.74,39.96,5.8,Karat daun,Leaf spot,YES,original image class-code prefix 'B',NO,OBS0022,0.0,0.0,0.0,original measurement
OBS0022,SRC0092,65079fd9283fb9d34d45f2785aba6963e030d2f8c91c397fee2ef99eff11396a,1,train,images/B (110).png,81.8099,38.6939,5.7658,Karat daun,Leaf spot,YES,original image class-code prefix 'B',YES,OBS0022,2.069852,-1.266121,-0.034224,Gaussian perturbation; clipped to training-observed min/max
OBS0022,SRC0092,65079fd9283fb9d34d45f2785aba6963e030d2f8c91c397fee2ef99eff11396a,2,train,images/B (110).png,81.3741,39.4246,5.7709,Karat daun,Leaf spot,YES,original image class-code prefix 'B',YES,OBS0022,1.634142,-0.535381,-0.02914,Gaussian perturbation; clipped to training-observed min/max
OBS0025,SRC0021,1522a7f7f912a1e02ed8981e72096d3401a185a2aef93f5c81ab18bbf228f911,0,train,images/B (113).png,74.51,51.17,5.87,Bercak daun,Leaf spot,NO,original image class-code prefix 'B',NO,OBS0025,0.0,0.0,0.0,original measurement
OBS0025,SRC0021,1522a7f7f912a1e02ed8981e72096d3401a185a2aef93f5c81ab18bbf228f911,1,train,images/B (113).png,74.6273,49.6805,5.8876,Bercak daun,Leaf spot,NO,original image class-code prefix 'B',YES,OBS0025,0.117332,-1.489547,0.017596,Gaussian perturbation; clipped to training-observed min/max
OBS0025,SRC0021,1522a7f7f912a1e02ed8981e72096d3401a185a2aef93f5c81ab18bbf228f911,2,train,images/B (113).png,73.0585,52.2322,5.8703,Bercak daun,Leaf spot,NO,original image class-code prefix 'B',YES,OBS0025,-1.451541,1.062238,0.000254,Gaussian perturbation; clipped to training-observed min/max
OBS0026,SRC0021,1522a7f7f912a1e02ed8981e72096d3401a185a2aef93f5c81ab18bbf228f911,0,train,images/B (114).png,85.28,52.19,5.14,Bercak daun,Leaf spot,NO,original image class-code prefix 'B',NO,OBS0026,0.0,0.0,0.0,original measurement
OBS0026,SRC0021,1522a7f7f912a1e02ed8981e72096d3401a185a2aef93f5c81ab18bbf228f911,1,train,images/B (114).png,88.0201,52.527,5.2493,Bercak daun,Leaf spot,NO,original image class-code prefix 'B',YES,OBS0026,2.740118,0.337009,0.109255,Gaussian perturbation; clipped to training-observed min/max
OBS0026,SRC0021,1522a7f7f912a1e02ed8981e72096d3401a185a2aef93f5c81ab18bbf228f911,2,train,images/B (114).png,83.7161,52.0434,5.1659,Bercak daun,Leaf spot,NO,original image class-code prefix 'B',YES,OBS0026,-1.563917,-0.146567,0.025852,Gaussian perturbation; clipped to training-observed min/max
OBS0027,SRC0106,734919706e08ff15aecb434f1ca3b85b702123226885d73ac3b5c1bb435bec7c,0,train,images/B (115).png,73.75,50.02,6.1,Bercak daun,Leaf spot,NO,original image class-code prefix 'B',NO,OBS0027,0.0,0.0,0.0,original measurement
OBS0027,SRC0106,734919706e08ff15aecb434f1ca3b85b702123226885d73ac3b5c1bb435bec7c,1,train,images/B (115).png,75.8449,48.0029,6.1792,Bercak daun,Leaf spot,NO,original image class-code prefix 'B',YES,OBS0027,2.094865,-2.017099,0.07925,Gaussian perturbation; clipped to training-observed min/max
OBS0027,SRC0106,734919706e08ff15aecb434f1ca3b85b702123226885d73ac3b5c1bb435bec7c,2,train,images/B (115).png,74.4596,51.8603,6.157,Bercak daun,Leaf spot,NO,original image class-code prefix 'B',YES,OBS0027,0.709625,1.840255,0.056991,Gaussian perturbation; clipped to training-observed min/max
OBS0028,SRC0106,734919706e08ff15aecb434f1ca3b85b702123226885d73ac3b5c1bb435bec7c,0,train,images/B (116).png,86.05,52.48,6.09,Bercak daun,Leaf spot,NO,original image class-code prefix 'B',NO,OBS0028,0.0,0.0,0.0,original measurement
OBS0028,SRC0106,734919706e08ff15aecb434f1ca3b85b702123226885d73ac3b5c1bb435bec7c,1,train,images/B (116).png,86.1125,51.854,5.9901,Bercak daun,Leaf spot,NO,original image class-code prefix 'B',YES,OBS0028,0.062485,-0.62598,-0.099854,Gaussian perturbation; clipped to training-observed min/max
OBS0028,SRC0106,734919706e08ff15aecb434f1ca3b85b702123226885d73ac3b5c1bb435bec7c,2,train,images/B (116).png,86.2845,52.25,6.2516,Bercak daun,Leaf spot,NO,original image class-code prefix 'B',YES,OBS0028,0.234507,-0.230036,0.161621,Gaussian perturbation; clipped to training-observed min/max
OBS0029,SRC0100,6d38de8f3df8a1ceb7525497e01220c5f8c010dc0997055ec5f220889b7545b9,0,train,images/B (117).png,76.9,54.53,5.65,Bercak daun,Leaf spot,NO,original image class-code prefix 'B',NO,OBS0029,0.0,0.0,0.0,original measurement
OBS0029,SRC0100,6d38de8f3df8a1ceb7525497e01220c5f8c010dc0997055ec5f220889b7545b9,1,train,images/B (117).png,76.1668,54.9145,5.5245,Bercak daun,Leaf spot,NO,original image class-code prefix 'B',YES,OBS0029,-0.73323,0.38447,-0.12552,Gaussian perturbation; clipped to training-observed min/max
OBS0029,SRC0100,6d38de8f3df8a1ceb7525497e01220c5f8c010dc0997055ec5f220889b7545b9,2,train,images/B (117).png,76.4254,54.8434,5.7159,Bercak daun,Leaf spot,NO,original image class-code prefix 'B',YES,OBS0029,-0.474555,0.313377,0.065917,Gaussian perturbation; clipped to training-observed min/max
OBS0030,SRC0100,6d38de8f3df8a1ceb7525497e01220c5f8c010dc0997055ec5f220889b7545b9,0,train,images/B (118).png,81.84,68.94,5.09,Bercak daun,Leaf spot,NO,original image class-code prefix 'B',NO,OBS0030,0.0,0.0,0.0,original measurement
OBS0030,SRC0100,6d38de8f3df8a1ceb7525497e01220c5f8c010dc0997055ec5f220889b7545b9,1,train,images/B (118).png,83.5777,68.887,5.0006,Bercak daun,Leaf spot,NO,original image class-code prefix 'B',YES,OBS0030,1.737722,-0.052978,-0.08938,Gaussian perturbation; clipped to training-observed min/max
OBS0030,SRC0100,6d38de8f3df8a1ceb7525497e01220c5f8c010dc0997055ec5f220889b7545b9,2,train,images/B (118).png,82.3894,69.5604,5.1293,Bercak daun,Leaf spot,NO,original image class-code prefix 'B',YES,OBS0030,0.54942,0.620385,0.039333,Gaussian perturbation; clipped to training-observed min/max
OBS0031,SRC0135,93deab2b9b015f9a208839c169620ed379b8da8792b017385b6dc17d7e0db1b0,0,train,images/B (119).png,75.17,52.98,6.23,Bercak daun,Leaf spot,NO,original image class-code prefix 'B',NO,OBS0031,0.0,0.0,0.0,original measurement
OBS0031,SRC0135,93deab2b9b015f9a208839c169620ed379b8da8792b017385b6dc17d7e0db1b0,1,train,images/B (119).png,74.3297,54.3401,6.237,Bercak daun,Leaf spot,NO,original image class-code prefix 'B',YES,OBS0031,-0.840345,1.360061,0.007032,Gaussian perturbation; clipped to training-observed min/max
OBS0031,SRC0135,93deab2b9b015f9a208839c169620ed379b8da8792b017385b6dc17d7e0db1b0,2,train,images/B (119).png,76.0098,54.5089,6.2787,Bercak daun,Leaf spot,NO,original image class-code prefix 'B',YES,OBS0031,0.83979,1.528888,0.048742,Gaussian perturbation; clipped to training-observed min/max
OBS0032,SRC0072,53aaf229279b4be690777f738c7c40e5e5e0d5e61f60ddd8e7f8a16918575134,0,train,images/B (12).jpg,95.09,49.52,5.5,Bercak daun,Leaf spot,NO,original image class-code prefix 'B',NO,OBS0032,0.0,0.0,0.0,original measurement
OBS0032,SRC0072,53aaf229279b4be690777f738c7c40e5e5e0d5e61f60ddd8e7f8a16918575134,1,train,images/B (12).jpg,95.4338,52.1034,5.5195,Bercak daun,Leaf spot,NO,original image class-code prefix 'B',YES,OBS0032,0.343819,2.583354,0.019496,Gaussian perturbation; clipped to training-observed min/max
OBS0032,SRC0072,53aaf229279b4be690777f738c7c40e5e5e0d5e61f60ddd8e7f8a16918575134,2,train,images/B (12).jpg,94.7348,49.6544,5.6186,Bercak daun,Leaf spot,NO,original image class-code prefix 'B',YES,OBS0032,-0.355157,0.13436,0.118621,Gaussian perturbation; clipped to training-observed min/max
OBS0033,SRC0193,d1dbc1116a9b09246b7fd7da2d356f35190b841f76ee73dd44f1ea2e732806d7,0,train,images/B (12).png,82.61,42.31,4.24,Jamur lain,Leaf spot,YES,original image class-code prefix 'B',NO,OBS0033,0.0,0.0,0.0,original measurement
OBS0033,SRC0193,d1dbc1116a9b09246b7fd7da2d356f35190b841f76ee73dd44f1ea2e732806d7,1,train,images/B (12).png,82.7525,42.9333,4.3357,Jamur lain,Leaf spot,YES,original image class-code prefix 'B',YES,OBS0033,0.142455,0.623253,0.095659,Gaussian perturbation; clipped to training-observed min/max
OBS0033,SRC0193,d1dbc1116a9b09246b7fd7da2d356f35190b841f76ee73dd44f1ea2e732806d7,2,train,images/B (12).png,81.9946,40.2381,4.264,Jamur lain,Leaf spot,YES,original image class-code prefix 'B',YES,OBS0033,-0.61543,-2.071884,0.023954,Gaussian perturbation; clipped to training-observed min/max
OBS0034,SRC0135,93deab2b9b015f9a208839c169620ed379b8da8792b017385b6dc17d7e0db1b0,0,train,images/B (120).png,72.09,42.56,6.03,Bercak daun,Leaf spot,NO,original image class-code prefix 'B',NO,OBS0034,0.0,0.0,0.0,original measurement
OBS0034,SRC0135,93deab2b9b015f9a208839c169620ed379b8da8792b017385b6dc17d7e0db1b0,1,train,images/B (120).png,72.3657,41.8304,6.0997,Bercak daun,Leaf spot,NO,original image class-code prefix 'B',YES,OBS0034,0.275682,-0.729612,0.069687,Gaussian perturbation; clipped to training-observed min/max
OBS0034,SRC0135,93deab2b9b015f9a208839c169620ed379b8da8792b017385b6dc17d7e0db1b0,2,train,images/B (120).png,72.8191,41.366,6.0715,Bercak daun,Leaf spot,NO,original image class-code prefix 'B',YES,OBS0034,0.729081,-1.193991,0.041457,Gaussian perturbation; clipped to training-observed min/max
OBS0041,SRC0105,71b8cc7312ff69243327712c3377622d5f52091568989f1d0c2f3f13e0c833c6,0,train,images/B (127).png,90.07,72.39,5.65,Sehat,Leaf spot,YES,original image class-code prefix 'B',NO,OBS0041,0.0,0.0,0.0,original measurement
OBS0041,SRC0105,71b8cc7312ff69243327712c3377622d5f52091568989f1d0c2f3f13e0c833c6,1,train,images/B (127).png,89.8347,70.6104,5.6862,Sehat,Leaf spot,YES,original image class-code prefix 'B',YES,OBS0041,-0.235326,-1.77963,0.036236,Gaussian perturbation; clipped to training-observed min/max
OBS0041,SRC0105,71b8cc7312ff69243327712c3377622d5f52091568989f1d0c2f3f13e0c833c6,2,train,images/B (127).png,90.0157,71.4957,5.6918,Sehat,Leaf spot,YES,original image class-code prefix 'B',YES,OBS0041,-0.054258,-0.894339,0.041836,Gaussian perturbation; clipped to training-observed min/max
OBS0042,SRC0105,71b8cc7312ff69243327712c3377622d5f52091568989f1d0c2f3f13e0c833c6,0,train,images/B (128).png,80.1,45.83,5.38,Bercak daun,Leaf spot,NO,original image class-code prefix 'B',NO,OBS0042,0.0,0.0,0.0,original measurement
OBS0042,SRC0105,71b8cc7312ff69243327712c3377622d5f52091568989f1d0c2f3f13e0c833c6,1,train,images/B (128).png,80.6857,45.137,5.412,Bercak daun,Leaf spot,NO,original image class-code prefix 'B',YES,OBS0042,0.585712,-0.693045,0.032028,Gaussian perturbation; clipped to training-observed min/max
OBS0042,SRC0105,71b8cc7312ff69243327712c3377622d5f52091568989f1d0c2f3f13e0c833c6,2,train,images/B (128).png,81.3181,44.9748,5.4105,Bercak daun,Leaf spot,NO,original image class-code prefix 'B',YES,OBS0042,1.218078,-0.8552,0.030471,Gaussian perturbation; clipped to training-observed min/max
OBS0045,SRC0063,4671701849b4354961126aaa340588722c5e0ae1e25f7bbcabed0e86c4b54d33,0,train,images/B (131).png,69.47,54.81,5.44,Bercak daun,Leaf spot,NO,original image class-code prefix 'B',NO,OBS0045,0.0,0.0,0.0,original measurement
OBS0045,SRC0063,4671701849b4354961126aaa340588722c5e0ae1e25f7bbcabed0e86c4b54d33,1,train,images/B (131).png,69.4733,57.5292,5.291,Bercak daun,Leaf spot,NO,original image class-code prefix 'B',YES,OBS0045,0.003307,2.719212,-0.148984,Gaussian perturbation; clipped to training-observed min/max
OBS0045,SRC0063,4671701849b4354961126aaa340588722c5e0ae1e25f7bbcabed0e86c4b54d33,2,train,images/B (131).png,70.3043,54.4425,5.432,Bercak daun,Leaf spot,NO,original image class-code prefix 'B',YES,OBS0045,0.834341,-0.367494,-0.008016,Gaussian perturbation; clipped to training-observed min/max
OBS0046,SRC0063,4671701849b4354961126aaa340588722c5e0ae1e25f7bbcabed0e86c4b54d33,0,train,images/B (132).png,76.23,64.19,6.18,Bercak daun,Leaf spot,NO,original image class-code prefix 'B',NO,OBS0046,0.0,0.0,0.0,original measurement
OBS0046,SRC0063,4671701849b4354961126aaa340588722c5e0ae1e25f7bbcabed0e86c4b54d33,1,train,images/B (132).png,78.5119,64.1797,6.3593,Bercak daun,Leaf spot,NO,original image class-code prefix 'B',YES,OBS0046,2.281907,-0.010288,0.179275,Gaussian perturbation; clipped to training-observed min/max
OBS0046,SRC0063,4671701849b4354961126aaa340588722c5e0ae1e25f7bbcabed0e86c4b54d33,2,train,images/B (132).png,75.6994,64.6106,6.1407,Bercak daun,Leaf spot,NO,original image class-code prefix 'B',YES,OBS0046,-0.530578,0.420614,-0.039268,Gaussian perturbation; clipped to training-observed min/max
OBS0049,SRC0059,440718ebf928bb8a0e0a15f2375788a0bea13b759788945e591236e94c92ae46,0,train,images/B (135).png,82.79,51.21,5.8,Bercak daun,Leaf spot,NO,original image class-code prefix 'B',NO,OBS0049,0.0,0.0,0.0,original measurement
OBS0049,SRC0059,440718ebf928bb8a0e0a15f2375788a0bea13b759788945e591236e94c92ae46,1,train,images/B (135).png,81.9612,51.285,5.7774,Bercak daun,Leaf spot,NO,original image class-code prefix 'B',YES,OBS0049,-0.828826,0.07498,-0.022606,Gaussian perturbation; clipped to training-observed min/max
OBS0049,SRC0059,440718ebf928bb8a0e0a15f2375788a0bea13b759788945e591236e94c92ae46,2,train,images/B (135).png,83.033,48.684,5.9602,Bercak daun,Leaf spot,NO,original image class-code prefix 'B',YES,OBS0049,0.24299,-2.526033,0.160197,Gaussian perturbation; clipped to training-observed min/max
OBS0050,SRC0059,440718ebf928bb8a0e0a15f2375788a0bea13b759788945e591236e94c92ae46,0,train,images/B (136).png,71.06,54.72,6.23,Bercak daun,Leaf spot,NO,original image class-code prefix 'B',NO,OBS0050,0.0,0.0,0.0,original measurement
OBS0050,SRC0059,440718ebf928bb8a0e0a15f2375788a0bea13b759788945e591236e94c92ae46,1,train,images/B (136).png,70.8596,56.8115,6.1494,Bercak daun,Leaf spot,NO,original image class-code prefix 'B',YES,OBS0050,-0.200396,2.091487,-0.080569,Gaussian perturbation; clipped to training-observed min/max
OBS0050,SRC0059,440718ebf928bb8a0e0a15f2375788a0bea13b759788945e591236e94c92ae46,2,train,images/B (136).png,71.411,58.5179,6.1604,Bercak daun,Leaf spot,NO,original image class-code prefix 'B',YES,OBS0050,0.351043,3.797931,-0.069578,Gaussian perturbation; clipped to training-observed min/max
OBS0054,SRC0009,09c878106eaf5a931dda0893d81a1adeb3b9ec5f972195c2c7488c68c76a1b3f,0,train,images/B (14).jpg,88.53,58.28,5.5,Bercak daun,Leaf spot,NO,original image class-code prefix 'B',NO,OBS0054,0.0,0.0,0.0,original measurement
OBS0054,SRC0009,09c878106eaf5a931dda0893d81a1adeb3b9ec5f972195c2c7488c68c76a1b3f,1,train,images/B (14).jpg,86.7356,57.6242,5.5378,Bercak daun,Leaf spot,NO,original image class-code prefix 'B',YES,OBS0054,-1.79436,-0.655811,0.037799,Gaussian perturbation; clipped to training-observed min/max
OBS0054,SRC0009,09c878106eaf5a931dda0893d81a1adeb3b9ec5f972195c2c7488c68c76a1b3f,2,train,images/B (14).jpg,89.362,59.8284,5.4794,Bercak daun,Leaf spot,NO,original image class-code prefix 'B',YES,OBS0054,0.832008,1.54844,-0.020561,Gaussian perturbation; clipped to training-observed min/max
OBS0057,SRC0058,4380227b5332769b84c1c8ed4044ea99ba99678ee552557ac7e7349e918db9ac,0,train,images/B (141).png,72.92,51.82,5.2,Bercak daun,Leaf spot,NO,original image class-code prefix 'B',NO,OBS0057,0.0,0.0,0.0,original measurement
OBS0057,SRC0058,4380227b5332769b84c1c8ed4044ea99ba99678ee552557ac7e7349e918db9ac,1,train,images/B (141).png,70.9973,51.298,5.2992,Bercak daun,Leaf spot,NO,original image class-code prefix 'B',YES,OBS0057,-1.922701,-0.522036,0.099218,Gaussian perturbation; clipped to training-observed min/max
OBS0057,SRC0058,4380227b5332769b84c1c8ed4044ea99ba99678ee552557ac7e7349e918db9ac,2,train,images/B (141).png,73.4788,49.4717,5.1972,Bercak daun,Leaf spot,NO,original image class-code prefix 'B',YES,OBS0057,0.558795,-2.348327,-0.002804,Gaussian perturbation; clipped to training-observed min/max
OBS0058,SRC0058,4380227b5332769b84c1c8ed4044ea99ba99678ee552557ac7e7349e918db9ac,0,train,images/B (142).png,76.14,53.07,4.88,Bercak daun,Leaf spot,NO,original image class-code prefix 'B',NO,OBS0058,0.0,0.0,0.0,original measurement
OBS0058,SRC0058,4380227b5332769b84c1c8ed4044ea99ba99678ee552557ac7e7349e918db9ac,1,train,images/B (142).png,77.8178,55.6219,4.9249,Bercak daun,Leaf spot,NO,original image class-code prefix 'B',YES,OBS0058,1.677802,2.551858,0.044935,Gaussian perturbation; clipped to training-observed min/max
OBS0058,SRC0058,4380227b5332769b84c1c8ed4044ea99ba99678ee552557ac7e7349e918db9ac,2,train,images/B (142).png,76.5112,51.5818,4.8125,Bercak daun,Leaf spot,NO,original image class-code prefix 'B',YES,OBS0058,0.371163,-1.488247,-0.067459,Gaussian perturbation; clipped to training-observed min/max
OBS0059,SRC0061,44caa2fc8edb2d369dfcf9c46185508f7e053b8075e1da70f5d4f8fd0b76e622,0,train,images/B (143).png,85.96,56.58,6.11,Bercak daun,Leaf spot,NO,original image class-code prefix 'B',NO,OBS0059,0.0,0.0,0.0,original measurement
OBS0059,SRC0061,44caa2fc8edb2d369dfcf9c46185508f7e053b8075e1da70f5d4f8fd0b76e622,1,train,images/B (143).png,86.0163,57.1838,6.1564,Bercak daun,Leaf spot,NO,original image class-code prefix 'B',YES,OBS0059,0.056299,0.603837,0.046415,Gaussian perturbation; clipped to training-observed min/max
OBS0059,SRC0061,44caa2fc8edb2d369dfcf9c46185508f7e053b8075e1da70f5d4f8fd0b76e622,2,train,images/B (143).png,85.3861,55.1977,6.0478,Bercak daun,Leaf spot,NO,original image class-code prefix 'B',YES,OBS0059,-0.57385,-1.382331,-0.062223,Gaussian perturbation; clipped to training-observed min/max
OBS0060,SRC0061,44caa2fc8edb2d369dfcf9c46185508f7e053b8075e1da70f5d4f8fd0b76e622,0,train,images/B (144).png,87.82,51.06,6.07,Bercak daun,Leaf spot,NO,original image class-code prefix 'B',NO,OBS0060,0.0,0.0,0.0,original measurement
OBS0060,SRC0061,44caa2fc8edb2d369dfcf9c46185508f7e053b8075e1da70f5d4f8fd0b76e622,1,train,images/B (144).png,86.4316,51.8321,5.885,Bercak daun,Leaf spot,NO,original image class-code prefix 'B',YES,OBS0060,-1.388369,0.772091,-0.184982,Gaussian perturbation; clipped to training-observed min/max
OBS0060,SRC0061,44caa2fc8edb2d369dfcf9c46185508f7e053b8075e1da70f5d4f8fd0b76e622,2,train,images/B (144).png,87.4201,51.5999,6.1918,Bercak daun,Leaf spot,NO,original image class-code prefix 'B',YES,OBS0060,-0.399934,0.539854,0.121761,Gaussian perturbation; clipped to training-observed min/max
OBS0061,SRC0201,d585ef7e4a43dbe7d3b04aaa6f8a29c2f3bffce22cfd3c17e11266ed4b809801,0,train,images/B (145).png,77.96,50.53,5.8,Bercak daun,Leaf spot,NO,original image class-code prefix 'B',NO,OBS0061,0.0,0.0,0.0,original measurement
OBS0061,SRC0201,d585ef7e4a43dbe7d3b04aaa6f8a29c2f3bffce22cfd3c17e11266ed4b809801,1,train,images/B (145).png,78.0456,51.7315,5.7681,Bercak daun,Leaf spot,NO,original image class-code prefix 'B',YES,OBS0061,0.08556,1.201541,-0.03192,Gaussian perturbation; clipped to training-observed min/max
OBS0061,SRC0201,d585ef7e4a43dbe7d3b04aaa6f8a29c2f3bffce22cfd3c17e11266ed4b809801,2,train,images/B (145).png,77.0667,49.7207,5.9222,Bercak daun,Leaf spot,NO,original image class-code prefix 'B',YES,OBS0061,-0.893285,-0.809272,0.122187,Gaussian perturbation; clipped to training-observed min/max
OBS0062,SRC0201,d585ef7e4a43dbe7d3b04aaa6f8a29c2f3bffce22cfd3c17e11266ed4b809801,0,train,images/B (146).png,84.69,47.02,5.58,Bercak daun,Leaf spot,NO,original image class-code prefix 'B',NO,OBS0062,0.0,0.0,0.0,original measurement
OBS0062,SRC0201,d585ef7e4a43dbe7d3b04aaa6f8a29c2f3bffce22cfd3c17e11266ed4b809801,1,train,images/B (146).png,85.8831,47.6049,5.8464,Bercak daun,Leaf spot,NO,original image class-code prefix 'B',YES,OBS0062,1.193065,0.584878,0.266422,Gaussian perturbation; clipped to training-observed min/max
OBS0062,SRC0201,d585ef7e4a43dbe7d3b04aaa6f8a29c2f3bffce22cfd3c17e11266ed4b809801,2,train,images/B (146).png,84.6512,47.7644,5.6046,Bercak daun,Leaf spot,NO,original image class-code prefix 'B',YES,OBS0062,-0.03881,0.74442,0.024607,Gaussian perturbation; clipped to training-observed min/max
OBS0063,SRC0195,d22a7af41907579b728810fdf24de99e513f98dca7106dcd426b46eecf167f41,0,train,images/B (147).png,78.16,52.74,5.6,Bercak daun,Leaf spot,NO,original image class-code prefix 'B',NO,OBS0063,0.0,0.0,0.0,original measurement
OBS0063,SRC0195,d22a7af41907579b728810fdf24de99e513f98dca7106dcd426b46eecf167f41,1,train,images/B (147).png,77.8937,55.5194,5.7205,Bercak daun,Leaf spot,NO,original image class-code prefix 'B',YES,OBS0063,-0.266263,2.779406,0.120528,Gaussian perturbation; clipped to training-observed min/max
OBS0063,SRC0195,d22a7af41907579b728810fdf24de99e513f98dca7106dcd426b46eecf167f41,2,train,images/B (147).png,76.4806,52.2602,5.6343,Bercak daun,Leaf spot,NO,original image class-code prefix 'B',YES,OBS0063,-1.679376,-0.479816,0.034267,Gaussian perturbation; clipped to training-observed min/max
OBS0064,SRC0195,d22a7af41907579b728810fdf24de99e513f98dca7106dcd426b46eecf167f41,0,train,images/B (148).png,72.4,56.24,6.35,Bercak daun,Leaf spot,NO,original image class-code prefix 'B',NO,OBS0064,0.0,0.0,0.0,original measurement
OBS0064,SRC0195,d22a7af41907579b728810fdf24de99e513f98dca7106dcd426b46eecf167f41,1,train,images/B (148).png,73.3398,54.6219,6.1696,Bercak daun,Leaf spot,NO,original image class-code prefix 'B',YES,OBS0064,0.93982,-1.618136,-0.180445,Gaussian perturbation; clipped to training-observed min/max
OBS0064,SRC0195,d22a7af41907579b728810fdf24de99e513f98dca7106dcd426b46eecf167f41,2,train,images/B (148).png,70.1124,56.1547,6.3417,Bercak daun,Leaf spot,NO,original image class-code prefix 'B',YES,OBS0064,-2.28764,-0.085334,-0.008256,Gaussian perturbation; clipped to training-observed min/max
OBS0065,SRC0157,a96f1907e01e756d44b14b01d45e888a244f3416a32285c26347a9bab8cc13a4,0,train,images/B (149).png,91.38,54.57,5.02,Bercak daun,Leaf spot,NO,original image class-code prefix 'B',NO,OBS0065,0.0,0.0,0.0,original measurement
OBS0065,SRC0157,a96f1907e01e756d44b14b01d45e888a244f3416a32285c26347a9bab8cc13a4,1,train,images/B (149).png,91.7943,53.6464,4.9221,Bercak daun,Leaf spot,NO,original image class-code prefix 'B',YES,OBS0065,0.414263,-0.92361,-0.097939,Gaussian perturbation; clipped to training-observed min/max
OBS0065,SRC0157,a96f1907e01e756d44b14b01d45e888a244f3416a32285c26347a9bab8cc13a4,2,train,images/B (149).png,88.9523,54.965,5.0496,Bercak daun,Leaf spot,NO,original image class-code prefix 'B',YES,OBS0065,-2.427654,0.395025,0.029604,Gaussian perturbation; clipped to training-observed min/max
OBS0066,SRC0090,6228b807ad67bb91dc5a6cfd3dcbf18cba33344efef655cb8fc7abfdad0cd14c,0,train,images/B (15).jpg,89.96,54.56,5.94,Bercak daun,Leaf spot,NO,original image class-code prefix 'B',NO,OBS0066,0.0,0.0,0.0,original measurement
OBS0066,SRC0090,6228b807ad67bb91dc5a6cfd3dcbf18cba33344efef655cb8fc7abfdad0cd14c,1,train,images/B (15).jpg,91.1516,55.509,5.9247,Bercak daun,Leaf spot,NO,original image class-code prefix 'B',YES,OBS0066,1.191592,0.948955,-0.015257,Gaussian perturbation; clipped to training-observed min/max
OBS0066,SRC0090,6228b807ad67bb91dc5a6cfd3dcbf18cba33344efef655cb8fc7abfdad0cd14c,2,train,images/B (15).jpg,91.5791,54.3964,5.8871,Bercak daun,Leaf spot,NO,original image class-code prefix 'B',YES,OBS0066,1.619113,-0.16364,-0.052867,Gaussian perturbation; clipped to training-observed min/max
OBS0068,SRC0157,a96f1907e01e756d44b14b01d45e888a244f3416a32285c26347a9bab8cc13a4,0,train,images/B (150).png,85.28,53.47,6.06,Bercak daun,Leaf spot,NO,original image class-code prefix 'B',NO,OBS0068,0.0,0.0,0.0,original measurement
OBS0068,SRC0157,a96f1907e01e756d44b14b01d45e888a244f3416a32285c26347a9bab8cc13a4,1,train,images/B (150).png,84.6553,52.7682,5.8867,Bercak daun,Leaf spot,NO,original image class-code prefix 'B',YES,OBS0068,-0.624694,-0.701774,-0.173259,Gaussian perturbation; clipped to training-observed min/max
OBS0068,SRC0157,a96f1907e01e756d44b14b01d45e888a244f3416a32285c26347a9bab8cc13a4,2,train,images/B (150).png,85.4676,53.7699,6.031,Bercak daun,Leaf spot,NO,original image class-code prefix 'B',YES,OBS0068,0.187591,0.299863,-0.028981,Gaussian perturbation; clipped to training-observed min/max
OBS0069,SRC0193,d1dbc1116a9b09246b7fd7da2d356f35190b841f76ee73dd44f1ea2e732806d7,0,train,images/B (151).png,85.81,51.29,5.36,Jamur lain,Leaf spot,YES,original image class-code prefix 'B',NO,OBS0069,0.0,0.0,0.0,original measurement
OBS0069,SRC0193,d1dbc1116a9b09246b7fd7da2d356f35190b841f76ee73dd44f1ea2e732806d7,1,train,images/B (151).png,84.9534,51.7362,5.4973,Jamur lain,Leaf spot,YES,original image class-code prefix 'B',YES,OBS0069,-0.85661,0.446165,0.13735,Gaussian perturbation; clipped to training-observed min/max
OBS0069,SRC0193,d1dbc1116a9b09246b7fd7da2d356f35190b841f76ee73dd44f1ea2e732806d7,2,train,images/B (151).png,85.8559,50.6808,5.3127,Jamur lain,Leaf spot,YES,original image class-code prefix 'B',YES,OBS0069,0.045906,-0.60916,-0.047316,Gaussian perturbation; clipped to training-observed min/max
OBS0070,SRC0090,6228b807ad67bb91dc5a6cfd3dcbf18cba33344efef655cb8fc7abfdad0cd14c,0,train,images/B (16).jpg,79.78,61.11,5.76,Bercak daun,Leaf spot,NO,original image class-code prefix 'B',NO,OBS0070,0.0,0.0,0.0,original measurement
OBS0070,SRC0090,6228b807ad67bb91dc5a6cfd3dcbf18cba33344efef655cb8fc7abfdad0cd14c,1,train,images/B (16).jpg,79.6963,59.5923,5.75,Bercak daun,Leaf spot,NO,original image class-code prefix 'B',YES,OBS0070,-0.083708,-1.517719,-0.010021,Gaussian perturbation; clipped to training-observed min/max
OBS0070,SRC0090,6228b807ad67bb91dc5a6cfd3dcbf18cba33344efef655cb8fc7abfdad0cd14c,2,train,images/B (16).jpg,79.8534,63.3236,5.8355,Bercak daun,Leaf spot,NO,original image class-code prefix 'B',YES,OBS0070,0.073419,2.213614,0.075478,Gaussian perturbation; clipped to training-observed min/max
OBS0072,SRC0029,1c5f03f717ea02947f98349f093a85ef2dfaa05adf9f8e3686a3da06619a7e63,0,train,images/B (17).jpg,90.02,55.54,5.68,Bercak daun,Leaf spot,NO,original image class-code prefix 'B',NO,OBS0072,0.0,0.0,0.0,original measurement
OBS0072,SRC0029,1c5f03f717ea02947f98349f093a85ef2dfaa05adf9f8e3686a3da06619a7e63,1,train,images/B (17).jpg,91.2608,54.6845,5.7336,Bercak daun,Leaf spot,NO,original image class-code prefix 'B',YES,OBS0072,1.240835,-0.855538,0.053594,Gaussian perturbation; clipped to training-observed min/max
OBS0072,SRC0029,1c5f03f717ea02947f98349f093a85ef2dfaa05adf9f8e3686a3da06619a7e63,2,train,images/B (17).jpg,88.6527,55.9144,5.7135,Bercak daun,Leaf spot,NO,original image class-code prefix 'B',YES,OBS0072,-1.367259,0.374353,0.033499,Gaussian perturbation; clipped to training-observed min/max
OBS0073,SRC0193,d1dbc1116a9b09246b7fd7da2d356f35190b841f76ee73dd44f1ea2e732806d7,0,train,images/B (17).png,80.7,56.08,5.36,Bercak daun,Leaf spot,NO,original image class-code prefix 'B',NO,OBS0073,0.0,0.0,0.0,original measurement
OBS0073,SRC0193,d1dbc1116a9b09246b7fd7da2d356f35190b841f76ee73dd44f1ea2e732806d7,1,train,images/B (17).png,79.7803,58.4793,5.4054,Bercak daun,Leaf spot,NO,original image class-code prefix 'B',YES,OBS0073,-0.919691,2.399256,0.04539,Gaussian perturbation; clipped to training-observed min/max
OBS0073,SRC0193,d1dbc1116a9b09246b7fd7da2d356f35190b841f76ee73dd44f1ea2e732806d7,2,train,images/B (17).png,78.4167,56.7434,5.3274,Bercak daun,Leaf spot,NO,original image class-code prefix 'B',YES,OBS0073,-2.283274,0.663432,-0.032593,Gaussian perturbation; clipped to training-observed min/max
OBS0074,SRC0029,1c5f03f717ea02947f98349f093a85ef2dfaa05adf9f8e3686a3da06619a7e63,0,train,images/B (18).jpg,95.81,63.83,4.78,Bercak daun,Leaf spot,NO,original image class-code prefix 'B',NO,OBS0074,0.0,0.0,0.0,original measurement
OBS0074,SRC0029,1c5f03f717ea02947f98349f093a85ef2dfaa05adf9f8e3686a3da06619a7e63,1,train,images/B (18).jpg,95.8117,64.3889,4.8112,Bercak daun,Leaf spot,NO,original image class-code prefix 'B',YES,OBS0074,0.001651,0.558918,0.031243,Gaussian perturbation; clipped to training-observed min/max
OBS0074,SRC0029,1c5f03f717ea02947f98349f093a85ef2dfaa05adf9f8e3686a3da06619a7e63,2,train,images/B (18).jpg,93.363,62.44,4.8418,Bercak daun,Leaf spot,NO,original image class-code prefix 'B',YES,OBS0074,-2.446982,-1.389984,0.06181,Gaussian perturbation; clipped to training-observed min/max
OBS0076,SRC0010,0af6686a2da21e0597f710ea1978ba7b3270a2cf794cf990f78f3a8b2e8a7b4b,0,train,images/B (19).jpg,85.54,58.54,6.1,Bercak daun,Leaf spot,NO,original image class-code prefix 'B',NO,OBS0076,0.0,0.0,0.0,original measurement
OBS0076,SRC0010,0af6686a2da21e0597f710ea1978ba7b3270a2cf794cf990f78f3a8b2e8a7b4b,1,train,images/B (19).jpg,87.1014,60.8238,6.2443,Bercak daun,Leaf spot,NO,original image class-code prefix 'B',YES,OBS0076,1.561445,2.283783,0.144253,Gaussian perturbation; clipped to training-observed min/max
OBS0076,SRC0010,0af6686a2da21e0597f710ea1978ba7b3270a2cf794cf990f78f3a8b2e8a7b4b,2,train,images/B (19).jpg,83.0734,59.4634,5.9467,Bercak daun,Leaf spot,NO,original image class-code prefix 'B',YES,OBS0076,-2.466644,0.923379,-0.153303,Gaussian perturbation; clipped to training-observed min/max
OBS0077,SRC0224,edbf46d0c4da07df09d5e9e0fac25864788aa4fc28761da79471d501757ae0e2,0,train,images/B (19).png,86.6,57.26,5.7,Bercak daun,Leaf spot,NO,original image class-code prefix 'B',NO,OBS0077,0.0,0.0,0.0,original measurement
OBS0077,SRC0224,edbf46d0c4da07df09d5e9e0fac25864788aa4fc28761da79471d501757ae0e2,1,train,images/B (19).png,88.5363,57.564,5.6087,Bercak daun,Leaf spot,NO,original image class-code prefix 'B',YES,OBS0077,1.936321,0.304019,-0.091294,Gaussian perturbation; clipped to training-observed min/max
OBS0077,SRC0224,edbf46d0c4da07df09d5e9e0fac25864788aa4fc28761da79471d501757ae0e2,2,train,images/B (19).png,89.0119,58.0328,5.5487,Bercak daun,Leaf spot,NO,original image class-code prefix 'B',YES,OBS0077,2.411881,0.772765,-0.151292,Gaussian perturbation; clipped to training-observed min/max
OBS0078,SRC0150,a3e6d55525376a2c609e60f59612a58ff97ea602d6a92538faf33aaaf3a39f89,0,train,images/B (2).jpg,80.58,53.98,5.97,Bercak daun,Leaf spot,NO,original image class-code prefix 'B',NO,OBS0078,0.0,0.0,0.0,original measurement
OBS0078,SRC0150,a3e6d55525376a2c609e60f59612a58ff97ea602d6a92538faf33aaaf3a39f89,1,train,images/B (2).jpg,80.9322,53.1026,5.9789,Bercak daun,Leaf spot,NO,original image class-code prefix 'B',YES,OBS0078,0.352162,-0.877368,0.008904,Gaussian perturbation; clipped to training-observed min/max
OBS0078,SRC0150,a3e6d55525376a2c609e60f59612a58ff97ea602d6a92538faf33aaaf3a39f89,2,train,images/B (2).jpg,80.0218,55.6282,5.8561,Bercak daun,Leaf spot,NO,original image class-code prefix 'B',YES,OBS0078,-0.558234,1.648193,-0.113863,Gaussian perturbation; clipped to training-observed min/max
OBS0080,SRC0010,0af6686a2da21e0597f710ea1978ba7b3270a2cf794cf990f78f3a8b2e8a7b4b,0,train,images/B (20).jpg,65.3,54.71,5.91,Bercak daun,Leaf spot,NO,original image class-code prefix 'B',NO,OBS0080,0.0,0.0,0.0,original measurement
OBS0080,SRC0010,0af6686a2da21e0597f710ea1978ba7b3270a2cf794cf990f78f3a8b2e8a7b4b,1,train,images/B (20).jpg,65.6809,56.887,5.8438,Bercak daun,Leaf spot,NO,original image class-code prefix 'B',YES,OBS0080,0.380886,2.177026,-0.066157,Gaussian perturbation; clipped to training-observed min/max
OBS0080,SRC0010,0af6686a2da21e0597f710ea1978ba7b3270a2cf794cf990f78f3a8b2e8a7b4b,2,train,images/B (20).jpg,65.5528,54.9524,5.8548,Bercak daun,Leaf spot,NO,original image class-code prefix 'B',YES,OBS0080,0.252778,0.242402,-0.055176,Gaussian perturbation; clipped to training-observed min/max
OBS0081,SRC0222,e8d7d06bbb4449bd54cb8344f1fd56be1c583a94c88fd47dfad6644f130c9e0f,0,train,images/B (20).png,85.03,63.52,6.58,Bercak daun,Leaf spot,NO,original image class-code prefix 'B',NO,OBS0081,0.0,0.0,0.0,original measurement
OBS0081,SRC0222,e8d7d06bbb4449bd54cb8344f1fd56be1c583a94c88fd47dfad6644f130c9e0f,1,train,images/B (20).png,85.8075,63.6365,6.5045,Bercak daun,Leaf spot,NO,original image class-code prefix 'B',YES,OBS0081,0.777472,0.11646,-0.075501,Gaussian perturbation; clipped to training-observed min/max
OBS0081,SRC0222,e8d7d06bbb4449bd54cb8344f1fd56be1c583a94c88fd47dfad6644f130c9e0f,2,train,images/B (20).png,87.1444,64.4699,6.5666,Bercak daun,Leaf spot,NO,original image class-code prefix 'B',YES,OBS0081,2.114419,0.949938,-0.013369,Gaussian perturbation; clipped to training-observed min/max
OBS0082,SRC0223,e91884f3a7c981da58200c29e41f14c45c9876fe3d0c0d0630097d584156278f,0,train,images/B (21).jpg,83.65,40.48,6.18,Bercak daun,Leaf spot,NO,original image class-code prefix 'B',NO,OBS0082,0.0,0.0,0.0,original measurement
OBS0082,SRC0223,e91884f3a7c981da58200c29e41f14c45c9876fe3d0c0d0630097d584156278f,1,train,images/B (21).jpg,82.886,39.5388,6.2785,Bercak daun,Leaf spot,NO,original image class-code prefix 'B',YES,OBS0082,-0.76401,-0.941235,0.098475,Gaussian perturbation; clipped to training-observed min/max
OBS0082,SRC0223,e91884f3a7c981da58200c29e41f14c45c9876fe3d0c0d0630097d584156278f,2,train,images/B (21).jpg,83.4742,41.0313,6.1652,Bercak daun,Leaf spot,NO,original image class-code prefix 'B',YES,OBS0082,-0.175774,0.551326,-0.014757,Gaussian perturbation; clipped to training-observed min/max
OBS0083,SRC0224,edbf46d0c4da07df09d5e9e0fac25864788aa4fc28761da79471d501757ae0e2,0,train,images/B (21).png,91.46,57.53,5.9,Bercak daun,Leaf spot,NO,original image class-code prefix 'B',NO,OBS0083,0.0,0.0,0.0,original measurement
OBS0083,SRC0224,edbf46d0c4da07df09d5e9e0fac25864788aa4fc28761da79471d501757ae0e2,1,train,images/B (21).png,92.1997,57.3908,5.9611,Bercak daun,Leaf spot,NO,original image class-code prefix 'B',YES,OBS0083,0.739691,-0.139175,0.061108,Gaussian perturbation; clipped to training-observed min/max
OBS0083,SRC0224,edbf46d0c4da07df09d5e9e0fac25864788aa4fc28761da79471d501757ae0e2,2,train,images/B (21).png,91.2401,58.5255,5.9538,Bercak daun,Leaf spot,NO,original image class-code prefix 'B',YES,OBS0083,-0.219853,0.995505,0.053791,Gaussian perturbation; clipped to training-observed min/max
OBS0084,SRC0223,e91884f3a7c981da58200c29e41f14c45c9876fe3d0c0d0630097d584156278f,0,train,images/B (22).jpg,82.31,45.39,4.75,Bercak daun,Leaf spot,NO,original image class-code prefix 'B',NO,OBS0084,0.0,0.0,0.0,original measurement
OBS0084,SRC0223,e91884f3a7c981da58200c29e41f14c45c9876fe3d0c0d0630097d584156278f,1,train,images/B (22).jpg,82.1701,44.3583,4.6748,Bercak daun,Leaf spot,NO,original image class-code prefix 'B',YES,OBS0084,-0.139932,-1.031733,-0.07521,Gaussian perturbation; clipped to training-observed min/max
OBS0084,SRC0223,e91884f3a7c981da58200c29e41f14c45c9876fe3d0c0d0630097d584156278f,2,train,images/B (22).jpg,81.4211,44.2086,4.8193,Bercak daun,Leaf spot,NO,original image class-code prefix 'B',YES,OBS0084,-0.888884,-1.181385,0.069264,Gaussian perturbation; clipped to training-observed min/max
OBS0086,SRC0034,20666fe857278444210f7d120dd95c126161bddfef3ede014c8b126501b70237,0,train,images/B (23).jpg,79.75,46.46,5.31,Bercak daun,Leaf spot,NO,original image class-code prefix 'B',NO,OBS0086,0.0,0.0,0.0,original measurement
OBS0086,SRC0034,20666fe857278444210f7d120dd95c126161bddfef3ede014c8b126501b70237,1,train,images/B (23).jpg,79.6941,48.3441,5.4923,Bercak daun,Leaf spot,NO,original image class-code prefix 'B',YES,OBS0086,-0.055923,1.884121,0.182346,Gaussian perturbation; clipped to training-observed min/max
OBS0086,SRC0034,20666fe857278444210f7d120dd95c126161bddfef3ede014c8b126501b70237,2,train,images/B (23).jpg,79.7791,44.6024,5.2795,Bercak daun,Leaf spot,NO,original image class-code prefix 'B',YES,OBS0086,0.029067,-1.857621,-0.030516,Gaussian perturbation; clipped to training-observed min/max
OBS0088,SRC0034,20666fe857278444210f7d120dd95c126161bddfef3ede014c8b126501b70237,0,train,images/B (24).jpg,89.05,50.85,5.48,Bercak daun,Leaf spot,NO,original image class-code prefix 'B',NO,OBS0088,0.0,0.0,0.0,original measurement
OBS0088,SRC0034,20666fe857278444210f7d120dd95c126161bddfef3ede014c8b126501b70237,1,train,images/B (24).jpg,88.9596,49.0639,5.46,Bercak daun,Leaf spot,NO,original image class-code prefix 'B',YES,OBS0088,-0.090418,-1.786131,-0.020039,Gaussian perturbation; clipped to training-observed min/max
OBS0088,SRC0034,20666fe857278444210f7d120dd95c126161bddfef3ede014c8b126501b70237,2,train,images/B (24).jpg,89.3943,50.2987,5.4185,Bercak daun,Leaf spot,NO,original image class-code prefix 'B',YES,OBS0088,0.344336,-0.551313,-0.061474,Gaussian perturbation; clipped to training-observed min/max
OBS0093,SRC0075,586327cce1508de3368806cb510c0cb2375e978cd58b4efaacd92c1fcc2f9b86,0,train,images/B (26).png,80.62,44.09,5.41,Bercak daun,Leaf spot,NO,original image class-code prefix 'B',NO,OBS0093,0.0,0.0,0.0,original measurement
OBS0093,SRC0075,586327cce1508de3368806cb510c0cb2375e978cd58b4efaacd92c1fcc2f9b86,1,train,images/B (26).png,79.7095,46.234,5.3972,Bercak daun,Leaf spot,NO,original image class-code prefix 'B',YES,OBS0093,-0.910508,2.14402,-0.012772,Gaussian perturbation; clipped to training-observed min/max
OBS0093,SRC0075,586327cce1508de3368806cb510c0cb2375e978cd58b4efaacd92c1fcc2f9b86,2,train,images/B (26).png,79.6241,43.6425,5.4863,Bercak daun,Leaf spot,NO,original image class-code prefix 'B',YES,OBS0093,-0.995916,-0.447478,0.076347,Gaussian perturbation; clipped to training-observed min/max
OBS0094,SRC0048,3505d114b1dc0a2f1adb10363085afd3e8c7f49f722e142da9a55df6b5481f7a,0,train,images/B (27).jpg,83.03,41.61,5.53,Bercak daun,Leaf spot,NO,original image class-code prefix 'B',NO,OBS0094,0.0,0.0,0.0,original measurement
OBS0094,SRC0048,3505d114b1dc0a2f1adb10363085afd3e8c7f49f722e142da9a55df6b5481f7a,1,train,images/B (27).jpg,82.2084,42.1882,5.5882,Bercak daun,Leaf spot,NO,original image class-code prefix 'B',YES,OBS0094,-0.821626,0.578217,0.058231,Gaussian perturbation; clipped to training-observed min/max
OBS0094,SRC0048,3505d114b1dc0a2f1adb10363085afd3e8c7f49f722e142da9a55df6b5481f7a,2,train,images/B (27).jpg,83.9289,43.2896,5.486,Bercak daun,Leaf spot,NO,original image class-code prefix 'B',YES,OBS0094,0.898941,1.679634,-0.044039,Gaussian perturbation; clipped to training-observed min/max
OBS0095,SRC0075,586327cce1508de3368806cb510c0cb2375e978cd58b4efaacd92c1fcc2f9b86,0,train,images/B (27).png,78.83,50.8,5.27,Bercak daun,Leaf spot,NO,original image class-code prefix 'B',NO,OBS0095,0.0,0.0,0.0,original measurement
OBS0095,SRC0075,586327cce1508de3368806cb510c0cb2375e978cd58b4efaacd92c1fcc2f9b86,1,train,images/B (27).png,80.1893,49.8486,5.2383,Bercak daun,Leaf spot,NO,original image class-code prefix 'B',YES,OBS0095,1.359279,-0.951424,-0.031723,Gaussian perturbation; clipped to training-observed min/max
OBS0095,SRC0075,586327cce1508de3368806cb510c0cb2375e978cd58b4efaacd92c1fcc2f9b86,2,train,images/B (27).png,80.2653,51.7869,5.2702,Bercak daun,Leaf spot,NO,original image class-code prefix 'B',YES,OBS0095,1.435305,0.98685,0.000168,Gaussian perturbation; clipped to training-observed min/max
OBS0096,SRC0048,3505d114b1dc0a2f1adb10363085afd3e8c7f49f722e142da9a55df6b5481f7a,0,train,images/B (28).jpg,68.81,48.4,4.99,Bercak daun,Leaf spot,NO,original image class-code prefix 'B',NO,OBS0096,0.0,0.0,0.0,original measurement
OBS0096,SRC0048,3505d114b1dc0a2f1adb10363085afd3e8c7f49f722e142da9a55df6b5481f7a,1,train,images/B (28).jpg,67.3803,49.074,4.9396,Bercak daun,Leaf spot,NO,original image class-code prefix 'B',YES,OBS0096,-1.429697,0.673992,-0.05043,Gaussian perturbation; clipped to training-observed min/max
OBS0096,SRC0048,3505d114b1dc0a2f1adb10363085afd3e8c7f49f722e142da9a55df6b5481f7a,2,train,images/B (28).jpg,67.7013,47.6222,5.0097,Bercak daun,Leaf spot,NO,original image class-code prefix 'B',YES,OBS0096,-1.108662,-0.777761,0.01972,Gaussian perturbation; clipped to training-observed min/max
OBS0097,SRC0075,586327cce1508de3368806cb510c0cb2375e978cd58b4efaacd92c1fcc2f9b86,0,train,images/B (28).png,82.5,46.27,4.94,Bercak daun,Leaf spot,NO,original image class-code prefix 'B',NO,OBS0097,0.0,0.0,0.0,original measurement
OBS0097,SRC0075,586327cce1508de3368806cb510c0cb2375e978cd58b4efaacd92c1fcc2f9b86,1,train,images/B (28).png,79.9548,46.7029,4.9539,Bercak daun,Leaf spot,NO,original image class-code prefix 'B',YES,OBS0097,-2.545239,0.432916,0.013913,Gaussian perturbation; clipped to training-observed min/max
OBS0097,SRC0075,586327cce1508de3368806cb510c0cb2375e978cd58b4efaacd92c1fcc2f9b86,2,train,images/B (28).png,81.7986,47.5143,4.9889,Bercak daun,Leaf spot,NO,original image class-code prefix 'B',YES,OBS0097,-0.701432,1.244313,0.048915,Gaussian perturbation; clipped to training-observed min/max
OBS0098,SRC0080,5c0a4a8822b60af3eae8c0efa9d9d74cd3ff467963b05eca9e972af6a7c747aa,0,train,images/B (29).jpg,80.04,59.83,5.43,Bercak daun,Leaf spot,NO,original image class-code prefix 'B',NO,OBS0098,0.0,0.0,0.0,original measurement
OBS0098,SRC0080,5c0a4a8822b60af3eae8c0efa9d9d74cd3ff467963b05eca9e972af6a7c747aa,1,train,images/B (29).jpg,79.3125,59.026,5.4856,Bercak daun,Leaf spot,NO,original image class-code prefix 'B',YES,OBS0098,-0.727541,-0.80402,0.055612,Gaussian perturbation; clipped to training-observed min/max
OBS0098,SRC0080,5c0a4a8822b60af3eae8c0efa9d9d74cd3ff467963b05eca9e972af6a7c747aa,2,train,images/B (29).jpg,78.2207,59.4309,5.3795,Bercak daun,Leaf spot,NO,original image class-code prefix 'B',YES,OBS0098,-1.819288,-0.399147,-0.050484,Gaussian perturbation; clipped to training-observed min/max
OBS0099,SRC0075,586327cce1508de3368806cb510c0cb2375e978cd58b4efaacd92c1fcc2f9b86,0,train,images/B (29).png,79.17,53.8,5.55,Bercak daun,Leaf spot,NO,original image class-code prefix 'B',NO,OBS0099,0.0,0.0,0.0,original measurement
OBS0099,SRC0075,586327cce1508de3368806cb510c0cb2375e978cd58b4efaacd92c1fcc2f9b86,1,train,images/B (29).png,79.2539,54.0534,5.5529,Bercak daun,Leaf spot,NO,original image class-code prefix 'B',YES,OBS0099,0.083853,0.253352,0.002943,Gaussian perturbation; clipped to training-observed min/max
OBS0099,SRC0075,586327cce1508de3368806cb510c0cb2375e978cd58b4efaacd92c1fcc2f9b86,2,train,images/B (29).png,80.5318,54.0737,5.5248,Bercak daun,Leaf spot,NO,original image class-code prefix 'B',YES,OBS0099,1.361818,0.273676,-0.025199,Gaussian perturbation; clipped to training-observed min/max
OBS0100,SRC0038,27fb2575cfe5d07d514f5d588b01a54df65da456da472ecaa8bdd369be75d578,0,train,images/B (3).jpg,78.42,49.56,4.95,Karat daun,Leaf spot,YES,original image class-code prefix 'B',NO,OBS0100,0.0,0.0,0.0,original measurement
OBS0100,SRC0038,27fb2575cfe5d07d514f5d588b01a54df65da456da472ecaa8bdd369be75d578,1,train,images/B (3).jpg,76.967,50.4262,4.9923,Karat daun,Leaf spot,YES,original image class-code prefix 'B',YES,OBS0100,-1.453026,0.86622,0.042252,Gaussian perturbation; clipped to training-observed min/max
OBS0100,SRC0038,27fb2575cfe5d07d514f5d588b01a54df65da456da472ecaa8bdd369be75d578,2,train,images/B (3).jpg,80.161,48.6631,4.9521,Karat daun,Leaf spot,YES,original image class-code prefix 'B',YES,OBS0100,1.740971,-0.896946,0.002113,Gaussian perturbation; clipped to training-observed min/max
OBS0102,SRC0156,a9544099786e43401246557b1c98fb6294b3de02a26e064e03861c41790a58aa,0,train,images/B (30).jpg,81.01,59.93,5.84,Bercak daun,Leaf spot,NO,original image class-code prefix 'B',NO,OBS0102,0.0,0.0,0.0,original measurement
OBS0102,SRC0156,a9544099786e43401246557b1c98fb6294b3de02a26e064e03861c41790a58aa,1,train,images/B (30).jpg,80.9396,59.8249,5.8408,Bercak daun,Leaf spot,NO,original image class-code prefix 'B',YES,OBS0102,-0.070431,-0.105133,0.000831,Gaussian perturbation; clipped to training-observed min/max
OBS0102,SRC0156,a9544099786e43401246557b1c98fb6294b3de02a26e064e03861c41790a58aa,2,train,images/B (30).jpg,78.9526,60.92,5.8923,Bercak daun,Leaf spot,NO,original image class-code prefix 'B',YES,OBS0102,-2.057447,0.989983,0.052256,Gaussian perturbation; clipped to training-observed min/max
OBS0103,SRC0075,586327cce1508de3368806cb510c0cb2375e978cd58b4efaacd92c1fcc2f9b86,0,train,images/B (30).png,80.42,54.46,5.08,Bercak daun,Leaf spot,NO,original image class-code prefix 'B',NO,OBS0103,0.0,0.0,0.0,original measurement
OBS0103,SRC0075,586327cce1508de3368806cb510c0cb2375e978cd58b4efaacd92c1fcc2f9b86,1,train,images/B (30).png,81.7766,57.1595,5.0545,Bercak daun,Leaf spot,NO,original image class-code prefix 'B',YES,OBS0103,1.356568,2.699489,-0.025517,Gaussian perturbation; clipped to training-observed min/max
OBS0103,SRC0075,586327cce1508de3368806cb510c0cb2375e978cd58b4efaacd92c1fcc2f9b86,2,train,images/B (30).png,80.3766,54.4717,5.2354,Bercak daun,Leaf spot,NO,original image class-code prefix 'B',YES,OBS0103,-0.043372,0.01174,0.155375,Gaussian perturbation; clipped to training-observed min/max
OBS0104,SRC0156,a9544099786e43401246557b1c98fb6294b3de02a26e064e03861c41790a58aa,0,train,images/B (31).jpg,75.23,50.75,5.59,Bercak daun,Leaf spot,NO,original image class-code prefix 'B',NO,OBS0104,0.0,0.0,0.0,original measurement
OBS0104,SRC0156,a9544099786e43401246557b1c98fb6294b3de02a26e064e03861c41790a58aa,1,train,images/B (31).jpg,73.1525,51.3329,5.4723,Bercak daun,Leaf spot,NO,original image class-code prefix 'B',YES,OBS0104,-2.077464,0.582922,-0.117667,Gaussian perturbation; clipped to training-observed min/max
OBS0104,SRC0156,a9544099786e43401246557b1c98fb6294b3de02a26e064e03861c41790a58aa,2,train,images/B (31).jpg,72.1321,48.325,5.4795,Bercak daun,Leaf spot,NO,original image class-code prefix 'B',YES,OBS0104,-3.097885,-2.424999,-0.110541,Gaussian perturbation; clipped to training-observed min/max
OBS0105,SRC0075,586327cce1508de3368806cb510c0cb2375e978cd58b4efaacd92c1fcc2f9b86,0,train,images/B (31).png,77.18,68.63,5.83,Bercak daun,Leaf spot,NO,original image class-code prefix 'B',NO,OBS0105,0.0,0.0,0.0,original measurement
OBS0105,SRC0075,586327cce1508de3368806cb510c0cb2375e978cd58b4efaacd92c1fcc2f9b86,1,train,images/B (31).png,78.4628,67.588,5.8118,Bercak daun,Leaf spot,NO,original image class-code prefix 'B',YES,OBS0105,1.282831,-1.042032,-0.018197,Gaussian perturbation; clipped to training-observed min/max
OBS0105,SRC0075,586327cce1508de3368806cb510c0cb2375e978cd58b4efaacd92c1fcc2f9b86,2,train,images/B (31).png,75.7838,69.3631,5.7418,Bercak daun,Leaf spot,NO,original image class-code prefix 'B',YES,OBS0105,-1.396215,0.733141,-0.088157,Gaussian perturbation; clipped to training-observed min/max
OBS0106,SRC0069,5183b9cdcb9cd47464d27561d352c90873c5f18d5a86238d00861dc0ada2ae31,0,train,images/B (32).jpg,86.89,44.13,4.66,Bercak daun,Leaf spot,NO,original image class-code prefix 'B',NO,OBS0106,0.0,0.0,0.0,original measurement
OBS0106,SRC0069,5183b9cdcb9cd47464d27561d352c90873c5f18d5a86238d00861dc0ada2ae31,1,train,images/B (32).jpg,88.4712,42.9383,4.5988,Bercak daun,Leaf spot,NO,original image class-code prefix 'B',YES,OBS0106,1.581183,-1.191726,-0.061186,Gaussian perturbation; clipped to training-observed min/max
OBS0106,SRC0069,5183b9cdcb9cd47464d27561d352c90873c5f18d5a86238d00861dc0ada2ae31,2,train,images/B (32).jpg,87.0373,44.1597,4.774,Bercak daun,Leaf spot,NO,original image class-code prefix 'B',YES,OBS0106,0.147289,0.029653,0.113975,Gaussian perturbation; clipped to training-observed min/max
OBS0107,SRC0075,586327cce1508de3368806cb510c0cb2375e978cd58b4efaacd92c1fcc2f9b86,0,train,images/B (32).png,91.67,39.58,5.44,Bercak daun,Leaf spot,NO,original image class-code prefix 'B',NO,OBS0107,0.0,0.0,0.0,original measurement
OBS0107,SRC0075,586327cce1508de3368806cb510c0cb2375e978cd58b4efaacd92c1fcc2f9b86,1,train,images/B (32).png,91.8145,38.1306,5.3952,Bercak daun,Leaf spot,NO,original image class-code prefix 'B',YES,OBS0107,0.144489,-1.449401,-0.044827,Gaussian perturbation; clipped to training-observed min/max
OBS0107,SRC0075,586327cce1508de3368806cb510c0cb2375e978cd58b4efaacd92c1fcc2f9b86,2,train,images/B (32).png,90.9827,40.4501,5.4707,Bercak daun,Leaf spot,NO,original image class-code prefix 'B',YES,OBS0107,-0.687341,0.870051,0.030703,Gaussian perturbation; clipped to training-observed min/max
OBS0108,SRC0009,09c878106eaf5a931dda0893d81a1adeb3b9ec5f972195c2c7488c68c76a1b3f,0,train,images/B (33).jpg,85.56,49.1,5.06,Bercak daun,Leaf spot,NO,original image class-code prefix 'B',NO,OBS0108,0.0,0.0,0.0,original measurement
OBS0108,SRC0009,09c878106eaf5a931dda0893d81a1adeb3b9ec5f972195c2c7488c68c76a1b3f,1,train,images/B (33).jpg,85.4167,50.1435,5.0177,Bercak daun,Leaf spot,NO,original image class-code prefix 'B',YES,OBS0108,-0.143269,1.043529,-0.04228,Gaussian perturbation; clipped to training-observed min/max
OBS0108,SRC0009,09c878106eaf5a931dda0893d81a1adeb3b9ec5f972195c2c7488c68c76a1b3f,2,train,images/B (33).jpg,85.3965,49.3169,5.1823,Bercak daun,Leaf spot,NO,original image class-code prefix 'B',YES,OBS0108,-0.16348,0.216912,0.122255,Gaussian perturbation; clipped to training-observed min/max
OBS0109,SRC0075,586327cce1508de3368806cb510c0cb2375e978cd58b4efaacd92c1fcc2f9b86,0,train,images/B (33).png,88.26,54.08,5.73,Bercak daun,Leaf spot,NO,original image class-code prefix 'B',NO,OBS0109,0.0,0.0,0.0,original measurement
OBS0109,SRC0075,586327cce1508de3368806cb510c0cb2375e978cd58b4efaacd92c1fcc2f9b86,1,train,images/B (33).png,88.1418,53.659,5.6463,Bercak daun,Leaf spot,NO,original image class-code prefix 'B',YES,OBS0109,-0.11824,-0.420959,-0.083667,Gaussian perturbation; clipped to training-observed min/max
OBS0109,SRC0075,586327cce1508de3368806cb510c0cb2375e978cd58b4efaacd92c1fcc2f9b86,2,train,images/B (33).png,89.0833,53.3748,5.7575,Bercak daun,Leaf spot,NO,original image class-code prefix 'B',YES,OBS0109,0.823263,-0.705174,0.027495,Gaussian perturbation; clipped to training-observed min/max
OBS0110,SRC0069,5183b9cdcb9cd47464d27561d352c90873c5f18d5a86238d00861dc0ada2ae31,0,train,images/B (34).jpg,83.03,52.78,5.97,Bercak daun,Leaf spot,NO,original image class-code prefix 'B',NO,OBS0110,0.0,0.0,0.0,original measurement
OBS0110,SRC0069,5183b9cdcb9cd47464d27561d352c90873c5f18d5a86238d00861dc0ada2ae31,1,train,images/B (34).jpg,80.7481,54.0318,5.8634,Bercak daun,Leaf spot,NO,original image class-code prefix 'B',YES,OBS0110,-2.281932,1.251824,-0.106555,Gaussian perturbation; clipped to training-observed min/max
OBS0110,SRC0069,5183b9cdcb9cd47464d27561d352c90873c5f18d5a86238d00861dc0ada2ae31,2,train,images/B (34).jpg,82.0972,54.0503,5.8632,Bercak daun,Leaf spot,NO,original image class-code prefix 'B',YES,OBS0110,-0.932811,1.270297,-0.106758,Gaussian perturbation; clipped to training-observed min/max
OBS0111,SRC0075,586327cce1508de3368806cb510c0cb2375e978cd58b4efaacd92c1fcc2f9b86,0,train,images/B (34).png,68.73,53.01,4.37,Bercak daun,Leaf spot,NO,original image class-code prefix 'B',NO,OBS0111,0.0,0.0,0.0,original measurement
OBS0111,SRC0075,586327cce1508de3368806cb510c0cb2375e978cd58b4efaacd92c1fcc2f9b86,1,train,images/B (34).png,68.6347,53.0991,4.2901,Bercak daun,Leaf spot,NO,original image class-code prefix 'B',YES,OBS0111,-0.095346,0.089107,-0.079885,Gaussian perturbation; clipped to training-observed min/max
OBS0111,SRC0075,586327cce1508de3368806cb510c0cb2375e978cd58b4efaacd92c1fcc2f9b86,2,train,images/B (34).png,70.3415,54.8085,4.2123,Bercak daun,Leaf spot,NO,original image class-code prefix 'B',YES,OBS0111,1.61152,1.798534,-0.157729,Gaussian perturbation; clipped to training-observed min/max
OBS0112,SRC0027,1a6b042686b3f120ffa60e942b254da0d3851c0caae021afcc026eeff816d139,0,train,images/B (35).jpg,78.87,49.75,5.28,Bercak daun,Leaf spot,NO,original image class-code prefix 'B',NO,OBS0112,0.0,0.0,0.0,original measurement
OBS0112,SRC0027,1a6b042686b3f120ffa60e942b254da0d3851c0caae021afcc026eeff816d139,1,train,images/B (35).jpg,77.1312,50.7199,5.1758,Bercak daun,Leaf spot,NO,original image class-code prefix 'B',YES,OBS0112,-1.738788,0.969879,-0.104242,Gaussian perturbation; clipped to training-observed min/max
OBS0112,SRC0027,1a6b042686b3f120ffa60e942b254da0d3851c0caae021afcc026eeff816d139,2,train,images/B (35).jpg,78.4036,49.9055,5.3353,Bercak daun,Leaf spot,NO,original image class-code prefix 'B',YES,OBS0112,-0.466365,0.155463,0.055348,Gaussian perturbation; clipped to training-observed min/max
OBS0113,SRC0075,586327cce1508de3368806cb510c0cb2375e978cd58b4efaacd92c1fcc2f9b86,0,train,images/B (35).png,86.09,45.9,5.46,Bercak daun,Leaf spot,NO,original image class-code prefix 'B',NO,OBS0113,0.0,0.0,0.0,original measurement
OBS0113,SRC0075,586327cce1508de3368806cb510c0cb2375e978cd58b4efaacd92c1fcc2f9b86,1,train,images/B (35).png,85.8221,46.0143,5.3979,Bercak daun,Leaf spot,NO,original image class-code prefix 'B',YES,OBS0113,-0.267903,0.114265,-0.062139,Gaussian perturbation; clipped to training-observed min/max
OBS0113,SRC0075,586327cce1508de3368806cb510c0cb2375e978cd58b4efaacd92c1fcc2f9b86,2,train,images/B (35).png,87.6408,45.3056,5.4872,Bercak daun,Leaf spot,NO,original image class-code prefix 'B',YES,OBS0113,1.550834,-0.594377,0.027179,Gaussian perturbation; clipped to training-observed min/max
OBS0114,SRC0080,5c0a4a8822b60af3eae8c0efa9d9d74cd3ff467963b05eca9e972af6a7c747aa,0,train,images/B (36).jpg,94.89,61.3,5.83,Bercak daun,Leaf spot,NO,original image class-code prefix 'B',NO,OBS0114,0.0,0.0,0.0,original measurement
OBS0114,SRC0080,5c0a4a8822b60af3eae8c0efa9d9d74cd3ff467963b05eca9e972af6a7c747aa,1,train,images/B (36).jpg,94.276,61.4276,5.8165,Bercak daun,Leaf spot,NO,original image class-code prefix 'B',YES,OBS0114,-0.613966,0.127588,-0.013453,Gaussian perturbation; clipped to training-observed min/max
OBS0114,SRC0080,5c0a4a8822b60af3eae8c0efa9d9d74cd3ff467963b05eca9e972af6a7c747aa,2,train,images/B (36).jpg,94.695,60.0835,5.8937,Bercak daun,Leaf spot,NO,original image class-code prefix 'B',YES,OBS0114,-0.194957,-1.216537,0.063713,Gaussian perturbation; clipped to training-observed min/max
OBS0115,SRC0188,cd083bb2800ff55cd38ec47ab67eb89a294e995ddf4d9604b0c4171daeca725f,0,train,images/B (36).png,78.31,50.81,5.58,Bercak daun,Leaf spot,NO,original image class-code prefix 'B',NO,OBS0115,0.0,0.0,0.0,original measurement
OBS0115,SRC0188,cd083bb2800ff55cd38ec47ab67eb89a294e995ddf4d9604b0c4171daeca725f,1,train,images/B (36).png,80.0069,51.1018,5.6386,Bercak daun,Leaf spot,NO,original image class-code prefix 'B',YES,OBS0115,1.696851,0.291778,0.058587,Gaussian perturbation; clipped to training-observed min/max
OBS0115,SRC0188,cd083bb2800ff55cd38ec47ab67eb89a294e995ddf4d9604b0c4171daeca725f,2,train,images/B (36).png,79.3157,51.9236,5.6043,Bercak daun,Leaf spot,NO,original image class-code prefix 'B',YES,OBS0115,1.005681,1.113583,0.024269,Gaussian perturbation; clipped to training-observed min/max
OBS0116,SRC0130,8fd815ecd9f14755723e5d75424ce9663bde3f1181482f21d736f704eb0b4687,0,train,images/B (37).jpg,85.5,60.61,4.89,Bercak daun,Leaf spot,NO,original image class-code prefix 'B',NO,OBS0116,0.0,0.0,0.0,original measurement
OBS0116,SRC0130,8fd815ecd9f14755723e5d75424ce9663bde3f1181482f21d736f704eb0b4687,1,train,images/B (37).jpg,85.7547,61.6468,4.8955,Bercak daun,Leaf spot,NO,original image class-code prefix 'B',YES,OBS0116,0.254709,1.036809,0.005507,Gaussian perturbation; clipped to training-observed min/max
OBS0116,SRC0130,8fd815ecd9f14755723e5d75424ce9663bde3f1181482f21d736f704eb0b4687,2,train,images/B (37).jpg,84.3313,60.6386,4.7389,Bercak daun,Leaf spot,NO,original image class-code prefix 'B',YES,OBS0116,-1.168702,0.028618,-0.151073,Gaussian perturbation; clipped to training-observed min/max
OBS0117,SRC0188,cd083bb2800ff55cd38ec47ab67eb89a294e995ddf4d9604b0c4171daeca725f,0,train,images/B (37).png,81.14,55.49,5.41,Sehat,Leaf spot,YES,original image class-code prefix 'B',NO,OBS0117,0.0,0.0,0.0,original measurement
OBS0117,SRC0188,cd083bb2800ff55cd38ec47ab67eb89a294e995ddf4d9604b0c4171daeca725f,1,train,images/B (37).png,81.1329,55.986,5.5089,Sehat,Leaf spot,YES,original image class-code prefix 'B',YES,OBS0117,-0.00708,0.496047,0.098878,Gaussian perturbation; clipped to training-observed min/max
OBS0117,SRC0188,cd083bb2800ff55cd38ec47ab67eb89a294e995ddf4d9604b0c4171daeca725f,2,train,images/B (37).png,81.3215,56.6038,5.41,Sehat,Leaf spot,YES,original image class-code prefix 'B',YES,OBS0117,0.181533,1.113768,-4.3e-05,Gaussian perturbation; clipped to training-observed min/max
OBS0118,SRC0130,8fd815ecd9f14755723e5d75424ce9663bde3f1181482f21d736f704eb0b4687,0,train,images/B (38).jpg,78.11,56.56,4.95,Bercak daun,Leaf spot,NO,original image class-code prefix 'B',NO,OBS0118,0.0,0.0,0.0,original measurement
OBS0118,SRC0130,8fd815ecd9f14755723e5d75424ce9663bde3f1181482f21d736f704eb0b4687,1,train,images/B (38).jpg,76.8818,54.8663,4.8724,Bercak daun,Leaf spot,NO,original image class-code prefix 'B',YES,OBS0118,-1.228172,-1.693656,-0.077579,Gaussian perturbation; clipped to training-observed min/max
OBS0118,SRC0130,8fd815ecd9f14755723e5d75424ce9663bde3f1181482f21d736f704eb0b4687,2,train,images/B (38).jpg,76.4706,57.3204,4.9334,Bercak daun,Leaf spot,NO,original image class-code prefix 'B',YES,OBS0118,-1.639377,0.760449,-0.016609,Gaussian perturbation; clipped to training-observed min/max
OBS0119,SRC0188,cd083bb2800ff55cd38ec47ab67eb89a294e995ddf4d9604b0c4171daeca725f,0,train,images/B (38).png,86.07,57.12,5.7,Bercak daun,Leaf spot,NO,original image class-code prefix 'B',NO,OBS0119,0.0,0.0,0.0,original measurement
OBS0119,SRC0188,cd083bb2800ff55cd38ec47ab67eb89a294e995ddf4d9604b0c4171daeca725f,1,train,images/B (38).png,86.7544,57.2081,5.7835,Bercak daun,Leaf spot,NO,original image class-code prefix 'B',YES,OBS0119,0.684378,0.088118,0.083524,Gaussian perturbation; clipped to training-observed min/max
OBS0119,SRC0188,cd083bb2800ff55cd38ec47ab67eb89a294e995ddf4d9604b0c4171daeca725f,2,train,images/B (38).png,87.3422,56.3456,5.6781,Bercak daun,Leaf spot,NO,original image class-code prefix 'B',YES,OBS0119,1.272231,-0.774406,-0.021945,Gaussian perturbation; clipped to training-observed min/max
OBS0121,SRC0188,cd083bb2800ff55cd38ec47ab67eb89a294e995ddf4d9604b0c4171daeca725f,0,train,images/B (39).png,86.63,57.61,6.38,Bercak daun,Leaf spot,NO,original image class-code prefix 'B',NO,OBS0121,0.0,0.0,0.0,original measurement
OBS0121,SRC0188,cd083bb2800ff55cd38ec47ab67eb89a294e995ddf4d9604b0c4171daeca725f,1,train,images/B (39).png,85.9906,55.6644,6.434,Bercak daun,Leaf spot,NO,original image class-code prefix 'B',YES,OBS0121,-0.639394,-1.945574,0.054017,Gaussian perturbation; clipped to training-observed min/max
OBS0121,SRC0188,cd083bb2800ff55cd38ec47ab67eb89a294e995ddf4d9604b0c4171daeca725f,2,train,images/B (39).png,88.0566,57.6023,6.3405,Bercak daun,Leaf spot,NO,original image class-code prefix 'B',YES,OBS0121,1.426554,-0.007714,-0.039455,Gaussian perturbation; clipped to training-observed min/max
OBS0123,SRC0064,482ca7abb20f3249d1eb11f151b7b82718e61a0dea75fb29c1a7158f86bc48b0,0,train,images/B (4).png,95.77,57.33,5.02,Bercak daun,Leaf spot,NO,original image class-code prefix 'B',NO,OBS0123,0.0,0.0,0.0,original measurement
OBS0123,SRC0064,482ca7abb20f3249d1eb11f151b7b82718e61a0dea75fb29c1a7158f86bc48b0,1,train,images/B (4).png,97.0791,54.516,5.0342,Bercak daun,Leaf spot,NO,original image class-code prefix 'B',YES,OBS0123,1.309086,-2.813955,0.014198,Gaussian perturbation; clipped to training-observed min/max
OBS0123,SRC0064,482ca7abb20f3249d1eb11f151b7b82718e61a0dea75fb29c1a7158f86bc48b0,2,train,images/B (4).png,95.9419,56.645,5.1313,Bercak daun,Leaf spot,NO,original image class-code prefix 'B',YES,OBS0123,0.171941,-0.685028,0.111326,Gaussian perturbation; clipped to training-observed min/max
OBS0125,SRC0188,cd083bb2800ff55cd38ec47ab67eb89a294e995ddf4d9604b0c4171daeca725f,0,train,images/B (40).png,82.66,53.25,4.44,Bercak daun,Leaf spot,NO,original image class-code prefix 'B',NO,OBS0125,0.0,0.0,0.0,original measurement
OBS0125,SRC0188,cd083bb2800ff55cd38ec47ab67eb89a294e995ddf4d9604b0c4171daeca725f,1,train,images/B (40).png,83.8249,52.9366,4.4331,Bercak daun,Leaf spot,NO,original image class-code prefix 'B',YES,OBS0125,1.164883,-0.313389,-0.006936,Gaussian perturbation; clipped to training-observed min/max
OBS0125,SRC0188,cd083bb2800ff55cd38ec47ab67eb89a294e995ddf4d9604b0c4171daeca725f,2,train,images/B (40).png,82.1944,52.6355,4.3353,Bercak daun,Leaf spot,NO,original image class-code prefix 'B',YES,OBS0125,-0.465629,-0.614544,-0.104656,Gaussian perturbation; clipped to training-observed min/max
OBS0126,SRC0113,7904286752d56b516c31d534a6ab9dd19bdb3f35bda1e3ce06d55b87174f545a,0,train,images/B (41).jpg,95.11,64.81,4.51,Bercak daun,Leaf spot,NO,original image class-code prefix 'B',NO,OBS0126,0.0,0.0,0.0,original measurement
OBS0126,SRC0113,7904286752d56b516c31d534a6ab9dd19bdb3f35bda1e3ce06d55b87174f545a,1,train,images/B (41).jpg,96.7659,66.0436,4.5739,Bercak daun,Leaf spot,NO,original image class-code prefix 'B',YES,OBS0126,1.655938,1.2336,0.063853,Gaussian perturbation; clipped to training-observed min/max
OBS0126,SRC0113,7904286752d56b516c31d534a6ab9dd19bdb3f35bda1e3ce06d55b87174f545a,2,train,images/B (41).jpg,93.7968,67.307,4.6684,Bercak daun,Leaf spot,NO,original image class-code prefix 'B',YES,OBS0126,-1.313203,2.497014,0.158413,Gaussian perturbation; clipped to training-observed min/max
OBS0127,SRC0164,b127ebd3108e78d1dd1b39b8ea1d03547cb7d261de1a425a929b848d67ae6221,0,train,images/B (41).png,78.89,45.42,5.4,Bercak daun,Leaf spot,NO,original image class-code prefix 'B',NO,OBS0127,0.0,0.0,0.0,original measurement
OBS0127,SRC0164,b127ebd3108e78d1dd1b39b8ea1d03547cb7d261de1a425a929b848d67ae6221,1,train,images/B (41).png,79.1157,44.3349,5.3307,Bercak daun,Leaf spot,NO,original image class-code prefix 'B',YES,OBS0127,0.225669,-1.085065,-0.069314,Gaussian perturbation; clipped to training-observed min/max
OBS0127,SRC0164,b127ebd3108e78d1dd1b39b8ea1d03547cb7d261de1a425a929b848d67ae6221,2,train,images/B (41).png,79.3923,44.3244,5.3973,Bercak daun,Leaf spot,NO,original image class-code prefix 'B',YES,OBS0127,0.502258,-1.095617,-0.002737,Gaussian perturbation; clipped to training-observed min/max
OBS0128,SRC0113,7904286752d56b516c31d534a6ab9dd19bdb3f35bda1e3ce06d55b87174f545a,0,train,images/B (42).jpg,80.59,65.0,6.04,Bercak daun,Leaf spot,NO,original image class-code prefix 'B',NO,OBS0128,0.0,0.0,0.0,original measurement
OBS0128,SRC0113,7904286752d56b516c31d534a6ab9dd19bdb3f35bda1e3ce06d55b87174f545a,1,train,images/B (42).jpg,81.8964,63.1918,6.2005,Bercak daun,Leaf spot,NO,original image class-code prefix 'B',YES,OBS0128,1.306374,-1.808188,0.160458,Gaussian perturbation; clipped to training-observed min/max
OBS0128,SRC0113,7904286752d56b516c31d534a6ab9dd19bdb3f35bda1e3ce06d55b87174f545a,2,train,images/B (42).jpg,82.4701,63.5155,5.9269,Bercak daun,Leaf spot,NO,original image class-code prefix 'B',YES,OBS0128,1.88005,-1.484503,-0.113091,Gaussian perturbation; clipped to training-observed min/max
OBS0129,SRC0164,b127ebd3108e78d1dd1b39b8ea1d03547cb7d261de1a425a929b848d67ae6221,0,train,images/B (42).png,85.27,54.77,4.69,Bercak daun,Leaf spot,NO,original image class-code prefix 'B',NO,OBS0129,0.0,0.0,0.0,original measurement
OBS0129,SRC0164,b127ebd3108e78d1dd1b39b8ea1d03547cb7d261de1a425a929b848d67ae6221,1,train,images/B (42).png,84.9299,53.5326,4.6689,Bercak daun,Leaf spot,NO,original image class-code prefix 'B',YES,OBS0129,-0.340106,-1.237372,-0.021098,Gaussian perturbation; clipped to training-observed min/max
OBS0129,SRC0164,b127ebd3108e78d1dd1b39b8ea1d03547cb7d261de1a425a929b848d67ae6221,2,train,images/B (42).png,82.1726,54.4956,4.8342,Bercak daun,Leaf spot,NO,original image class-code prefix 'B',YES,OBS0129,-3.097423,-0.274442,0.144229,Gaussian perturbation; clipped to training-observed min/max
OBS0130,SRC0128,8c47ce7ae8336bd8a1202b7814cca8bafe201c6b62ced86486f12bb6323d23a8,0,train,images/B (43).jpg,76.33,45.21,6.16,Bercak daun,Leaf spot,NO,original image class-code prefix 'B',NO,OBS0130,0.0,0.0,0.0,original measurement
OBS0130,SRC0128,8c47ce7ae8336bd8a1202b7814cca8bafe201c6b62ced86486f12bb6323d23a8,1,train,images/B (43).jpg,74.9901,44.8823,6.0408,Bercak daun,Leaf spot,NO,original image class-code prefix 'B',YES,OBS0130,-1.339914,-0.327683,-0.119169,Gaussian perturbation; clipped to training-observed min/max
OBS0130,SRC0128,8c47ce7ae8336bd8a1202b7814cca8bafe201c6b62ced86486f12bb6323d23a8,2,train,images/B (43).jpg,77.0959,44.9396,6.3153,Bercak daun,Leaf spot,NO,original image class-code prefix 'B',YES,OBS0130,0.765885,-0.270383,0.155259,Gaussian perturbation; clipped to training-observed min/max
OBS0131,SRC0164,b127ebd3108e78d1dd1b39b8ea1d03547cb7d261de1a425a929b848d67ae6221,0,train,images/B (43).png,76.83,51.96,5.24,Bercak daun,Leaf spot,NO,original image class-code prefix 'B',NO,OBS0131,0.0,0.0,0.0,original measurement
OBS0131,SRC0164,b127ebd3108e78d1dd1b39b8ea1d03547cb7d261de1a425a929b848d67ae6221,1,train,images/B (43).png,77.0782,51.5134,5.284,Bercak daun,Leaf spot,NO,original image class-code prefix 'B',YES,OBS0131,0.248207,-0.446616,0.044022,Gaussian perturbation; clipped to training-observed min/max
OBS0131,SRC0164,b127ebd3108e78d1dd1b39b8ea1d03547cb7d261de1a425a929b848d67ae6221,2,train,images/B (43).png,76.2225,50.3528,5.2642,Bercak daun,Leaf spot,NO,original image class-code prefix 'B',YES,OBS0131,-0.607474,-1.60717,0.024156,Gaussian perturbation; clipped to training-observed min/max
OBS0132,SRC0128,8c47ce7ae8336bd8a1202b7814cca8bafe201c6b62ced86486f12bb6323d23a8,0,train,images/B (44).jpg,85.44,45.98,5.92,Bercak daun,Leaf spot,NO,original image class-code prefix 'B',NO,OBS0132,0.0,0.0,0.0,original measurement
OBS0132,SRC0128,8c47ce7ae8336bd8a1202b7814cca8bafe201c6b62ced86486f12bb6323d23a8,1,train,images/B (44).jpg,85.2302,46.1796,5.95,Bercak daun,Leaf spot,NO,original image class-code prefix 'B',YES,OBS0132,-0.209843,0.199578,0.030037,Gaussian perturbation; clipped to training-observed min/max
OBS0132,SRC0128,8c47ce7ae8336bd8a1202b7814cca8bafe201c6b62ced86486f12bb6323d23a8,2,train,images/B (44).jpg,84.8276,46.4859,6.059,Bercak daun,Leaf spot,NO,original image class-code prefix 'B',YES,OBS0132,-0.612384,0.505892,0.139016,Gaussian perturbation; clipped to training-observed min/max
OBS0133,SRC0164,b127ebd3108e78d1dd1b39b8ea1d03547cb7d261de1a425a929b848d67ae6221,0,train,images/B (44).png,78.83,56.75,6.46,Bercak daun,Leaf spot,NO,original image class-code prefix 'B',NO,OBS0133,0.0,0.0,0.0,original measurement
OBS0133,SRC0164,b127ebd3108e78d1dd1b39b8ea1d03547cb7d261de1a425a929b848d67ae6221,1,train,images/B (44).png,77.5006,58.8349,6.4406,Bercak daun,Leaf spot,NO,original image class-code prefix 'B',YES,OBS0133,-1.329359,2.084911,-0.019424,Gaussian perturbation; clipped to training-observed min/max
OBS0133,SRC0164,b127ebd3108e78d1dd1b39b8ea1d03547cb7d261de1a425a929b848d67ae6221,2,train,images/B (44).png,77.91,59.6627,6.4724,Bercak daun,Leaf spot,NO,original image class-code prefix 'B',YES,OBS0133,-0.919952,2.912665,0.012402,Gaussian perturbation; clipped to training-observed min/max
OBS0134,SRC0128,8c47ce7ae8336bd8a1202b7814cca8bafe201c6b62ced86486f12bb6323d23a8,0,train,images/B (45).jpg,87.87,43.79,6.23,Bercak daun,Leaf spot,NO,original image class-code prefix 'B',NO,OBS0134,0.0,0.0,0.0,original measurement
OBS0134,SRC0128,8c47ce7ae8336bd8a1202b7814cca8bafe201c6b62ced86486f12bb6323d23a8,1,train,images/B (45).jpg,89.5145,44.7711,6.0956,Bercak daun,Leaf spot,NO,original image class-code prefix 'B',YES,OBS0134,1.644484,0.981113,-0.134448,Gaussian perturbation; clipped to training-observed min/max
OBS0134,SRC0128,8c47ce7ae8336bd8a1202b7814cca8bafe201c6b62ced86486f12bb6323d23a8,2,train,images/B (45).jpg,88.015,43.1596,6.1227,Bercak daun,Leaf spot,NO,original image class-code prefix 'B',YES,OBS0134,0.144984,-0.630384,-0.107343,Gaussian perturbation; clipped to training-observed min/max
OBS0135,SRC0164,b127ebd3108e78d1dd1b39b8ea1d03547cb7d261de1a425a929b848d67ae6221,0,train,images/B (45).png,76.57,52.36,5.3,Bercak daun,Leaf spot,NO,original image class-code prefix 'B',NO,OBS0135,0.0,0.0,0.0,original measurement
OBS0135,SRC0164,b127ebd3108e78d1dd1b39b8ea1d03547cb7d261de1a425a929b848d67ae6221,1,train,images/B (45).png,74.4439,52.4827,5.3472,Bercak daun,Leaf spot,NO,original image class-code prefix 'B',YES,OBS0135,-2.126054,0.122748,0.04722,Gaussian perturbation; clipped to training-observed min/max
OBS0135,SRC0164,b127ebd3108e78d1dd1b39b8ea1d03547cb7d261de1a425a929b848d67ae6221,2,train,images/B (45).png,77.0388,51.993,5.2361,Bercak daun,Leaf spot,NO,original image class-code prefix 'B',YES,OBS0135,0.468802,-0.366994,-0.063881,Gaussian perturbation; clipped to training-observed min/max
OBS0136,SRC0128,8c47ce7ae8336bd8a1202b7814cca8bafe201c6b62ced86486f12bb6323d23a8,0,train,images/B (46).jpg,96.13,38.61,4.81,Bercak daun,Leaf spot,NO,original image class-code prefix 'B',NO,OBS0136,0.0,0.0,0.0,original measurement
OBS0136,SRC0128,8c47ce7ae8336bd8a1202b7814cca8bafe201c6b62ced86486f12bb6323d23a8,1,train,images/B (46).jpg,94.9458,37.9438,4.7274,Bercak daun,Leaf spot,NO,original image class-code prefix 'B',YES,OBS0136,-1.184233,-0.666193,-0.082644,Gaussian perturbation; clipped to training-observed min/max
OBS0136,SRC0128,8c47ce7ae8336bd8a1202b7814cca8bafe201c6b62ced86486f12bb6323d23a8,2,train,images/B (46).jpg,95.8861,38.5825,4.7383,Bercak daun,Leaf spot,NO,original image class-code prefix 'B',YES,OBS0136,-0.24393,-0.027465,-0.071679,Gaussian perturbation; clipped to training-observed min/max
OBS0137,SRC0164,b127ebd3108e78d1dd1b39b8ea1d03547cb7d261de1a425a929b848d67ae6221,0,train,images/B (46).png,81.06,44.97,4.45,Bercak daun,Leaf spot,NO,original image class-code prefix 'B',NO,OBS0137,0.0,0.0,0.0,original measurement
OBS0137,SRC0164,b127ebd3108e78d1dd1b39b8ea1d03547cb7d261de1a425a929b848d67ae6221,1,train,images/B (46).png,80.7815,44.0576,4.4496,Bercak daun,Leaf spot,NO,original image class-code prefix 'B',YES,OBS0137,-0.27846,-0.912384,-0.000358,Gaussian perturbation; clipped to training-observed min/max
OBS0137,SRC0164,b127ebd3108e78d1dd1b39b8ea1d03547cb7d261de1a425a929b848d67ae6221,2,train,images/B (46).png,81.6685,45.1838,4.4878,Bercak daun,Leaf spot,NO,original image class-code prefix 'B',YES,OBS0137,0.608505,0.21375,0.037772,Gaussian perturbation; clipped to training-observed min/max
OBS0138,SRC0114,7a12ddd880d25f5f0db62bc1566b39fa1f87aa199b744303747ee2d1a1856993,0,train,images/B (47).jpg,84.46,40.75,5.28,Bercak daun,Leaf spot,NO,original image class-code prefix 'B',NO,OBS0138,0.0,0.0,0.0,original measurement
OBS0138,SRC0114,7a12ddd880d25f5f0db62bc1566b39fa1f87aa199b744303747ee2d1a1856993,1,train,images/B (47).jpg,82.4776,40.2956,5.3021,Bercak daun,Leaf spot,NO,original image class-code prefix 'B',YES,OBS0138,-1.982417,-0.454436,0.022139,Gaussian perturbation; clipped to training-observed min/max
OBS0138,SRC0114,7a12ddd880d25f5f0db62bc1566b39fa1f87aa199b744303747ee2d1a1856993,2,train,images/B (47).jpg,85.2294,38.8324,5.2927,Bercak daun,Leaf spot,NO,original image class-code prefix 'B',YES,OBS0138,0.769395,-1.917604,0.012734,Gaussian perturbation; clipped to training-observed min/max
OBS0139,SRC0164,b127ebd3108e78d1dd1b39b8ea1d03547cb7d261de1a425a929b848d67ae6221,0,train,images/B (47).png,88.98,41.18,5.31,Bercak daun,Leaf spot,NO,original image class-code prefix 'B',NO,OBS0139,0.0,0.0,0.0,original measurement
OBS0139,SRC0164,b127ebd3108e78d1dd1b39b8ea1d03547cb7d261de1a425a929b848d67ae6221,1,train,images/B (47).png,90.4277,40.9657,5.3024,Bercak daun,Leaf spot,NO,original image class-code prefix 'B',YES,OBS0139,1.447705,-0.214333,-0.007581,Gaussian perturbation; clipped to training-observed min/max
OBS0139,SRC0164,b127ebd3108e78d1dd1b39b8ea1d03547cb7d261de1a425a929b848d67ae6221,2,train,images/B (47).png,89.5205,41.4765,5.364,Bercak daun,Leaf spot,NO,original image class-code prefix 'B',YES,OBS0139,0.540548,0.296542,0.053971,Gaussian perturbation; clipped to training-observed min/max
OBS0140,SRC0114,7a12ddd880d25f5f0db62bc1566b39fa1f87aa199b744303747ee2d1a1856993,0,train,images/B (48).jpg,72.96,58.67,5.29,Bercak daun,Leaf spot,NO,original image class-code prefix 'B',NO,OBS0140,0.0,0.0,0.0,original measurement
OBS0140,SRC0114,7a12ddd880d25f5f0db62bc1566b39fa1f87aa199b744303747ee2d1a1856993,1,train,images/B (48).jpg,73.0469,58.853,5.2274,Bercak daun,Leaf spot,NO,original image class-code prefix 'B',YES,OBS0140,0.086897,0.182995,-0.062596,Gaussian perturbation; clipped to training-observed min/max
OBS0140,SRC0114,7a12ddd880d25f5f0db62bc1566b39fa1f87aa199b744303747ee2d1a1856993,2,train,images/B (48).jpg,72.7555,60.1737,5.2737,Bercak daun,Leaf spot,NO,original image class-code prefix 'B',YES,OBS0140,-0.204525,1.503746,-0.016334,Gaussian perturbation; clipped to training-observed min/max
OBS0141,SRC0224,edbf46d0c4da07df09d5e9e0fac25864788aa4fc28761da79471d501757ae0e2,0,train,images/B (48).png,86.6,60.01,5.2,Bercak daun,Leaf spot,NO,original image class-code prefix 'B',NO,OBS0141,0.0,0.0,0.0,original measurement
OBS0141,SRC0224,edbf46d0c4da07df09d5e9e0fac25864788aa4fc28761da79471d501757ae0e2,1,train,images/B (48).png,86.3977,59.4202,5.263,Bercak daun,Leaf spot,NO,original image class-code prefix 'B',YES,OBS0141,-0.202277,-0.589804,0.062975,Gaussian perturbation; clipped to training-observed min/max
OBS0141,SRC0224,edbf46d0c4da07df09d5e9e0fac25864788aa4fc28761da79471d501757ae0e2,2,train,images/B (48).png,85.5744,61.1026,5.125,Bercak daun,Leaf spot,NO,original image class-code prefix 'B',YES,OBS0141,-1.025615,1.092603,-0.074958,Gaussian perturbation; clipped to training-observed min/max
OBS0142,SRC0114,7a12ddd880d25f5f0db62bc1566b39fa1f87aa199b744303747ee2d1a1856993,0,train,images/B (49).jpg,90.95,50.35,5.61,Bercak daun,Leaf spot,NO,original image class-code prefix 'B',NO,OBS0142,0.0,0.0,0.0,original measurement
OBS0142,SRC0114,7a12ddd880d25f5f0db62bc1566b39fa1f87aa199b744303747ee2d1a1856993,1,train,images/B (49).jpg,89.6807,50.5971,5.6204,Bercak daun,Leaf spot,NO,original image class-code prefix 'B',YES,OBS0142,-1.269337,0.247127,0.010414,Gaussian perturbation; clipped to training-observed min/max
OBS0142,SRC0114,7a12ddd880d25f5f0db62bc1566b39fa1f87aa199b744303747ee2d1a1856993,2,train,images/B (49).jpg,91.3071,51.625,5.577,Bercak daun,Leaf spot,NO,original image class-code prefix 'B',YES,OBS0142,0.357069,1.275045,-0.033,Gaussian perturbation; clipped to training-observed min/max
OBS0143,SRC0224,edbf46d0c4da07df09d5e9e0fac25864788aa4fc28761da79471d501757ae0e2,0,train,images/B (49).png,71.52,49.59,5.35,Bercak daun,Leaf spot,NO,original image class-code prefix 'B',NO,OBS0143,0.0,0.0,0.0,original measurement
OBS0143,SRC0224,edbf46d0c4da07df09d5e9e0fac25864788aa4fc28761da79471d501757ae0e2,1,train,images/B (49).png,72.0516,48.4982,5.4507,Bercak daun,Leaf spot,NO,original image class-code prefix 'B',YES,OBS0143,0.531592,-1.091781,0.100734,Gaussian perturbation; clipped to training-observed min/max
OBS0143,SRC0224,edbf46d0c4da07df09d5e9e0fac25864788aa4fc28761da79471d501757ae0e2,2,train,images/B (49).png,72.279,50.2338,5.365,Bercak daun,Leaf spot,NO,original image class-code prefix 'B',YES,OBS0143,0.75895,0.643823,0.01503,Gaussian perturbation; clipped to training-observed min/max
OBS0144,SRC0087,61cf6c89631cf631afa7953416171d8124147254f026ebdebacf2c8819aa527d,0,train,images/B (5).jpg,80.25,48.12,5.44,Bercak daun,Leaf spot,NO,original image class-code prefix 'B',NO,OBS0144,0.0,0.0,0.0,original measurement
OBS0144,SRC0087,61cf6c89631cf631afa7953416171d8124147254f026ebdebacf2c8819aa527d,1,train,images/B (5).jpg,79.3073,47.7272,5.4801,Bercak daun,Leaf spot,NO,original image class-code prefix 'B',YES,OBS0144,-0.942719,-0.392846,0.040142,Gaussian perturbation; clipped to training-observed min/max
OBS0144,SRC0087,61cf6c89631cf631afa7953416171d8124147254f026ebdebacf2c8819aa527d,2,train,images/B (5).jpg,80.227,48.2685,5.3312,Bercak daun,Leaf spot,NO,original image class-code prefix 'B',YES,OBS0144,-0.023021,0.148494,-0.108786,Gaussian perturbation; clipped to training-observed min/max
OBS0146,SRC0114,7a12ddd880d25f5f0db62bc1566b39fa1f87aa199b744303747ee2d1a1856993,0,train,images/B (50).jpg,89.39,40.2,5.98,Bercak daun,Leaf spot,NO,original image class-code prefix 'B',NO,OBS0146,0.0,0.0,0.0,original measurement
OBS0146,SRC0114,7a12ddd880d25f5f0db62bc1566b39fa1f87aa199b744303747ee2d1a1856993,1,train,images/B (50).jpg,89.6073,39.3697,5.8933,Bercak daun,Leaf spot,NO,original image class-code prefix 'B',YES,OBS0146,0.217313,-0.830313,-0.086667,Gaussian perturbation; clipped to training-observed min/max
OBS0146,SRC0114,7a12ddd880d25f5f0db62bc1566b39fa1f87aa199b744303747ee2d1a1856993,2,train,images/B (50).jpg,89.2044,37.9722,6.0359,Bercak daun,Leaf spot,NO,original image class-code prefix 'B',YES,OBS0146,-0.185622,-2.227805,0.055886,Gaussian perturbation; clipped to training-observed min/max
OBS0147,SRC0224,edbf46d0c4da07df09d5e9e0fac25864788aa4fc28761da79471d501757ae0e2,0,train,images/B (50).png,76.32,57.58,4.77,Bercak daun,Leaf spot,NO,original image class-code prefix 'B',NO,OBS0147,0.0,0.0,0.0,original measurement
OBS0147,SRC0224,edbf46d0c4da07df09d5e9e0fac25864788aa4fc28761da79471d501757ae0e2,1,train,images/B (50).png,77.3424,57.5159,4.6905,Bercak daun,Leaf spot,NO,original image class-code prefix 'B',YES,OBS0147,1.022415,-0.064123,-0.079503,Gaussian perturbation; clipped to training-observed min/max
OBS0147,SRC0224,edbf46d0c4da07df09d5e9e0fac25864788aa4fc28761da79471d501757ae0e2,2,train,images/B (50).png,75.1856,57.3987,4.5761,Bercak daun,Leaf spot,NO,original image class-code prefix 'B',YES,OBS0147,-1.134443,-0.181348,-0.193899,Gaussian perturbation; clipped to training-observed min/max
OBS0148,SRC0025,18551f81e7afa40faee5ae6e528a51b94e5512b791f8f7fec6bdebf482c1103a,0,train,images/B (51).jpg,78.3,56.44,6.09,Bercak daun,Leaf spot,NO,original image class-code prefix 'B',NO,OBS0148,0.0,0.0,0.0,original measurement
OBS0148,SRC0025,18551f81e7afa40faee5ae6e528a51b94e5512b791f8f7fec6bdebf482c1103a,1,train,images/B (51).jpg,78.5166,57.2373,6.065,Bercak daun,Leaf spot,NO,original image class-code prefix 'B',YES,OBS0148,0.216572,0.797318,-0.024952,Gaussian perturbation; clipped to training-observed min/max
OBS0148,SRC0025,18551f81e7afa40faee5ae6e528a51b94e5512b791f8f7fec6bdebf482c1103a,2,train,images/B (51).jpg,77.7067,56.6584,6.1181,Bercak daun,Leaf spot,NO,original image class-code prefix 'B',YES,OBS0148,-0.593283,0.218361,0.028052,Gaussian perturbation; clipped to training-observed min/max
OBS0149,SRC0224,edbf46d0c4da07df09d5e9e0fac25864788aa4fc28761da79471d501757ae0e2,0,train,images/B (51).png,88.71,55.03,5.85,Bercak daun,Leaf spot,NO,original image class-code prefix 'B',NO,OBS0149,0.0,0.0,0.0,original measurement
OBS0149,SRC0224,edbf46d0c4da07df09d5e9e0fac25864788aa4fc28761da79471d501757ae0e2,1,train,images/B (51).png,90.023,55.0521,5.7948,Bercak daun,Leaf spot,NO,original image class-code prefix 'B',YES,OBS0149,1.312982,0.022076,-0.055181,Gaussian perturbation; clipped to training-observed min/max
OBS0149,SRC0224,edbf46d0c4da07df09d5e9e0fac25864788aa4fc28761da79471d501757ae0e2,2,train,images/B (51).png,88.1565,55.2483,5.9745,Bercak daun,Leaf spot,NO,original image class-code prefix 'B',YES,OBS0149,-0.553518,0.218335,0.124496,Gaussian perturbation; clipped to training-observed min/max
OBS0150,SRC0025,18551f81e7afa40faee5ae6e528a51b94e5512b791f8f7fec6bdebf482c1103a,0,train,images/B (52).jpg,86.71,50.93,5.27,Bercak daun,Leaf spot,NO,original image class-code prefix 'B',NO,OBS0150,0.0,0.0,0.0,original measurement
OBS0150,SRC0025,18551f81e7afa40faee5ae6e528a51b94e5512b791f8f7fec6bdebf482c1103a,1,train,images/B (52).jpg,86.3257,49.667,5.2004,Bercak daun,Leaf spot,NO,original image class-code prefix 'B',YES,OBS0150,-0.384328,-1.263032,-0.069609,Gaussian perturbation; clipped to training-observed min/max
OBS0150,SRC0025,18551f81e7afa40faee5ae6e528a51b94e5512b791f8f7fec6bdebf482c1103a,2,train,images/B (52).jpg,84.1944,51.3258,5.1611,Bercak daun,Leaf spot,NO,original image class-code prefix 'B',YES,OBS0150,-2.515602,0.395753,-0.108906,Gaussian perturbation; clipped to training-observed min/max
OBS0151,SRC0224,edbf46d0c4da07df09d5e9e0fac25864788aa4fc28761da79471d501757ae0e2,0,train,images/B (52).png,86.62,53.93,5.82,Bercak daun,Leaf spot,NO,original image class-code prefix 'B',NO,OBS0151,0.0,0.0,0.0,original measurement
OBS0151,SRC0224,edbf46d0c4da07df09d5e9e0fac25864788aa4fc28761da79471d501757ae0e2,1,train,images/B (52).png,85.1398,51.5588,5.7306,Bercak daun,Leaf spot,NO,original image class-code prefix 'B',YES,OBS0151,-1.480211,-2.371218,-0.089439,Gaussian perturbation; clipped to training-observed min/max
OBS0151,SRC0224,edbf46d0c4da07df09d5e9e0fac25864788aa4fc28761da79471d501757ae0e2,2,train,images/B (52).png,87.3021,52.3564,5.68,Bercak daun,Leaf spot,NO,original image class-code prefix 'B',YES,OBS0151,0.682097,-1.573625,-0.139971,Gaussian perturbation; clipped to training-observed min/max
OBS0152,SRC0025,18551f81e7afa40faee5ae6e528a51b94e5512b791f8f7fec6bdebf482c1103a,0,train,images/B (53).jpg,88.41,34.84,5.64,Bercak daun,Leaf spot,NO,original image class-code prefix 'B',NO,OBS0152,0.0,0.0,0.0,original measurement
OBS0152,SRC0025,18551f81e7afa40faee5ae6e528a51b94e5512b791f8f7fec6bdebf482c1103a,1,train,images/B (53).jpg,88.6239,34.4306,5.6746,Bercak daun,Leaf spot,NO,original image class-code prefix 'B',YES,OBS0152,0.213916,-0.409406,0.034575,Gaussian perturbation; clipped to training-observed min/max
OBS0152,SRC0025,18551f81e7afa40faee5ae6e528a51b94e5512b791f8f7fec6bdebf482c1103a,2,train,images/B (53).jpg,89.2987,34.8298,5.5362,Bercak daun,Leaf spot,NO,original image class-code prefix 'B',YES,OBS0152,0.888672,-0.010199,-0.103821,Gaussian perturbation; clipped to training-observed min/max
OBS0153,SRC0157,a96f1907e01e756d44b14b01d45e888a244f3416a32285c26347a9bab8cc13a4,0,train,images/B (53).png,73.68,50.08,5.67,Bercak daun,Leaf spot,NO,original image class-code prefix 'B',NO,OBS0153,0.0,0.0,0.0,original measurement
OBS0153,SRC0157,a96f1907e01e756d44b14b01d45e888a244f3416a32285c26347a9bab8cc13a4,1,train,images/B (53).png,73.5314,50.6803,5.6234,Bercak daun,Leaf spot,NO,original image class-code prefix 'B',YES,OBS0153,-0.14856,0.600311,-0.046639,Gaussian perturbation; clipped to training-observed min/max
OBS0153,SRC0157,a96f1907e01e756d44b14b01d45e888a244f3416a32285c26347a9bab8cc13a4,2,train,images/B (53).png,71.955,51.4031,5.6368,Bercak daun,Leaf spot,NO,original image class-code prefix 'B',YES,OBS0153,-1.724953,1.323134,-0.03322,Gaussian perturbation; clipped to training-observed min/max
OBS0154,SRC0025,18551f81e7afa40faee5ae6e528a51b94e5512b791f8f7fec6bdebf482c1103a,0,train,images/B (54).jpg,80.58,43.75,5.78,Karat daun,Leaf spot,YES,original image class-code prefix 'B',NO,OBS0154,0.0,0.0,0.0,original measurement
OBS0154,SRC0025,18551f81e7afa40faee5ae6e528a51b94e5512b791f8f7fec6bdebf482c1103a,1,train,images/B (54).jpg,80.0889,43.7692,5.8624,Karat daun,Leaf spot,YES,original image class-code prefix 'B',YES,OBS0154,-0.491076,0.019155,0.082438,Gaussian perturbation; clipped to training-observed min/max
OBS0154,SRC0025,18551f81e7afa40faee5ae6e528a51b94e5512b791f8f7fec6bdebf482c1103a,2,train,images/B (54).jpg,80.8963,43.3501,5.8346,Karat daun,Leaf spot,YES,original image class-code prefix 'B',YES,OBS0154,0.316344,-0.399871,0.054571,Gaussian perturbation; clipped to training-observed min/max
OBS0155,SRC0157,a96f1907e01e756d44b14b01d45e888a244f3416a32285c26347a9bab8cc13a4,0,train,images/B (54).png,86.61,46.32,5.59,Bercak daun,Leaf spot,NO,original image class-code prefix 'B',NO,OBS0155,0.0,0.0,0.0,original measurement
OBS0155,SRC0157,a96f1907e01e756d44b14b01d45e888a244f3416a32285c26347a9bab8cc13a4,1,train,images/B (54).png,89.1864,47.9853,5.6438,Bercak daun,Leaf spot,NO,original image class-code prefix 'B',YES,OBS0155,2.576429,1.665344,0.05383,Gaussian perturbation; clipped to training-observed min/max
OBS0155,SRC0157,a96f1907e01e756d44b14b01d45e888a244f3416a32285c26347a9bab8cc13a4,2,train,images/B (54).png,85.2633,50.8225,5.4941,Bercak daun,Leaf spot,NO,original image class-code prefix 'B',YES,OBS0155,-1.346737,4.50247,-0.095893,Gaussian perturbation; clipped to training-observed min/max
OBS0156,SRC0086,60c323ef7c46f76e95c9bdccfd5be09e2a1468517c8fb705e88b620af050ea59,0,train,images/B (55).jpg,76.73,48.03,5.97,Bercak daun,Leaf spot,NO,original image class-code prefix 'B',NO,OBS0156,0.0,0.0,0.0,original measurement
OBS0156,SRC0086,60c323ef7c46f76e95c9bdccfd5be09e2a1468517c8fb705e88b620af050ea59,1,train,images/B (55).jpg,76.2838,47.1901,6.1002,Bercak daun,Leaf spot,NO,original image class-code prefix 'B',YES,OBS0156,-0.446163,-0.839867,0.130151,Gaussian perturbation; clipped to training-observed min/max
OBS0156,SRC0086,60c323ef7c46f76e95c9bdccfd5be09e2a1468517c8fb705e88b620af050ea59,2,train,images/B (55).jpg,77.2343,46.3175,5.9914,Bercak daun,Leaf spot,NO,original image class-code prefix 'B',YES,OBS0156,0.504288,-1.71255,0.021407,Gaussian perturbation; clipped to training-observed min/max
OBS0157,SRC0157,a96f1907e01e756d44b14b01d45e888a244f3416a32285c26347a9bab8cc13a4,0,train,images/B (55).png,92.14,68.31,4.7,Bercak daun,Leaf spot,NO,original image class-code prefix 'B',NO,OBS0157,0.0,0.0,0.0,original measurement
OBS0157,SRC0157,a96f1907e01e756d44b14b01d45e888a244f3416a32285c26347a9bab8cc13a4,1,train,images/B (55).png,92.7963,67.9278,4.6024,Bercak daun,Leaf spot,NO,original image class-code prefix 'B',YES,OBS0157,0.656287,-0.38218,-0.097615,Gaussian perturbation; clipped to training-observed min/max
OBS0157,SRC0157,a96f1907e01e756d44b14b01d45e888a244f3416a32285c26347a9bab8cc13a4,2,train,images/B (55).png,91.27,67.7858,4.7018,Bercak daun,Leaf spot,NO,original image class-code prefix 'B',YES,OBS0157,-0.87004,-0.524219,0.001819,Gaussian perturbation; clipped to training-observed min/max
OBS0158,SRC0086,60c323ef7c46f76e95c9bdccfd5be09e2a1468517c8fb705e88b620af050ea59,0,train,images/B (56).jpg,89.81,51.6,5.87,Bercak daun,Leaf spot,NO,original image class-code prefix 'B',NO,OBS0158,0.0,0.0,0.0,original measurement
OBS0158,SRC0086,60c323ef7c46f76e95c9bdccfd5be09e2a1468517c8fb705e88b620af050ea59,1,train,images/B (56).jpg,89.1861,52.4823,5.794,Bercak daun,Leaf spot,NO,original image class-code prefix 'B',YES,OBS0158,-0.623892,0.882264,-0.075996,Gaussian perturbation; clipped to training-observed min/max
OBS0158,SRC0086,60c323ef7c46f76e95c9bdccfd5be09e2a1468517c8fb705e88b620af050ea59,2,train,images/B (56).jpg,87.7323,50.7127,5.9779,Bercak daun,Leaf spot,NO,original image class-code prefix 'B',YES,OBS0158,-2.077664,-0.887272,0.107911,Gaussian perturbation; clipped to training-observed min/max
OBS0159,SRC0157,a96f1907e01e756d44b14b01d45e888a244f3416a32285c26347a9bab8cc13a4,0,train,images/B (56).png,75.01,53.22,5.24,Bercak daun,Leaf spot,NO,original image class-code prefix 'B',NO,OBS0159,0.0,0.0,0.0,original measurement
OBS0159,SRC0157,a96f1907e01e756d44b14b01d45e888a244f3416a32285c26347a9bab8cc13a4,1,train,images/B (56).png,74.3222,56.029,5.2793,Bercak daun,Leaf spot,NO,original image class-code prefix 'B',YES,OBS0159,-0.687788,2.808971,0.039319,Gaussian perturbation; clipped to training-observed min/max
OBS0159,SRC0157,a96f1907e01e756d44b14b01d45e888a244f3416a32285c26347a9bab8cc13a4,2,train,images/B (56).png,73.6127,52.2189,5.2595,Bercak daun,Leaf spot,NO,original image class-code prefix 'B',YES,OBS0159,-1.397311,-1.001143,0.01947,Gaussian perturbation; clipped to training-observed min/max
OBS0160,SRC0086,60c323ef7c46f76e95c9bdccfd5be09e2a1468517c8fb705e88b620af050ea59,0,train,images/B (57).jpg,87.25,60.41,5.48,Bercak daun,Leaf spot,NO,original image class-code prefix 'B',NO,OBS0160,0.0,0.0,0.0,original measurement
OBS0160,SRC0086,60c323ef7c46f76e95c9bdccfd5be09e2a1468517c8fb705e88b620af050ea59,1,train,images/B (57).jpg,85.8368,63.2595,5.4007,Bercak daun,Leaf spot,NO,original image class-code prefix 'B',YES,OBS0160,-1.413173,2.849494,-0.079271,Gaussian perturbation; clipped to training-observed min/max
OBS0160,SRC0086,60c323ef7c46f76e95c9bdccfd5be09e2a1468517c8fb705e88b620af050ea59,2,train,images/B (57).jpg,88.0671,62.1622,5.4713,Bercak daun,Leaf spot,NO,original image class-code prefix 'B',YES,OBS0160,0.817132,1.752156,-0.008736,Gaussian perturbation; clipped to training-observed min/max
OBS0161,SRC0157,a96f1907e01e756d44b14b01d45e888a244f3416a32285c26347a9bab8cc13a4,0,train,images/B (57).png,77.32,63.06,5.46,Bercak daun,Leaf spot,NO,original image class-code prefix 'B',NO,OBS0161,0.0,0.0,0.0,original measurement
OBS0161,SRC0157,a96f1907e01e756d44b14b01d45e888a244f3416a32285c26347a9bab8cc13a4,1,train,images/B (57).png,76.125,62.7323,5.489,Bercak daun,Leaf spot,NO,original image class-code prefix 'B',YES,OBS0161,-1.195033,-0.32768,0.028977,Gaussian perturbation; clipped to training-observed min/max
OBS0161,SRC0157,a96f1907e01e756d44b14b01d45e888a244f3416a32285c26347a9bab8cc13a4,2,train,images/B (57).png,78.3709,63.1281,5.348,Bercak daun,Leaf spot,NO,original image class-code prefix 'B',YES,OBS0161,1.050903,0.06806,-0.112018,Gaussian perturbation; clipped to training-observed min/max
OBS0162,SRC0197,d2adf855e391b9a946ffd8e20431204cc7c310da6e6889ac57f4f40d1325e323,0,train,images/B (58).jpg,88.77,58.85,4.98,Bercak daun,Leaf spot,NO,original image class-code prefix 'B',NO,OBS0162,0.0,0.0,0.0,original measurement
OBS0162,SRC0197,d2adf855e391b9a946ffd8e20431204cc7c310da6e6889ac57f4f40d1325e323,1,train,images/B (58).jpg,88.8208,58.042,4.8053,Bercak daun,Leaf spot,NO,original image class-code prefix 'B',YES,OBS0162,0.050789,-0.80803,-0.174659,Gaussian perturbation; clipped to training-observed min/max
OBS0162,SRC0197,d2adf855e391b9a946ffd8e20431204cc7c310da6e6889ac57f4f40d1325e323,2,train,images/B (58).jpg,87.9329,57.1311,5.0269,Bercak daun,Leaf spot,NO,original image class-code prefix 'B',YES,OBS0162,-0.837072,-1.718941,0.046948,Gaussian perturbation; clipped to training-observed min/max
OBS0163,SRC0157,a96f1907e01e756d44b14b01d45e888a244f3416a32285c26347a9bab8cc13a4,0,train,images/B (58).png,85.94,50.2,5.62,Bercak daun,Leaf spot,NO,original image class-code prefix 'B',NO,OBS0163,0.0,0.0,0.0,original measurement
OBS0163,SRC0157,a96f1907e01e756d44b14b01d45e888a244f3416a32285c26347a9bab8cc13a4,1,train,images/B (58).png,88.273,52.4305,5.5741,Bercak daun,Leaf spot,NO,original image class-code prefix 'B',YES,OBS0163,2.332998,2.230504,-0.045857,Gaussian perturbation; clipped to training-observed min/max
OBS0163,SRC0157,a96f1907e01e756d44b14b01d45e888a244f3416a32285c26347a9bab8cc13a4,2,train,images/B (58).png,85.3791,51.0265,5.7049,Bercak daun,Leaf spot,NO,original image class-code prefix 'B',YES,OBS0163,-0.560873,0.826538,0.084903,Gaussian perturbation; clipped to training-observed min/max
OBS0164,SRC0197,d2adf855e391b9a946ffd8e20431204cc7c310da6e6889ac57f4f40d1325e323,0,train,images/B (59).jpg,80.68,47.35,5.67,Sehat,Leaf spot,YES,original image class-code prefix 'B',NO,OBS0164,0.0,0.0,0.0,original measurement
OBS0164,SRC0197,d2adf855e391b9a946ffd8e20431204cc7c310da6e6889ac57f4f40d1325e323,1,train,images/B (59).jpg,80.1775,47.1788,5.8466,Sehat,Leaf spot,YES,original image class-code prefix 'B',YES,OBS0164,-0.502486,-0.171163,0.176554,Gaussian perturbation; clipped to training-observed min/max
OBS0164,SRC0197,d2adf855e391b9a946ffd8e20431204cc7c310da6e6889ac57f4f40d1325e323,2,train,images/B (59).jpg,80.5511,46.7676,5.6796,Sehat,Leaf spot,YES,original image class-code prefix 'B',YES,OBS0164,-0.128942,-0.582386,0.009593,Gaussian perturbation; clipped to training-observed min/max
OBS0165,SRC0157,a96f1907e01e756d44b14b01d45e888a244f3416a32285c26347a9bab8cc13a4,0,train,images/B (59).png,86.76,53.42,5.59,Bercak daun,Leaf spot,NO,original image class-code prefix 'B',NO,OBS0165,0.0,0.0,0.0,original measurement
OBS0165,SRC0157,a96f1907e01e756d44b14b01d45e888a244f3416a32285c26347a9bab8cc13a4,1,train,images/B (59).png,87.4556,52.194,5.5701,Bercak daun,Leaf spot,NO,original image class-code prefix 'B',YES,OBS0165,0.695643,-1.22597,-0.019872,Gaussian perturbation; clipped to training-observed min/max
OBS0165,SRC0157,a96f1907e01e756d44b14b01d45e888a244f3416a32285c26347a9bab8cc13a4,2,train,images/B (59).png,85.3604,53.0861,5.7402,Bercak daun,Leaf spot,NO,original image class-code prefix 'B',YES,OBS0165,-1.399633,-0.333916,0.150154,Gaussian perturbation; clipped to training-observed min/max
OBS0166,SRC0094,697de0654ec5df2baaacf5820b980111db245d8bd04095a98bb3a6fe43fc3b52,0,train,images/B (6).jpg,83.86,55.4,4.79,Bercak daun,Leaf spot,NO,original image class-code prefix 'B',NO,OBS0166,0.0,0.0,0.0,original measurement
OBS0166,SRC0094,697de0654ec5df2baaacf5820b980111db245d8bd04095a98bb3a6fe43fc3b52,1,train,images/B (6).jpg,84.7501,55.2889,4.7154,Bercak daun,Leaf spot,NO,original image class-code prefix 'B',YES,OBS0166,0.890067,-0.111052,-0.074649,Gaussian perturbation; clipped to training-observed min/max
OBS0166,SRC0094,697de0654ec5df2baaacf5820b980111db245d8bd04095a98bb3a6fe43fc3b52,2,train,images/B (6).jpg,83.4863,56.6609,4.7451,Bercak daun,Leaf spot,NO,original image class-code prefix 'B',YES,OBS0166,-0.37369,1.26088,-0.044935,Gaussian perturbation; clipped to training-observed min/max
OBS0168,SRC0197,d2adf855e391b9a946ffd8e20431204cc7c310da6e6889ac57f4f40d1325e323,0,train,images/B (60).jpg,95.15,54.23,5.38,Bercak daun,Leaf spot,NO,original image class-code prefix 'B',NO,OBS0168,0.0,0.0,0.0,original measurement
OBS0168,SRC0197,d2adf855e391b9a946ffd8e20431204cc7c310da6e6889ac57f4f40d1325e323,1,train,images/B (60).jpg,96.8905,52.5816,5.3568,Bercak daun,Leaf spot,NO,original image class-code prefix 'B',YES,OBS0168,1.740505,-1.648364,-0.023204,Gaussian perturbation; clipped to training-observed min/max
OBS0168,SRC0197,d2adf855e391b9a946ffd8e20431204cc7c310da6e6889ac57f4f40d1325e323,2,train,images/B (60).jpg,97.2413,51.8206,5.4751,Bercak daun,Leaf spot,NO,original image class-code prefix 'B',YES,OBS0168,2.091317,-2.409407,0.095073,Gaussian perturbation; clipped to training-observed min/max
OBS0169,SRC0157,a96f1907e01e756d44b14b01d45e888a244f3416a32285c26347a9bab8cc13a4,0,train,images/B (60).png,82.56,55.45,6.28,Bercak daun,Leaf spot,NO,original image class-code prefix 'B',NO,OBS0169,0.0,0.0,0.0,original measurement
OBS0169,SRC0157,a96f1907e01e756d44b14b01d45e888a244f3416a32285c26347a9bab8cc13a4,1,train,images/B (60).png,80.3383,55.3419,6.2662,Bercak daun,Leaf spot,NO,original image class-code prefix 'B',YES,OBS0169,-2.221652,-0.108096,-0.013803,Gaussian perturbation; clipped to training-observed min/max
OBS0169,SRC0157,a96f1907e01e756d44b14b01d45e888a244f3416a32285c26347a9bab8cc13a4,2,train,images/B (60).png,83.5492,51.6645,6.1266,Bercak daun,Leaf spot,NO,original image class-code prefix 'B',YES,OBS0169,0.989152,-3.785452,-0.153425,Gaussian perturbation; clipped to training-observed min/max
OBS0170,SRC0197,d2adf855e391b9a946ffd8e20431204cc7c310da6e6889ac57f4f40d1325e323,0,train,images/B (61).jpg,80.5,53.02,5.9,Bercak daun,Leaf spot,NO,original image class-code prefix 'B',NO,OBS0170,0.0,0.0,0.0,original measurement
OBS0170,SRC0197,d2adf855e391b9a946ffd8e20431204cc7c310da6e6889ac57f4f40d1325e323,1,train,images/B (61).jpg,79.8208,53.0643,5.8285,Bercak daun,Leaf spot,NO,original image class-code prefix 'B',YES,OBS0170,-0.67922,0.044274,-0.071457,Gaussian perturbation; clipped to training-observed min/max
OBS0170,SRC0197,d2adf855e391b9a946ffd8e20431204cc7c310da6e6889ac57f4f40d1325e323,2,train,images/B (61).jpg,80.235,51.5966,5.8679,Bercak daun,Leaf spot,NO,original image class-code prefix 'B',YES,OBS0170,-0.26504,-1.423408,-0.032102,Gaussian perturbation; clipped to training-observed min/max
OBS0171,SRC0003,023b290bb2f12b60cd754a774f6b85095b0b93f62664785559f4439c5bb255b0,0,train,images/B (61).png,77.74,59.74,5.56,Bercak daun,Leaf spot,NO,original image class-code prefix 'B',NO,OBS0171,0.0,0.0,0.0,original measurement
OBS0171,SRC0003,023b290bb2f12b60cd754a774f6b85095b0b93f62664785559f4439c5bb255b0,1,train,images/B (61).png,76.7239,60.0328,5.6065,Bercak daun,Leaf spot,NO,original image class-code prefix 'B',YES,OBS0171,-1.016119,0.292826,0.046514,Gaussian perturbation; clipped to training-observed min/max
OBS0171,SRC0003,023b290bb2f12b60cd754a774f6b85095b0b93f62664785559f4439c5bb255b0,2,train,images/B (61).png,79.4595,58.9523,5.5346,Bercak daun,Leaf spot,NO,original image class-code prefix 'B',YES,OBS0171,1.719516,-0.787702,-0.025439,Gaussian perturbation; clipped to training-observed min/max
OBS0173,SRC0003,023b290bb2f12b60cd754a774f6b85095b0b93f62664785559f4439c5bb255b0,0,train,images/B (62).png,80.89,68.6,5.35,Bercak daun,Leaf spot,NO,original image class-code prefix 'B',NO,OBS0173,0.0,0.0,0.0,original measurement
OBS0173,SRC0003,023b290bb2f12b60cd754a774f6b85095b0b93f62664785559f4439c5bb255b0,1,train,images/B (62).png,80.9473,68.2461,5.3458,Bercak daun,Leaf spot,NO,original image class-code prefix 'B',YES,OBS0173,0.057295,-0.353903,-0.004159,Gaussian perturbation; clipped to training-observed min/max
OBS0173,SRC0003,023b290bb2f12b60cd754a774f6b85095b0b93f62664785559f4439c5bb255b0,2,train,images/B (62).png,79.0154,69.0461,5.2768,Bercak daun,Leaf spot,NO,original image class-code prefix 'B',YES,OBS0173,-1.874614,0.446106,-0.073215,Gaussian perturbation; clipped to training-observed min/max
OBS0175,SRC0011,0b033aaffff272c1599d93561c9b7ff2ccd360f1c4590fb54e9dc6dce7a04ae0,0,train,images/B (63).png,88.53,66.7,6.24,Bercak daun,Leaf spot,NO,original image class-code prefix 'B',NO,OBS0175,0.0,0.0,0.0,original measurement
OBS0175,SRC0011,0b033aaffff272c1599d93561c9b7ff2ccd360f1c4590fb54e9dc6dce7a04ae0,1,train,images/B (63).png,87.3816,64.7942,6.3329,Bercak daun,Leaf spot,NO,original image class-code prefix 'B',YES,OBS0175,-1.148354,-1.905751,0.09288,Gaussian perturbation; clipped to training-observed min/max
OBS0175,SRC0011,0b033aaffff272c1599d93561c9b7ff2ccd360f1c4590fb54e9dc6dce7a04ae0,2,train,images/B (63).png,88.3613,68.0794,6.2618,Bercak daun,Leaf spot,NO,original image class-code prefix 'B',YES,OBS0175,-0.168731,1.37939,0.021784,Gaussian perturbation; clipped to training-observed min/max
OBS0177,SRC0011,0b033aaffff272c1599d93561c9b7ff2ccd360f1c4590fb54e9dc6dce7a04ae0,0,train,images/B (64).png,78.59,51.42,6.4,Bercak daun,Leaf spot,NO,original image class-code prefix 'B',NO,OBS0177,0.0,0.0,0.0,original measurement
OBS0177,SRC0011,0b033aaffff272c1599d93561c9b7ff2ccd360f1c4590fb54e9dc6dce7a04ae0,1,train,images/B (64).png,76.546,50.1196,6.4606,Bercak daun,Leaf spot,NO,original image class-code prefix 'B',YES,OBS0177,-2.044033,-1.300436,0.060635,Gaussian perturbation; clipped to training-observed min/max
OBS0177,SRC0011,0b033aaffff272c1599d93561c9b7ff2ccd360f1c4590fb54e9dc6dce7a04ae0,2,train,images/B (64).png,77.6712,50.1116,6.3856,Bercak daun,Leaf spot,NO,original image class-code prefix 'B',YES,OBS0177,-0.918819,-1.308413,-0.01435,Gaussian perturbation; clipped to training-observed min/max
OBS0179,SRC0089,62277b44b6f613d4e6fc9e3c6280c44744ecf32c66db5287f2802caf162434dd,0,train,images/B (65).png,83.2,54.37,5.92,Bercak daun,Leaf spot,NO,original image class-code prefix 'B',NO,OBS0179,0.0,0.0,0.0,original measurement
OBS0179,SRC0089,62277b44b6f613d4e6fc9e3c6280c44744ecf32c66db5287f2802caf162434dd,1,train,images/B (65).png,82.9876,53.1558,5.8939,Bercak daun,Leaf spot,NO,original image class-code prefix 'B',YES,OBS0179,-0.212361,-1.214241,-0.026092,Gaussian perturbation; clipped to training-observed min/max
OBS0179,SRC0089,62277b44b6f613d4e6fc9e3c6280c44744ecf32c66db5287f2802caf162434dd,2,train,images/B (65).png,82.6258,51.262,5.9602,Bercak daun,Leaf spot,NO,original image class-code prefix 'B',YES,OBS0179,-0.574191,-3.107988,0.040213,Gaussian perturbation; clipped to training-observed min/max
OBS0181,SRC0089,62277b44b6f613d4e6fc9e3c6280c44744ecf32c66db5287f2802caf162434dd,0,train,images/B (66).png,90.66,56.46,5.3,Bercak daun,Leaf spot,NO,original image class-code prefix 'B',NO,OBS0181,0.0,0.0,0.0,original measurement
OBS0181,SRC0089,62277b44b6f613d4e6fc9e3c6280c44744ecf32c66db5287f2802caf162434dd,1,train,images/B (66).png,89.6864,58.0253,5.208,Bercak daun,Leaf spot,NO,original image class-code prefix 'B',YES,OBS0181,-0.97365,1.565327,-0.09201,Gaussian perturbation; clipped to training-observed min/max
OBS0181,SRC0089,62277b44b6f613d4e6fc9e3c6280c44744ecf32c66db5287f2802caf162434dd,2,train,images/B (66).png,88.7645,57.8851,5.1732,Bercak daun,Leaf spot,NO,original image class-code prefix 'B',YES,OBS0181,-1.895518,1.425149,-0.126804,Gaussian perturbation; clipped to training-observed min/max
OBS0183,SRC0139,987b4d985ff1035f41939f352810630725f8ebc89451618a5882e9bd51c1a728,0,train,images/B (67).png,72.06,53.56,5.92,Bercak daun,Leaf spot,NO,original image class-code prefix 'B',NO,OBS0183,0.0,0.0,0.0,original measurement
OBS0183,SRC0139,987b4d985ff1035f41939f352810630725f8ebc89451618a5882e9bd51c1a728,1,train,images/B (67).png,71.2966,54.2768,5.8936,Bercak daun,Leaf spot,NO,original image class-code prefix 'B',YES,OBS0183,-0.763409,0.716804,-0.026372,Gaussian perturbation; clipped to training-observed min/max
OBS0183,SRC0139,987b4d985ff1035f41939f352810630725f8ebc89451618a5882e9bd51c1a728,2,train,images/B (67).png,70.0734,53.7856,5.9045,Bercak daun,Leaf spot,NO,original image class-code prefix 'B',YES,OBS0183,-1.986566,0.225642,-0.015546,Gaussian perturbation; clipped to training-observed min/max
OBS0185,SRC0139,987b4d985ff1035f41939f352810630725f8ebc89451618a5882e9bd51c1a728,0,train,images/B (68).png,81.52,63.84,6.4,Bercak daun,Leaf spot,NO,original image class-code prefix 'B',NO,OBS0185,0.0,0.0,0.0,original measurement
OBS0185,SRC0139,987b4d985ff1035f41939f352810630725f8ebc89451618a5882e9bd51c1a728,1,train,images/B (68).png,83.0606,64.5464,6.6429,Bercak daun,Leaf spot,NO,original image class-code prefix 'B',YES,OBS0185,1.540626,0.706377,0.242857,Gaussian perturbation; clipped to training-observed min/max
OBS0185,SRC0139,987b4d985ff1035f41939f352810630725f8ebc89451618a5882e9bd51c1a728,2,train,images/B (68).png,79.5449,63.814,6.3147,Bercak daun,Leaf spot,NO,original image class-code prefix 'B',YES,OBS0185,-1.975073,-0.02601,-0.085332,Gaussian perturbation; clipped to training-observed min/max
OBS0187,SRC0166,b1d44d5ec85ebf60ad4414def193e4c1f0591132321081c2ed3280fae25c07ac,0,train,images/B (69).png,87.88,53.45,6.15,Bercak daun,Leaf spot,NO,original image class-code prefix 'B',NO,OBS0187,0.0,0.0,0.0,original measurement
OBS0187,SRC0166,b1d44d5ec85ebf60ad4414def193e4c1f0591132321081c2ed3280fae25c07ac,1,train,images/B (69).png,89.2657,54.4362,6.2103,Bercak daun,Leaf spot,NO,original image class-code prefix 'B',YES,OBS0187,1.385701,0.986206,0.060323,Gaussian perturbation; clipped to training-observed min/max
OBS0187,SRC0166,b1d44d5ec85ebf60ad4414def193e4c1f0591132321081c2ed3280fae25c07ac,2,train,images/B (69).png,86.9472,52.5558,5.9876,Bercak daun,Leaf spot,NO,original image class-code prefix 'B',YES,OBS0187,-0.932798,-0.894182,-0.162374,Gaussian perturbation; clipped to training-observed min/max
OBS0188,SRC0016,10f20d76149427f95d9ae85b624f5fd9b1cc8609129fdbf433be87ca35e09d61,0,train,images/B (7).jpg,79.45,49.14,5.72,Bercak daun,Leaf spot,NO,original image class-code prefix 'B',NO,OBS0188,0.0,0.0,0.0,original measurement
OBS0188,SRC0016,10f20d76149427f95d9ae85b624f5fd9b1cc8609129fdbf433be87ca35e09d61,1,train,images/B (7).jpg,81.5014,49.7499,5.6991,Bercak daun,Leaf spot,NO,original image class-code prefix 'B',YES,OBS0188,2.0514,0.609863,-0.020869,Gaussian perturbation; clipped to training-observed min/max
OBS0188,SRC0016,10f20d76149427f95d9ae85b624f5fd9b1cc8609129fdbf433be87ca35e09d61,2,train,images/B (7).jpg,80.5702,50.0411,5.798,Bercak daun,Leaf spot,NO,original image class-code prefix 'B',YES,OBS0188,1.120218,0.901099,0.078021,Gaussian perturbation; clipped to training-observed min/max
OBS0190,SRC0187,ccf7760aee310e8adb2a190b193e9755420052cb7b539e5ebc22f65dc1004043,0,train,images/B (70).jpg,72.09,49.39,5.26,Bercak daun,Leaf spot,NO,original image class-code prefix 'B',NO,OBS0190,0.0,0.0,0.0,original measurement
OBS0190,SRC0187,ccf7760aee310e8adb2a190b193e9755420052cb7b539e5ebc22f65dc1004043,1,train,images/B (70).jpg,70.1418,48.5334,5.2756,Bercak daun,Leaf spot,NO,original image class-code prefix 'B',YES,OBS0190,-1.948245,-0.856603,0.015635,Gaussian perturbation; clipped to training-observed min/max
OBS0190,SRC0187,ccf7760aee310e8adb2a190b193e9755420052cb7b539e5ebc22f65dc1004043,2,train,images/B (70).jpg,72.5165,50.5387,5.1793,Bercak daun,Leaf spot,NO,original image class-code prefix 'B',YES,OBS0190,0.426505,1.148682,-0.080691,Gaussian perturbation; clipped to training-observed min/max
OBS0191,SRC0166,b1d44d5ec85ebf60ad4414def193e4c1f0591132321081c2ed3280fae25c07ac,0,train,images/B (70).png,79.73,53.17,4.98,Bercak daun,Leaf spot,NO,original image class-code prefix 'B',NO,OBS0191,0.0,0.0,0.0,original measurement
OBS0191,SRC0166,b1d44d5ec85ebf60ad4414def193e4c1f0591132321081c2ed3280fae25c07ac,1,train,images/B (70).png,79.8827,55.8164,5.0354,Bercak daun,Leaf spot,NO,original image class-code prefix 'B',YES,OBS0191,0.152651,2.646425,0.055354,Gaussian perturbation; clipped to training-observed min/max
OBS0191,SRC0166,b1d44d5ec85ebf60ad4414def193e4c1f0591132321081c2ed3280fae25c07ac,2,train,images/B (70).png,80.7747,53.147,5.0414,Bercak daun,Leaf spot,NO,original image class-code prefix 'B',YES,OBS0191,1.044675,-0.023025,0.06141,Gaussian perturbation; clipped to training-observed min/max
OBS0192,SRC0187,ccf7760aee310e8adb2a190b193e9755420052cb7b539e5ebc22f65dc1004043,0,train,images/B (71).jpg,89.17,44.77,5.76,Bercak daun,Leaf spot,NO,original image class-code prefix 'B',NO,OBS0192,0.0,0.0,0.0,original measurement
OBS0192,SRC0187,ccf7760aee310e8adb2a190b193e9755420052cb7b539e5ebc22f65dc1004043,1,train,images/B (71).jpg,91.3348,44.898,5.8579,Bercak daun,Leaf spot,NO,original image class-code prefix 'B',YES,OBS0192,2.164788,0.12797,0.097918,Gaussian perturbation; clipped to training-observed min/max
OBS0192,SRC0187,ccf7760aee310e8adb2a190b193e9755420052cb7b539e5ebc22f65dc1004043,2,train,images/B (71).jpg,88.1198,45.4781,5.8323,Bercak daun,Leaf spot,NO,original image class-code prefix 'B',YES,OBS0192,-1.050167,0.708119,0.072337,Gaussian perturbation; clipped to training-observed min/max
OBS0193,SRC0132,90a911cdd20e5a81fef3b47654cb4ee976a02127e1c759023854b010afcc18fd,0,train,images/B (71).png,80.71,58.86,5.4,Bercak daun,Leaf spot,NO,original image class-code prefix 'B',NO,OBS0193,0.0,0.0,0.0,original measurement
OBS0193,SRC0132,90a911cdd20e5a81fef3b47654cb4ee976a02127e1c759023854b010afcc18fd,1,train,images/B (71).png,79.8076,60.1777,5.346,Bercak daun,Leaf spot,NO,original image class-code prefix 'B',YES,OBS0193,-0.902404,1.317749,-0.05402,Gaussian perturbation; clipped to training-observed min/max
OBS0193,SRC0132,90a911cdd20e5a81fef3b47654cb4ee976a02127e1c759023854b010afcc18fd,2,train,images/B (71).png,79.7437,58.8586,5.5546,Bercak daun,Leaf spot,NO,original image class-code prefix 'B',YES,OBS0193,-0.966287,-0.001431,0.154559,Gaussian perturbation; clipped to training-observed min/max
OBS0194,SRC0187,ccf7760aee310e8adb2a190b193e9755420052cb7b539e5ebc22f65dc1004043,0,train,images/B (72).jpg,72.22,55.8,6.24,Bercak daun,Leaf spot,NO,original image class-code prefix 'B',NO,OBS0194,0.0,0.0,0.0,original measurement
OBS0194,SRC0187,ccf7760aee310e8adb2a190b193e9755420052cb7b539e5ebc22f65dc1004043,1,train,images/B (72).jpg,72.591,56.9229,6.1815,Bercak daun,Leaf spot,NO,original image class-code prefix 'B',YES,OBS0194,0.370984,1.122942,-0.058544,Gaussian perturbation; clipped to training-observed min/max
OBS0194,SRC0187,ccf7760aee310e8adb2a190b193e9755420052cb7b539e5ebc22f65dc1004043,2,train,images/B (72).jpg,72.313,54.3881,6.1943,Bercak daun,Leaf spot,NO,original image class-code prefix 'B',YES,OBS0194,0.092997,-1.411868,-0.045689,Gaussian perturbation; clipped to training-observed min/max
OBS0195,SRC0132,90a911cdd20e5a81fef3b47654cb4ee976a02127e1c759023854b010afcc18fd,0,train,images/B (72).png,83.56,47.15,6.23,Bercak daun,Leaf spot,NO,original image class-code prefix 'B',NO,OBS0195,0.0,0.0,0.0,original measurement
OBS0195,SRC0132,90a911cdd20e5a81fef3b47654cb4ee976a02127e1c759023854b010afcc18fd,1,train,images/B (72).png,84.5628,47.1039,6.3461,Bercak daun,Leaf spot,NO,original image class-code prefix 'B',YES,OBS0195,1.002769,-0.046077,0.116104,Gaussian perturbation; clipped to training-observed min/max
OBS0195,SRC0132,90a911cdd20e5a81fef3b47654cb4ee976a02127e1c759023854b010afcc18fd,2,train,images/B (72).png,83.3171,46.9125,6.3321,Bercak daun,Leaf spot,NO,original image class-code prefix 'B',YES,OBS0195,-0.2429,-0.237523,0.102135,Gaussian perturbation; clipped to training-observed min/max
OBS0196,SRC0051,37c1ddd27276fe100eb596ec8662ae3b69c7fb6f22b640d61d658f136de69a48,0,train,images/B (73).jpg,82.66,57.99,5.92,Bercak daun,Leaf spot,NO,original image class-code prefix 'B',NO,OBS0196,0.0,0.0,0.0,original measurement
OBS0196,SRC0051,37c1ddd27276fe100eb596ec8662ae3b69c7fb6f22b640d61d658f136de69a48,1,train,images/B (73).jpg,81.8817,56.1663,6.0241,Bercak daun,Leaf spot,NO,original image class-code prefix 'B',YES,OBS0196,-0.77834,-1.823718,0.104102,Gaussian perturbation; clipped to training-observed min/max
OBS0196,SRC0051,37c1ddd27276fe100eb596ec8662ae3b69c7fb6f22b640d61d658f136de69a48,2,train,images/B (73).jpg,83.157,55.3918,5.9236,Bercak daun,Leaf spot,NO,original image class-code prefix 'B',YES,OBS0196,0.497025,-2.598234,0.003562,Gaussian perturbation; clipped to training-observed min/max
OBS0197,SRC0202,d62c1f8ef374ee60c0719ad5413389864cd5160d9ffaf2460dd7698c318ee858,0,train,images/B (73).png,73.4,40.55,5.05,Jamur lain,Leaf spot,YES,original image class-code prefix 'B',NO,OBS0197,0.0,0.0,0.0,original measurement
OBS0197,SRC0202,d62c1f8ef374ee60c0719ad5413389864cd5160d9ffaf2460dd7698c318ee858,1,train,images/B (73).png,72.9155,42.6438,4.9917,Jamur lain,Leaf spot,YES,original image class-code prefix 'B',YES,OBS0197,-0.484544,2.093808,-0.058319,Gaussian perturbation; clipped to training-observed min/max
OBS0197,SRC0202,d62c1f8ef374ee60c0719ad5413389864cd5160d9ffaf2460dd7698c318ee858,2,train,images/B (73).png,72.7031,39.4575,4.9657,Jamur lain,Leaf spot,YES,original image class-code prefix 'B',YES,OBS0197,-0.696922,-1.092481,-0.084324,Gaussian perturbation; clipped to training-observed min/max
OBS0198,SRC0221,e60abef3dbe8cbc27b8dc5772e225633e05595358b5f0a1e2596ea07f91b0704,0,train,images/B (74).jpg,84.77,39.3,5.35,Bercak daun,Leaf spot,NO,original image class-code prefix 'B',NO,OBS0198,0.0,0.0,0.0,original measurement
OBS0198,SRC0221,e60abef3dbe8cbc27b8dc5772e225633e05595358b5f0a1e2596ea07f91b0704,1,train,images/B (74).jpg,83.9294,37.5769,5.2675,Bercak daun,Leaf spot,NO,original image class-code prefix 'B',YES,OBS0198,-0.840595,-1.723109,-0.082496,Gaussian perturbation; clipped to training-observed min/max
OBS0198,SRC0221,e60abef3dbe8cbc27b8dc5772e225633e05595358b5f0a1e2596ea07f91b0704,2,train,images/B (74).jpg,82.8421,37.5033,5.2252,Bercak daun,Leaf spot,NO,original image class-code prefix 'B',YES,OBS0198,-1.927902,-1.796734,-0.124774,Gaussian perturbation; clipped to training-observed min/max
OBS0199,SRC0202,d62c1f8ef374ee60c0719ad5413389864cd5160d9ffaf2460dd7698c318ee858,0,train,images/B (74).png,86.45,53.2,4.91,Bercak daun,Leaf spot,NO,original image class-code prefix 'B',NO,OBS0199,0.0,0.0,0.0,original measurement
OBS0199,SRC0202,d62c1f8ef374ee60c0719ad5413389864cd5160d9ffaf2460dd7698c318ee858,1,train,images/B (74).png,85.8246,52.3796,4.8119,Bercak daun,Leaf spot,NO,original image class-code prefix 'B',YES,OBS0199,-0.625391,-0.820426,-0.098118,Gaussian perturbation; clipped to training-observed min/max
OBS0199,SRC0202,d62c1f8ef374ee60c0719ad5413389864cd5160d9ffaf2460dd7698c318ee858,2,train,images/B (74).png,87.0239,53.1423,4.8754,Bercak daun,Leaf spot,NO,original image class-code prefix 'B',YES,OBS0199,0.573925,-0.057691,-0.034558,Gaussian perturbation; clipped to training-observed min/max
OBS0200,SRC0220,e56de5e47d27a4db7dc3d6bfce408259dec6a6092cc2b24a52f77708cb79ef6c,0,train,images/B (75).jpg,72.12,55.73,4.87,Bercak daun,Leaf spot,NO,original image class-code prefix 'B',NO,OBS0200,0.0,0.0,0.0,original measurement
OBS0200,SRC0220,e56de5e47d27a4db7dc3d6bfce408259dec6a6092cc2b24a52f77708cb79ef6c,1,train,images/B (75).jpg,71.5632,57.6415,4.8892,Bercak daun,Leaf spot,NO,original image class-code prefix 'B',YES,OBS0200,-0.556768,1.911455,0.019185,Gaussian perturbation; clipped to training-observed min/max
OBS0200,SRC0220,e56de5e47d27a4db7dc3d6bfce408259dec6a6092cc2b24a52f77708cb79ef6c,2,train,images/B (75).jpg,72.6905,52.6268,4.8177,Bercak daun,Leaf spot,NO,original image class-code prefix 'B',YES,OBS0200,0.570454,-3.103248,-0.052299,Gaussian perturbation; clipped to training-observed min/max
OBS0201,SRC0133,90f29f5c948c0cbb1ef311d172703b10b4bcd73de6e515ec3c68569b4a9fec56,0,train,images/B (75).png,81.85,60.74,5.75,Bercak daun,Leaf spot,NO,original image class-code prefix 'B',NO,OBS0201,0.0,0.0,0.0,original measurement
OBS0201,SRC0133,90f29f5c948c0cbb1ef311d172703b10b4bcd73de6e515ec3c68569b4a9fec56,1,train,images/B (75).png,79.2448,60.2286,5.7799,Bercak daun,Leaf spot,NO,original image class-code prefix 'B',YES,OBS0201,-2.605208,-0.511445,0.029865,Gaussian perturbation; clipped to training-observed min/max
OBS0201,SRC0133,90f29f5c948c0cbb1ef311d172703b10b4bcd73de6e515ec3c68569b4a9fec56,2,train,images/B (75).png,81.0408,61.3623,5.6682,Bercak daun,Leaf spot,NO,original image class-code prefix 'B',YES,OBS0201,-0.809157,0.622331,-0.08182,Gaussian perturbation; clipped to training-observed min/max
OBS0203,SRC0133,90f29f5c948c0cbb1ef311d172703b10b4bcd73de6e515ec3c68569b4a9fec56,0,train,images/B (76).png,86.9,57.65,4.99,Karat daun,Leaf spot,YES,original image class-code prefix 'B',NO,OBS0203,0.0,0.0,0.0,original measurement
OBS0203,SRC0133,90f29f5c948c0cbb1ef311d172703b10b4bcd73de6e515ec3c68569b4a9fec56,1,train,images/B (76).png,87.591,55.7857,4.9691,Karat daun,Leaf spot,YES,original image class-code prefix 'B',YES,OBS0203,0.690964,-1.864331,-0.020935,Gaussian perturbation; clipped to training-observed min/max
OBS0203,SRC0133,90f29f5c948c0cbb1ef311d172703b10b4bcd73de6e515ec3c68569b4a9fec56,2,train,images/B (76).png,87.4038,58.2931,4.9798,Karat daun,Leaf spot,YES,original image class-code prefix 'B',YES,OBS0203,0.503769,0.643105,-0.010181,Gaussian perturbation; clipped to training-observed min/max
OBS0204,SRC0230,f7b7d3d30f76e1f20232c562779a055756959c59730b0f2c33f77655e36955a8,0,train,images/B (77).jpg,91.06,47.14,5.49,Bercak daun,Leaf spot,NO,original image class-code prefix 'B',NO,OBS0204,0.0,0.0,0.0,original measurement
OBS0204,SRC0230,f7b7d3d30f76e1f20232c562779a055756959c59730b0f2c33f77655e36955a8,1,train,images/B (77).jpg,93.3877,46.6427,5.4539,Bercak daun,Leaf spot,NO,original image class-code prefix 'B',YES,OBS0204,2.327657,-0.497304,-0.03608,Gaussian perturbation; clipped to training-observed min/max
OBS0204,SRC0230,f7b7d3d30f76e1f20232c562779a055756959c59730b0f2c33f77655e36955a8,2,train,images/B (77).jpg,87.7486,49.2627,5.4605,Bercak daun,Leaf spot,NO,original image class-code prefix 'B',YES,OBS0204,-3.311409,2.122721,-0.02952,Gaussian perturbation; clipped to training-observed min/max
OBS0208,SRC0203,d66d6077b1ba62223214da212c54420b82d38ecadd14414579966da714c6b981,0,train,images/B (79).jpg,83.22,40.45,5.73,Bercak daun,Leaf spot,NO,original image class-code prefix 'B',NO,OBS0208,0.0,0.0,0.0,original measurement
OBS0208,SRC0203,d66d6077b1ba62223214da212c54420b82d38ecadd14414579966da714c6b981,1,train,images/B (79).jpg,81.8088,42.0351,5.8288,Bercak daun,Leaf spot,NO,original image class-code prefix 'B',YES,OBS0208,-1.411219,1.585085,0.09884,Gaussian perturbation; clipped to training-observed min/max
OBS0208,SRC0203,d66d6077b1ba62223214da212c54420b82d38ecadd14414579966da714c6b981,2,train,images/B (79).jpg,83.35,38.7281,5.7635,Bercak daun,Leaf spot,NO,original image class-code prefix 'B',YES,OBS0208,0.129991,-1.721906,0.033518,Gaussian perturbation; clipped to training-observed min/max
OBS0210,SRC0199,d31e599cae6712173cb915f28deb30aee605163aeb798bd643b9f0c9d9003dcc,0,train,images/B (8).jpg,98.0,56.34,5.37,Bercak daun,Leaf spot,NO,original image class-code prefix 'B',NO,OBS0210,0.0,0.0,0.0,original measurement
OBS0210,SRC0199,d31e599cae6712173cb915f28deb30aee605163aeb798bd643b9f0c9d9003dcc,1,train,images/B (8).jpg,97.2543,54.9351,5.4535,Bercak daun,Leaf spot,NO,original image class-code prefix 'B',YES,OBS0210,-0.74567,-1.404926,0.08347,Gaussian perturbation; clipped to training-observed min/max
OBS0210,SRC0199,d31e599cae6712173cb915f28deb30aee605163aeb798bd643b9f0c9d9003dcc,2,train,images/B (8).jpg,95.4409,57.0206,5.4067,Bercak daun,Leaf spot,NO,original image class-code prefix 'B',YES,OBS0210,-2.559111,0.680596,0.036748,Gaussian perturbation; clipped to training-observed min/max
OBS0211,SRC0115,7aadd65072700ffda44d549cf1357307d38f9cfbc99d2497f5ece8a8bd98f56a,0,train,images/B (8).png,88.13,51.88,5.81,Bercak daun,Leaf spot,NO,original image class-code prefix 'B',NO,OBS0211,0.0,0.0,0.0,original measurement
OBS0211,SRC0115,7aadd65072700ffda44d549cf1357307d38f9cfbc99d2497f5ece8a8bd98f56a,1,train,images/B (8).png,90.5912,52.2702,5.6453,Bercak daun,Leaf spot,NO,original image class-code prefix 'B',YES,OBS0211,2.461213,0.390209,-0.164675,Gaussian perturbation; clipped to training-observed min/max
OBS0211,SRC0115,7aadd65072700ffda44d549cf1357307d38f9cfbc99d2497f5ece8a8bd98f56a,2,train,images/B (8).png,87.1267,51.9576,5.8384,Bercak daun,Leaf spot,NO,original image class-code prefix 'B',YES,OBS0211,-1.003345,0.0776,0.028445,Gaussian perturbation; clipped to training-observed min/max
OBS0212,SRC0203,d66d6077b1ba62223214da212c54420b82d38ecadd14414579966da714c6b981,0,train,images/B (80).jpg,90.17,50.64,5.51,Bercak daun,Leaf spot,NO,original image class-code prefix 'B',NO,OBS0212,0.0,0.0,0.0,original measurement
OBS0212,SRC0203,d66d6077b1ba62223214da212c54420b82d38ecadd14414579966da714c6b981,1,train,images/B (80).jpg,91.347,48.2884,5.4836,Bercak daun,Leaf spot,NO,original image class-code prefix 'B',YES,OBS0212,1.176979,-2.351611,-0.026396,Gaussian perturbation; clipped to training-observed min/max
OBS0212,SRC0203,d66d6077b1ba62223214da212c54420b82d38ecadd14414579966da714c6b981,2,train,images/B (80).jpg,91.3338,52.4928,5.6589,Bercak daun,Leaf spot,NO,original image class-code prefix 'B',YES,OBS0212,1.163833,1.852764,0.148882,Gaussian perturbation; clipped to training-observed min/max
OBS0214,SRC0186,c4c4195a97c6d50973339bdd9f969dac47b561fa466fe82633b1d385256c04e5,0,train,images/B (81).jpg,85.63,48.89,5.38,Bercak daun,Leaf spot,NO,original image class-code prefix 'B',NO,OBS0214,0.0,0.0,0.0,original measurement
OBS0214,SRC0186,c4c4195a97c6d50973339bdd9f969dac47b561fa466fe82633b1d385256c04e5,1,train,images/B (81).jpg,85.1617,50.2071,5.5169,Bercak daun,Leaf spot,NO,original image class-code prefix 'B',YES,OBS0214,-0.468263,1.317126,0.136937,Gaussian perturbation; clipped to training-observed min/max
OBS0214,SRC0186,c4c4195a97c6d50973339bdd9f969dac47b561fa466fe82633b1d385256c04e5,2,train,images/B (81).jpg,87.0677,49.7584,5.4462,Bercak daun,Leaf spot,NO,original image class-code prefix 'B',YES,OBS0214,1.437683,0.868422,0.066224,Gaussian perturbation; clipped to training-observed min/max
OBS0215,SRC0104,70ebafa2d302b84e21eab56db390da03508425f777c377de23e0264fc373f7ee,0,train,images/B (81).png,77.85,46.69,5.24,Bercak daun,Leaf spot,NO,original image class-code prefix 'B',NO,OBS0215,0.0,0.0,0.0,original measurement
OBS0215,SRC0104,70ebafa2d302b84e21eab56db390da03508425f777c377de23e0264fc373f7ee,1,train,images/B (81).png,76.9021,44.9533,5.3186,Bercak daun,Leaf spot,NO,original image class-code prefix 'B',YES,OBS0215,-0.947861,-1.7367,0.078628,Gaussian perturbation; clipped to training-observed min/max
OBS0215,SRC0104,70ebafa2d302b84e21eab56db390da03508425f777c377de23e0264fc373f7ee,2,train,images/B (81).png,77.4335,46.6562,5.1937,Bercak daun,Leaf spot,NO,original image class-code prefix 'B',YES,OBS0215,-0.41648,-0.03376,-0.046298,Gaussian perturbation; clipped to training-observed min/max
OBS0216,SRC0186,c4c4195a97c6d50973339bdd9f969dac47b561fa466fe82633b1d385256c04e5,0,train,images/B (82).jpg,90.94,48.57,5.51,Bercak daun,Leaf spot,NO,original image class-code prefix 'B',NO,OBS0216,0.0,0.0,0.0,original measurement
OBS0216,SRC0186,c4c4195a97c6d50973339bdd9f969dac47b561fa466fe82633b1d385256c04e5,1,train,images/B (82).jpg,90.4685,48.8493,5.4283,Bercak daun,Leaf spot,NO,original image class-code prefix 'B',YES,OBS0216,-0.471488,0.279299,-0.081749,Gaussian perturbation; clipped to training-observed min/max
OBS0216,SRC0186,c4c4195a97c6d50973339bdd9f969dac47b561fa466fe82633b1d385256c04e5,2,train,images/B (82).jpg,91.0222,48.8653,5.5038,Bercak daun,Leaf spot,NO,original image class-code prefix 'B',YES,OBS0216,0.0822,0.295266,-0.006188,Gaussian perturbation; clipped to training-observed min/max
OBS0217,SRC0104,70ebafa2d302b84e21eab56db390da03508425f777c377de23e0264fc373f7ee,0,train,images/B (82).png,80.08,51.81,5.14,Bercak daun,Leaf spot,NO,original image class-code prefix 'B',NO,OBS0217,0.0,0.0,0.0,original measurement
OBS0217,SRC0104,70ebafa2d302b84e21eab56db390da03508425f777c377de23e0264fc373f7ee,1,train,images/B (82).png,79.1876,52.7539,5.2898,Bercak daun,Leaf spot,NO,original image class-code prefix 'B',YES,OBS0217,-0.892356,0.943944,0.149811,Gaussian perturbation; clipped to training-observed min/max
OBS0217,SRC0104,70ebafa2d302b84e21eab56db390da03508425f777c377de23e0264fc373f7ee,2,train,images/B (82).png,79.3585,53.2914,5.2111,Bercak daun,Leaf spot,NO,original image class-code prefix 'B',YES,OBS0217,-0.721492,1.481355,0.071141,Gaussian perturbation; clipped to training-observed min/max
OBS0219,SRC0102,6eef978d250a68dfe7f6fcc5a363485867b91884a021b1fa9bf224a7139fe007,0,train,images/B (83).png,78.73,51.81,5.65,Bercak daun,Leaf spot,NO,original image class-code prefix 'B',NO,OBS0219,0.0,0.0,0.0,original measurement
OBS0219,SRC0102,6eef978d250a68dfe7f6fcc5a363485867b91884a021b1fa9bf224a7139fe007,1,train,images/B (83).png,75.5461,50.8966,5.5991,Bercak daun,Leaf spot,NO,original image class-code prefix 'B',YES,OBS0219,-3.183902,-0.913433,-0.050867,Gaussian perturbation; clipped to training-observed min/max
OBS0219,SRC0102,6eef978d250a68dfe7f6fcc5a363485867b91884a021b1fa9bf224a7139fe007,2,train,images/B (83).png,79.6681,52.0362,5.688,Bercak daun,Leaf spot,NO,original image class-code prefix 'B',YES,OBS0219,0.938126,0.226185,0.037952,Gaussian perturbation; clipped to training-observed min/max
OBS0220,SRC0187,ccf7760aee310e8adb2a190b193e9755420052cb7b539e5ebc22f65dc1004043,0,train,images/B (84).jpg,81.8,51.05,5.47,Bercak daun,Leaf spot,NO,original image class-code prefix 'B',NO,OBS0220,0.0,0.0,0.0,original measurement
OBS0220,SRC0187,ccf7760aee310e8adb2a190b193e9755420052cb7b539e5ebc22f65dc1004043,1,train,images/B (84).jpg,82.5635,49.9713,5.4103,Bercak daun,Leaf spot,NO,original image class-code prefix 'B',YES,OBS0220,0.763535,-1.0787,-0.059724,Gaussian perturbation; clipped to training-observed min/max
OBS0220,SRC0187,ccf7760aee310e8adb2a190b193e9755420052cb7b539e5ebc22f65dc1004043,2,train,images/B (84).jpg,80.3325,50.8457,5.4605,Bercak daun,Leaf spot,NO,original image class-code prefix 'B',YES,OBS0220,-1.467467,-0.204325,-0.009528,Gaussian perturbation; clipped to training-observed min/max
OBS0221,SRC0102,6eef978d250a68dfe7f6fcc5a363485867b91884a021b1fa9bf224a7139fe007,0,train,images/B (84).png,96.25,61.89,5.93,Bercak daun,Leaf spot,NO,original image class-code prefix 'B',NO,OBS0221,0.0,0.0,0.0,original measurement
OBS0221,SRC0102,6eef978d250a68dfe7f6fcc5a363485867b91884a021b1fa9bf224a7139fe007,1,train,images/B (84).png,96.4554,61.0172,6.0025,Bercak daun,Leaf spot,NO,original image class-code prefix 'B',YES,OBS0221,0.205446,-0.872769,0.072522,Gaussian perturbation; clipped to training-observed min/max
OBS0221,SRC0102,6eef978d250a68dfe7f6fcc5a363485867b91884a021b1fa9bf224a7139fe007,2,train,images/B (84).png,97.3505,63.7458,5.9869,Bercak daun,Leaf spot,NO,original image class-code prefix 'B',YES,OBS0221,1.100533,1.855823,0.056905,Gaussian perturbation; clipped to training-observed min/max
OBS0222,SRC0037,26af757f36990c46dc47f861ff3724f7af08b1661033f20467def2134ad33aee,0,train,images/B (85).jpg,68.0,29.5,5.16,Bercak daun,Leaf spot,NO,original image class-code prefix 'B',NO,OBS0222,0.0,0.0,0.0,original measurement
OBS0222,SRC0037,26af757f36990c46dc47f861ff3724f7af08b1661033f20467def2134ad33aee,1,train,images/B (85).jpg,68.2226,30.3069,5.2088,Bercak daun,Leaf spot,NO,original image class-code prefix 'B',YES,OBS0222,0.222613,0.806909,0.04878,Gaussian perturbation; clipped to training-observed min/max
OBS0222,SRC0037,26af757f36990c46dc47f861ff3724f7af08b1661033f20467def2134ad33aee,2,train,images/B (85).jpg,67.2178,31.0473,5.2975,Bercak daun,Leaf spot,NO,original image class-code prefix 'B',YES,OBS0222,-0.782178,1.547262,0.137481,Gaussian perturbation; clipped to training-observed min/max
OBS0223,SRC0169,b6a5b68ad5a5ecc065fa47727ee470df24c32e37237ef6ef3befd56caa9917c3,0,train,images/B (85).png,84.67,56.08,5.86,Bercak daun,Leaf spot,NO,original image class-code prefix 'B',NO,OBS0223,0.0,0.0,0.0,original measurement
OBS0223,SRC0169,b6a5b68ad5a5ecc065fa47727ee470df24c32e37237ef6ef3befd56caa9917c3,1,train,images/B (85).png,87.0423,56.1223,5.8859,Bercak daun,Leaf spot,NO,original image class-code prefix 'B',YES,OBS0223,2.372344,0.042271,0.025942,Gaussian perturbation; clipped to training-observed min/max
OBS0223,SRC0169,b6a5b68ad5a5ecc065fa47727ee470df24c32e37237ef6ef3befd56caa9917c3,2,train,images/B (85).png,85.1696,56.0769,5.9095,Bercak daun,Leaf spot,NO,original image class-code prefix 'B',YES,OBS0223,0.499631,-0.003055,0.049543,Gaussian perturbation; clipped to training-observed min/max
OBS0224,SRC0037,26af757f36990c46dc47f861ff3724f7af08b1661033f20467def2134ad33aee,0,train,images/B (86).jpg,70.09,37.42,6.0,Bercak daun,Leaf spot,NO,original image class-code prefix 'B',NO,OBS0224,0.0,0.0,0.0,original measurement
OBS0224,SRC0037,26af757f36990c46dc47f861ff3724f7af08b1661033f20467def2134ad33aee,1,train,images/B (86).jpg,69.9446,37.1875,6.1407,Bercak daun,Leaf spot,NO,original image class-code prefix 'B',YES,OBS0224,-0.145416,-0.23254,0.140719,Gaussian perturbation; clipped to training-observed min/max
OBS0224,SRC0037,26af757f36990c46dc47f861ff3724f7af08b1661033f20467def2134ad33aee,2,train,images/B (86).jpg,70.2877,37.5004,6.0706,Bercak daun,Leaf spot,NO,original image class-code prefix 'B',YES,OBS0224,0.197659,0.080412,0.070562,Gaussian perturbation; clipped to training-observed min/max
OBS0225,SRC0169,b6a5b68ad5a5ecc065fa47727ee470df24c32e37237ef6ef3befd56caa9917c3,0,train,images/B (86).png,75.65,49.89,5.44,Bercak daun,Leaf spot,NO,original image class-code prefix 'B',NO,OBS0225,0.0,0.0,0.0,original measurement
OBS0225,SRC0169,b6a5b68ad5a5ecc065fa47727ee470df24c32e37237ef6ef3befd56caa9917c3,1,train,images/B (86).png,75.8304,50.2399,5.4349,Bercak daun,Leaf spot,NO,original image class-code prefix 'B',YES,OBS0225,0.1804,0.349947,-0.005085,Gaussian perturbation; clipped to training-observed min/max
OBS0225,SRC0169,b6a5b68ad5a5ecc065fa47727ee470df24c32e37237ef6ef3befd56caa9917c3,2,train,images/B (86).png,74.1855,49.8528,5.349,Bercak daun,Leaf spot,NO,original image class-code prefix 'B',YES,OBS0225,-1.4645,-0.037166,-0.090951,Gaussian perturbation; clipped to training-observed min/max
OBS0226,SRC0037,26af757f36990c46dc47f861ff3724f7af08b1661033f20467def2134ad33aee,0,train,images/B (87).jpg,93.92,40.84,5.68,Bercak daun,Leaf spot,NO,original image class-code prefix 'B',NO,OBS0226,0.0,0.0,0.0,original measurement
OBS0226,SRC0037,26af757f36990c46dc47f861ff3724f7af08b1661033f20467def2134ad33aee,1,train,images/B (87).jpg,94.1722,39.4223,5.7533,Bercak daun,Leaf spot,NO,original image class-code prefix 'B',YES,OBS0226,0.252181,-1.417726,0.073337,Gaussian perturbation; clipped to training-observed min/max
OBS0226,SRC0037,26af757f36990c46dc47f861ff3724f7af08b1661033f20467def2134ad33aee,2,train,images/B (87).jpg,94.8191,41.1765,5.672,Bercak daun,Leaf spot,NO,original image class-code prefix 'B',YES,OBS0226,0.899082,0.336514,-0.008011,Gaussian perturbation; clipped to training-observed min/max
OBS0227,SRC0149,a2d750c60e12083c399aa233b7b88ebc3908c23c88f4735add8949a7b432dab7,0,train,images/B (87).png,87.15,47.24,5.06,Bercak daun,Leaf spot,NO,original image class-code prefix 'B',NO,OBS0227,0.0,0.0,0.0,original measurement
OBS0227,SRC0149,a2d750c60e12083c399aa233b7b88ebc3908c23c88f4735add8949a7b432dab7,1,train,images/B (87).png,87.6496,44.882,4.9723,Bercak daun,Leaf spot,NO,original image class-code prefix 'B',YES,OBS0227,0.499562,-2.357998,-0.087746,Gaussian perturbation; clipped to training-observed min/max
OBS0227,SRC0149,a2d750c60e12083c399aa233b7b88ebc3908c23c88f4735add8949a7b432dab7,2,train,images/B (87).png,86.9715,47.6543,5.0536,Bercak daun,Leaf spot,NO,original image class-code prefix 'B',YES,OBS0227,-0.17848,0.414311,-0.006352,Gaussian perturbation; clipped to training-observed min/max
OBS0228,SRC0037,26af757f36990c46dc47f861ff3724f7af08b1661033f20467def2134ad33aee,0,train,images/B (88).jpg,73.31,56.26,5.16,Bercak daun,Leaf spot,NO,original image class-code prefix 'B',NO,OBS0228,0.0,0.0,0.0,original measurement
OBS0228,SRC0037,26af757f36990c46dc47f861ff3724f7af08b1661033f20467def2134ad33aee,1,train,images/B (88).jpg,72.1045,56.4201,5.1237,Bercak daun,Leaf spot,NO,original image class-code prefix 'B',YES,OBS0228,-1.205532,0.160135,-0.036296,Gaussian perturbation; clipped to training-observed min/max
OBS0228,SRC0037,26af757f36990c46dc47f861ff3724f7af08b1661033f20467def2134ad33aee,2,train,images/B (88).jpg,72.0277,56.6554,5.1432,Bercak daun,Leaf spot,NO,original image class-code prefix 'B',YES,OBS0228,-1.282316,0.395402,-0.016798,Gaussian perturbation; clipped to training-observed min/max
OBS0229,SRC0149,a2d750c60e12083c399aa233b7b88ebc3908c23c88f4735add8949a7b432dab7,0,train,images/B (88).png,81.71,49.53,5.06,Bercak daun,Leaf spot,NO,original image class-code prefix 'B',NO,OBS0229,0.0,0.0,0.0,original measurement
OBS0229,SRC0149,a2d750c60e12083c399aa233b7b88ebc3908c23c88f4735add8949a7b432dab7,1,train,images/B (88).png,83.1458,50.3286,5.1188,Bercak daun,Leaf spot,NO,original image class-code prefix 'B',YES,OBS0229,1.43578,0.798638,0.058774,Gaussian perturbation; clipped to training-observed min/max
OBS0229,SRC0149,a2d750c60e12083c399aa233b7b88ebc3908c23c88f4735add8949a7b432dab7,2,train,images/B (88).png,82.096,48.5158,4.9851,Bercak daun,Leaf spot,NO,original image class-code prefix 'B',YES,OBS0229,0.386,-1.014214,-0.07485,Gaussian perturbation; clipped to training-observed min/max
OBS0230,SRC0047,33dd269a599b54213f0ce4c773aa40b7ad58bf4d3eed8c6f9a92712ce32a4b93,0,train,images/B (89).jpg,84.94,56.94,5.39,Bercak daun,Leaf spot,NO,original image class-code prefix 'B',NO,OBS0230,0.0,0.0,0.0,original measurement
OBS0230,SRC0047,33dd269a599b54213f0ce4c773aa40b7ad58bf4d3eed8c6f9a92712ce32a4b93,1,train,images/B (89).jpg,83.1746,60.3948,5.3036,Bercak daun,Leaf spot,NO,original image class-code prefix 'B',YES,OBS0230,-1.76539,3.454815,-0.086356,Gaussian perturbation; clipped to training-observed min/max
OBS0230,SRC0047,33dd269a599b54213f0ce4c773aa40b7ad58bf4d3eed8c6f9a92712ce32a4b93,2,train,images/B (89).jpg,84.6882,56.5075,5.3675,Bercak daun,Leaf spot,NO,original image class-code prefix 'B',YES,OBS0230,-0.251798,-0.432467,-0.022488,Gaussian perturbation; clipped to training-observed min/max
OBS0231,SRC0184,c460998048234c52a7a889a48e9e03884306f2c1fefbf07453ad7ab483083713,0,train,images/B (89).png,76.16,50.95,6.34,Bercak daun,Leaf spot,NO,original image class-code prefix 'B',NO,OBS0231,0.0,0.0,0.0,original measurement
OBS0231,SRC0184,c460998048234c52a7a889a48e9e03884306f2c1fefbf07453ad7ab483083713,1,train,images/B (89).png,75.4591,48.708,6.2601,Bercak daun,Leaf spot,NO,original image class-code prefix 'B',YES,OBS0231,-0.700861,-2.242014,-0.079855,Gaussian perturbation; clipped to training-observed min/max
OBS0231,SRC0184,c460998048234c52a7a889a48e9e03884306f2c1fefbf07453ad7ab483083713,2,train,images/B (89).png,74.4912,50.7979,6.2853,Bercak daun,Leaf spot,NO,original image class-code prefix 'B',YES,OBS0231,-1.668803,-0.152136,-0.054736,Gaussian perturbation; clipped to training-observed min/max
OBS0232,SRC0122,85c5cd52950831c0ebd21b84ee9caf63536160c56faec9a234705fbfca70c423,0,train,images/B (9).jpg,81.59,51.25,6.63,Bercak daun,Leaf spot,NO,original image class-code prefix 'B',NO,OBS0232,0.0,0.0,0.0,original measurement
OBS0232,SRC0122,85c5cd52950831c0ebd21b84ee9caf63536160c56faec9a234705fbfca70c423,1,train,images/B (9).jpg,80.7654,51.5091,6.5834,Bercak daun,Leaf spot,NO,original image class-code prefix 'B',YES,OBS0232,-0.824616,0.259055,-0.046623,Gaussian perturbation; clipped to training-observed min/max
OBS0232,SRC0122,85c5cd52950831c0ebd21b84ee9caf63536160c56faec9a234705fbfca70c423,2,train,images/B (9).jpg,82.7085,50.7866,6.648,Bercak daun,Leaf spot,NO,original image class-code prefix 'B',YES,OBS0232,1.118513,-0.463416,0.018013,Gaussian perturbation; clipped to training-observed min/max
OBS0233,SRC0064,482ca7abb20f3249d1eb11f151b7b82718e61a0dea75fb29c1a7158f86bc48b0,0,train,images/B (9).png,80.9,53.31,5.6,Bercak daun,Leaf spot,NO,original image class-code prefix 'B',NO,OBS0233,0.0,0.0,0.0,original measurement
OBS0233,SRC0064,482ca7abb20f3249d1eb11f151b7b82718e61a0dea75fb29c1a7158f86bc48b0,1,train,images/B (9).png,79.3096,54.0982,5.5676,Bercak daun,Leaf spot,NO,original image class-code prefix 'B',YES,OBS0233,-1.590356,0.788248,-0.032415,Gaussian perturbation; clipped to training-observed min/max
OBS0233,SRC0064,482ca7abb20f3249d1eb11f151b7b82718e61a0dea75fb29c1a7158f86bc48b0,2,train,images/B (9).png,81.3905,53.706,5.5861,Bercak daun,Leaf spot,NO,original image class-code prefix 'B',YES,OBS0233,0.49051,0.396006,-0.013875,Gaussian perturbation; clipped to training-observed min/max
OBS0234,SRC0047,33dd269a599b54213f0ce4c773aa40b7ad58bf4d3eed8c6f9a92712ce32a4b93,0,train,images/B (90).jpg,78.09,43.99,5.47,Bercak daun,Leaf spot,NO,original image class-code prefix 'B',NO,OBS0234,0.0,0.0,0.0,original measurement
OBS0234,SRC0047,33dd269a599b54213f0ce4c773aa40b7ad58bf4d3eed8c6f9a92712ce32a4b93,1,train,images/B (90).jpg,78.3509,43.5276,5.5777,Bercak daun,Leaf spot,NO,original image class-code prefix 'B',YES,OBS0234,0.260927,-0.462356,0.107689,Gaussian perturbation; clipped to training-observed min/max
OBS0234,SRC0047,33dd269a599b54213f0ce4c773aa40b7ad58bf4d3eed8c6f9a92712ce32a4b93,2,train,images/B (90).jpg,79.2111,44.569,5.3756,Bercak daun,Leaf spot,NO,original image class-code prefix 'B',YES,OBS0234,1.121147,0.578993,-0.094411,Gaussian perturbation; clipped to training-observed min/max
OBS0235,SRC0184,c460998048234c52a7a889a48e9e03884306f2c1fefbf07453ad7ab483083713,0,train,images/B (90).png,94.97,54.82,4.43,Bercak daun,Leaf spot,NO,original image class-code prefix 'B',NO,OBS0235,0.0,0.0,0.0,original measurement
OBS0235,SRC0184,c460998048234c52a7a889a48e9e03884306f2c1fefbf07453ad7ab483083713,1,train,images/B (90).png,93.6508,54.0234,4.4104,Bercak daun,Leaf spot,NO,original image class-code prefix 'B',YES,OBS0235,-1.319167,-0.796634,-0.0196,Gaussian perturbation; clipped to training-observed min/max
OBS0235,SRC0184,c460998048234c52a7a889a48e9e03884306f2c1fefbf07453ad7ab483083713,2,train,images/B (90).png,95.5076,53.7442,4.5242,Bercak daun,Leaf spot,NO,original image class-code prefix 'B',YES,OBS0235,0.537619,-1.075845,0.094166,Gaussian perturbation; clipped to training-observed min/max
OBS0236,SRC0047,33dd269a599b54213f0ce4c773aa40b7ad58bf4d3eed8c6f9a92712ce32a4b93,0,train,images/B (91).jpg,91.03,47.01,5.53,Bercak daun,Leaf spot,NO,original image class-code prefix 'B',NO,OBS0236,0.0,0.0,0.0,original measurement
OBS0236,SRC0047,33dd269a599b54213f0ce4c773aa40b7ad58bf4d3eed8c6f9a92712ce32a4b93,1,train,images/B (91).jpg,91.0343,44.5947,5.492,Bercak daun,Leaf spot,NO,original image class-code prefix 'B',YES,OBS0236,0.004314,-2.415338,-0.038025,Gaussian perturbation; clipped to training-observed min/max
OBS0236,SRC0047,33dd269a599b54213f0ce4c773aa40b7ad58bf4d3eed8c6f9a92712ce32a4b93,2,train,images/B (91).jpg,87.9278,46.1079,5.4861,Bercak daun,Leaf spot,NO,original image class-code prefix 'B',YES,OBS0236,-3.102222,-0.902074,-0.04393,Gaussian perturbation; clipped to training-observed min/max
OBS0237,SRC0096,6bcb0200d98de9062d779d03d48c3d8649c1e0b1e653e2dcb0d452e46e81b04d,0,train,images/B (91).png,67.13,43.7,5.38,Bercak daun,Leaf spot,NO,original image class-code prefix 'B',NO,OBS0237,0.0,0.0,0.0,original measurement
OBS0237,SRC0096,6bcb0200d98de9062d779d03d48c3d8649c1e0b1e653e2dcb0d452e46e81b04d,1,train,images/B (91).png,66.3975,43.3097,5.3485,Bercak daun,Leaf spot,NO,original image class-code prefix 'B',YES,OBS0237,-0.732492,-0.390304,-0.031528,Gaussian perturbation; clipped to training-observed min/max
OBS0237,SRC0096,6bcb0200d98de9062d779d03d48c3d8649c1e0b1e653e2dcb0d452e46e81b04d,2,train,images/B (91).png,66.4175,45.503,5.4772,Bercak daun,Leaf spot,NO,original image class-code prefix 'B',YES,OBS0237,-0.712481,1.802996,0.097192,Gaussian perturbation; clipped to training-observed min/max
OBS0238,SRC0047,33dd269a599b54213f0ce4c773aa40b7ad58bf4d3eed8c6f9a92712ce32a4b93,0,train,images/B (92).jpg,84.57,48.94,5.21,Bercak daun,Leaf spot,NO,original image class-code prefix 'B',NO,OBS0238,0.0,0.0,0.0,original measurement
OBS0238,SRC0047,33dd269a599b54213f0ce4c773aa40b7ad58bf4d3eed8c6f9a92712ce32a4b93,1,train,images/B (92).jpg,83.1998,50.4447,5.0803,Bercak daun,Leaf spot,NO,original image class-code prefix 'B',YES,OBS0238,-1.370209,1.50468,-0.129709,Gaussian perturbation; clipped to training-observed min/max
OBS0238,SRC0047,33dd269a599b54213f0ce4c773aa40b7ad58bf4d3eed8c6f9a92712ce32a4b93,2,train,images/B (92).jpg,83.5925,50.7702,5.0308,Bercak daun,Leaf spot,NO,original image class-code prefix 'B',YES,OBS0238,-0.977535,1.830231,-0.179164,Gaussian perturbation; clipped to training-observed min/max
OBS0239,SRC0096,6bcb0200d98de9062d779d03d48c3d8649c1e0b1e653e2dcb0d452e46e81b04d,0,train,images/B (92).png,76.84,66.05,5.7,Bercak daun,Leaf spot,NO,original image class-code prefix 'B',NO,OBS0239,0.0,0.0,0.0,original measurement
OBS0239,SRC0096,6bcb0200d98de9062d779d03d48c3d8649c1e0b1e653e2dcb0d452e46e81b04d,1,train,images/B (92).png,77.5297,64.5458,5.6885,Bercak daun,Leaf spot,NO,original image class-code prefix 'B',YES,OBS0239,0.689743,-1.504193,-0.01152,Gaussian perturbation; clipped to training-observed min/max
OBS0239,SRC0096,6bcb0200d98de9062d779d03d48c3d8649c1e0b1e653e2dcb0d452e46e81b04d,2,train,images/B (92).png,76.6238,68.0866,5.6352,Bercak daun,Leaf spot,NO,original image class-code prefix 'B',YES,OBS0239,-0.216244,2.036645,-0.064848,Gaussian perturbation; clipped to training-observed min/max
OBS0240,SRC0167,b2b1082278b1be004afd339d6e255800579fa897357f070202c837655dad1ad3,0,train,images/B (93).jpg,92.23,53.77,5.5,Bercak daun,Leaf spot,NO,original image class-code prefix 'B',NO,OBS0240,0.0,0.0,0.0,original measurement
OBS0240,SRC0167,b2b1082278b1be004afd339d6e255800579fa897357f070202c837655dad1ad3,1,train,images/B (93).jpg,92.1472,54.5224,5.4799,Bercak daun,Leaf spot,NO,original image class-code prefix 'B',YES,OBS0240,-0.082818,0.752424,-0.020142,Gaussian perturbation; clipped to training-observed min/max
OBS0240,SRC0167,b2b1082278b1be004afd339d6e255800579fa897357f070202c837655dad1ad3,2,train,images/B (93).jpg,91.2435,53.699,5.5075,Bercak daun,Leaf spot,NO,original image class-code prefix 'B',YES,OBS0240,-0.986481,-0.07104,0.007481,Gaussian perturbation; clipped to training-observed min/max
OBS0241,SRC0188,cd083bb2800ff55cd38ec47ab67eb89a294e995ddf4d9604b0c4171daeca725f,0,train,images/B (93).png,81.3,46.54,4.36,Bercak daun,Leaf spot,NO,original image class-code prefix 'B',NO,OBS0241,0.0,0.0,0.0,original measurement
OBS0241,SRC0188,cd083bb2800ff55cd38ec47ab67eb89a294e995ddf4d9604b0c4171daeca725f,1,train,images/B (93).png,82.3609,45.4083,4.3241,Bercak daun,Leaf spot,NO,original image class-code prefix 'B',YES,OBS0241,1.060867,-1.131663,-0.03593,Gaussian perturbation; clipped to training-observed min/max
OBS0241,SRC0188,cd083bb2800ff55cd38ec47ab67eb89a294e995ddf4d9604b0c4171daeca725f,2,train,images/B (93).png,81.6875,46.3394,4.3452,Bercak daun,Leaf spot,NO,original image class-code prefix 'B',YES,OBS0241,0.387531,-0.200601,-0.014822,Gaussian perturbation; clipped to training-observed min/max
OBS0242,SRC0167,b2b1082278b1be004afd339d6e255800579fa897357f070202c837655dad1ad3,0,train,images/B (94).jpg,83.92,50.47,6.13,Bercak daun,Leaf spot,NO,original image class-code prefix 'B',NO,OBS0242,0.0,0.0,0.0,original measurement
OBS0242,SRC0167,b2b1082278b1be004afd339d6e255800579fa897357f070202c837655dad1ad3,1,train,images/B (94).jpg,83.8996,49.635,6.066,Bercak daun,Leaf spot,NO,original image class-code prefix 'B',YES,OBS0242,-0.020404,-0.835007,-0.063975,Gaussian perturbation; clipped to training-observed min/max
OBS0242,SRC0167,b2b1082278b1be004afd339d6e255800579fa897357f070202c837655dad1ad3,2,train,images/B (94).jpg,84.4489,49.1559,6.2232,Bercak daun,Leaf spot,NO,original image class-code prefix 'B',YES,OBS0242,0.528876,-1.31412,0.093231,Gaussian perturbation; clipped to training-observed min/max
OBS0243,SRC0188,cd083bb2800ff55cd38ec47ab67eb89a294e995ddf4d9604b0c4171daeca725f,0,train,images/B (94).png,82.54,52.86,4.86,Bercak daun,Leaf spot,NO,original image class-code prefix 'B',NO,OBS0243,0.0,0.0,0.0,original measurement
OBS0243,SRC0188,cd083bb2800ff55cd38ec47ab67eb89a294e995ddf4d9604b0c4171daeca725f,1,train,images/B (94).png,82.8008,51.3282,4.8826,Bercak daun,Leaf spot,NO,original image class-code prefix 'B',YES,OBS0243,0.260766,-1.531849,0.022642,Gaussian perturbation; clipped to training-observed min/max
OBS0243,SRC0188,cd083bb2800ff55cd38ec47ab67eb89a294e995ddf4d9604b0c4171daeca725f,2,train,images/B (94).png,82.7407,53.7746,4.9527,Bercak daun,Leaf spot,NO,original image class-code prefix 'B',YES,OBS0243,0.200734,0.914594,0.092708,Gaussian perturbation; clipped to training-observed min/max
OBS0244,SRC0167,b2b1082278b1be004afd339d6e255800579fa897357f070202c837655dad1ad3,0,train,images/B (95).jpg,85.1,62.14,5.88,Karat daun,Leaf spot,YES,original image class-code prefix 'B',NO,OBS0244,0.0,0.0,0.0,original measurement
OBS0244,SRC0167,b2b1082278b1be004afd339d6e255800579fa897357f070202c837655dad1ad3,1,train,images/B (95).jpg,84.6603,61.2907,5.8315,Karat daun,Leaf spot,YES,original image class-code prefix 'B',YES,OBS0244,-0.439703,-0.849315,-0.048479,Gaussian perturbation; clipped to training-observed min/max
OBS0244,SRC0167,b2b1082278b1be004afd339d6e255800579fa897357f070202c837655dad1ad3,2,train,images/B (95).jpg,83.9227,61.2443,5.9028,Karat daun,Leaf spot,YES,original image class-code prefix 'B',YES,OBS0244,-1.177306,-0.89573,0.02276,Gaussian perturbation; clipped to training-observed min/max
OBS0245,SRC0164,b127ebd3108e78d1dd1b39b8ea1d03547cb7d261de1a425a929b848d67ae6221,0,train,images/B (95).png,76.19,54.71,6.38,Bercak daun,Leaf spot,NO,original image class-code prefix 'B',NO,OBS0245,0.0,0.0,0.0,original measurement
OBS0245,SRC0164,b127ebd3108e78d1dd1b39b8ea1d03547cb7d261de1a425a929b848d67ae6221,1,train,images/B (95).png,76.2083,54.1204,6.3209,Bercak daun,Leaf spot,NO,original image class-code prefix 'B',YES,OBS0245,0.018319,-0.589628,-0.05906,Gaussian perturbation; clipped to training-observed min/max
OBS0245,SRC0164,b127ebd3108e78d1dd1b39b8ea1d03547cb7d261de1a425a929b848d67ae6221,2,train,images/B (95).png,76.6075,54.1081,6.2968,Bercak daun,Leaf spot,NO,original image class-code prefix 'B',YES,OBS0245,0.417464,-0.601919,-0.083213,Gaussian perturbation; clipped to training-observed min/max
OBS0246,SRC0167,b2b1082278b1be004afd339d6e255800579fa897357f070202c837655dad1ad3,0,train,images/B (96).jpg,83.72,53.72,5.36,Bercak daun,Leaf spot,NO,original image class-code prefix 'B',NO,OBS0246,0.0,0.0,0.0,original measurement
OBS0246,SRC0167,b2b1082278b1be004afd339d6e255800579fa897357f070202c837655dad1ad3,1,train,images/B (96).jpg,83.538,53.4026,5.2744,Bercak daun,Leaf spot,NO,original image class-code prefix 'B',YES,OBS0246,-0.18201,-0.317392,-0.085603,Gaussian perturbation; clipped to training-observed min/max
OBS0246,SRC0167,b2b1082278b1be004afd339d6e255800579fa897357f070202c837655dad1ad3,2,train,images/B (96).jpg,84.7126,54.7352,5.3633,Bercak daun,Leaf spot,NO,original image class-code prefix 'B',YES,OBS0246,0.992612,1.015215,0.003271,Gaussian perturbation; clipped to training-observed min/max
OBS0247,SRC0164,b127ebd3108e78d1dd1b39b8ea1d03547cb7d261de1a425a929b848d67ae6221,0,train,images/B (96).png,78.86,57.47,4.38,Bercak daun,Leaf spot,NO,original image class-code prefix 'B',NO,OBS0247,0.0,0.0,0.0,original measurement
OBS0247,SRC0164,b127ebd3108e78d1dd1b39b8ea1d03547cb7d261de1a425a929b848d67ae6221,1,train,images/B (96).png,79.0172,58.1028,4.3775,Bercak daun,Leaf spot,NO,original image class-code prefix 'B',YES,OBS0247,0.157248,0.63277,-0.002474,Gaussian perturbation; clipped to training-observed min/max
OBS0247,SRC0164,b127ebd3108e78d1dd1b39b8ea1d03547cb7d261de1a425a929b848d67ae6221,2,train,images/B (96).png,79.9296,59.4572,4.3864,Bercak daun,Leaf spot,NO,original image class-code prefix 'B',YES,OBS0247,1.069551,1.98721,0.006439,Gaussian perturbation; clipped to training-observed min/max
OBS0248,SRC0012,0c07f85d9f1a0d941c8440060ad87a8ad0e1373163f0205ac9e6f3e3b6685891,0,train,images/B (97).jpg,76.46,56.03,5.42,Bercak daun,Leaf spot,NO,original image class-code prefix 'B',NO,OBS0248,0.0,0.0,0.0,original measurement
OBS0248,SRC0012,0c07f85d9f1a0d941c8440060ad87a8ad0e1373163f0205ac9e6f3e3b6685891,1,train,images/B (97).jpg,76.9883,57.0781,5.393,Bercak daun,Leaf spot,NO,original image class-code prefix 'B',YES,OBS0248,0.528304,1.048142,-0.027043,Gaussian perturbation; clipped to training-observed min/max
OBS0248,SRC0012,0c07f85d9f1a0d941c8440060ad87a8ad0e1373163f0205ac9e6f3e3b6685891,2,train,images/B (97).jpg,75.106,57.1172,5.2945,Bercak daun,Leaf spot,NO,original image class-code prefix 'B',YES,OBS0248,-1.353965,1.087201,-0.125501,Gaussian perturbation; clipped to training-observed min/max
OBS0249,SRC0228,f247d669fb331ca071650cf035d2e4fe11ce39e3d91b04e251a5e7bf55930383,0,train,images/B (97).png,91.57,54.32,5.97,Bercak daun,Leaf spot,NO,original image class-code prefix 'B',NO,OBS0249,0.0,0.0,0.0,original measurement
OBS0249,SRC0228,f247d669fb331ca071650cf035d2e4fe11ce39e3d91b04e251a5e7bf55930383,1,train,images/B (97).png,93.7166,55.3645,5.985,Bercak daun,Leaf spot,NO,original image class-code prefix 'B',YES,OBS0249,2.146604,1.04452,0.015015,Gaussian perturbation; clipped to training-observed min/max
OBS0249,SRC0228,f247d669fb331ca071650cf035d2e4fe11ce39e3d91b04e251a5e7bf55930383,2,train,images/B (97).png,91.6313,56.4216,5.8943,Bercak daun,Leaf spot,NO,original image class-code prefix 'B',YES,OBS0249,0.061315,2.10163,-0.075698,Gaussian perturbation; clipped to training-observed min/max
OBS0250,SRC0012,0c07f85d9f1a0d941c8440060ad87a8ad0e1373163f0205ac9e6f3e3b6685891,0,train,images/B (98).jpg,85.52,54.78,6.52,Bercak daun,Leaf spot,NO,original image class-code prefix 'B',NO,OBS0250,0.0,0.0,0.0,original measurement
OBS0250,SRC0012,0c07f85d9f1a0d941c8440060ad87a8ad0e1373163f0205ac9e6f3e3b6685891,1,train,images/B (98).jpg,84.1278,54.0622,6.4991,Bercak daun,Leaf spot,NO,original image class-code prefix 'B',YES,OBS0250,-1.392232,-0.717763,-0.020944,Gaussian perturbation; clipped to training-observed min/max
OBS0250,SRC0012,0c07f85d9f1a0d941c8440060ad87a8ad0e1373163f0205ac9e6f3e3b6685891,2,train,images/B (98).jpg,84.3122,54.9646,6.5309,Bercak daun,Leaf spot,NO,original image class-code prefix 'B',YES,OBS0250,-1.207763,0.184633,0.010876,Gaussian perturbation; clipped to training-observed min/max
OBS0251,SRC0228,f247d669fb331ca071650cf035d2e4fe11ce39e3d91b04e251a5e7bf55930383,0,train,images/B (98).png,70.85,55.93,5.09,Bercak daun,Leaf spot,NO,original image class-code prefix 'B',NO,OBS0251,0.0,0.0,0.0,original measurement
OBS0251,SRC0228,f247d669fb331ca071650cf035d2e4fe11ce39e3d91b04e251a5e7bf55930383,1,train,images/B (98).png,69.8734,57.8537,4.9786,Bercak daun,Leaf spot,NO,original image class-code prefix 'B',YES,OBS0251,-0.976629,1.923663,-0.111366,Gaussian perturbation; clipped to training-observed min/max
OBS0251,SRC0228,f247d669fb331ca071650cf035d2e4fe11ce39e3d91b04e251a5e7bf55930383,2,train,images/B (98).png,69.3179,56.3813,5.0734,Bercak daun,Leaf spot,NO,original image class-code prefix 'B',YES,OBS0251,-1.532067,0.451344,-0.016599,Gaussian perturbation; clipped to training-observed min/max
OBS0252,SRC0012,0c07f85d9f1a0d941c8440060ad87a8ad0e1373163f0205ac9e6f3e3b6685891,0,train,images/B (99).jpg,86.98,48.15,5.98,Bercak daun,Leaf spot,NO,original image class-code prefix 'B',NO,OBS0252,0.0,0.0,0.0,original measurement
OBS0252,SRC0012,0c07f85d9f1a0d941c8440060ad87a8ad0e1373163f0205ac9e6f3e3b6685891,1,train,images/B (99).jpg,87.4813,47.4072,5.8973,Bercak daun,Leaf spot,NO,original image class-code prefix 'B',YES,OBS0252,0.501272,-0.742765,-0.082667,Gaussian perturbation; clipped to training-observed min/max
OBS0252,SRC0012,0c07f85d9f1a0d941c8440060ad87a8ad0e1373163f0205ac9e6f3e3b6685891,2,train,images/B (99).jpg,86.2053,47.3297,6.022,Bercak daun,Leaf spot,NO,original image class-code prefix 'B',YES,OBS0252,-0.774652,-0.820314,0.042,Gaussian perturbation; clipped to training-observed min/max
OBS0253,SRC0224,edbf46d0c4da07df09d5e9e0fac25864788aa4fc28761da79471d501757ae0e2,0,train,images/B (99).png,97.37,57.06,5.62,Bercak daun,Leaf spot,NO,original image class-code prefix 'B',NO,OBS0253,0.0,0.0,0.0,original measurement
OBS0253,SRC0224,edbf46d0c4da07df09d5e9e0fac25864788aa4fc28761da79471d501757ae0e2,1,train,images/B (99).png,96.794,57.9737,5.667,Bercak daun,Leaf spot,NO,original image class-code prefix 'B',YES,OBS0253,-0.57595,0.913716,0.047046,Gaussian perturbation; clipped to training-observed min/max
OBS0253,SRC0224,edbf46d0c4da07df09d5e9e0fac25864788aa4fc28761da79471d501757ae0e2,2,train,images/B (99).png,98.0,58.1409,5.6827,Bercak daun,Leaf spot,NO,original image class-code prefix 'B',YES,OBS0253,1.248716,1.080863,0.062748,Gaussian perturbation; clipped to training-observed min/max
OBS0254,SRC0077,59cea31d8d7294f01a32ae7d8b4a7d603503b116876cc1a4e094ccfbeb83e330,0,train,images/Ds (1).jpg,78.6,59.86,6.21,Sehat,Healthy,NO,original image class-code prefix 'Ds',NO,OBS0254,0.0,0.0,0.0,original measurement
OBS0254,SRC0077,59cea31d8d7294f01a32ae7d8b4a7d603503b116876cc1a4e094ccfbeb83e330,1,train,images/Ds (1).jpg,79.5238,59.24,6.189,Sehat,Healthy,NO,original image class-code prefix 'Ds',YES,OBS0254,0.923824,-0.620031,-0.020951,Gaussian perturbation; clipped to training-observed min/max
OBS0254,SRC0077,59cea31d8d7294f01a32ae7d8b4a7d603503b116876cc1a4e094ccfbeb83e330,2,train,images/Ds (1).jpg,76.4038,60.2101,6.1561,Sehat,Healthy,NO,original image class-code prefix 'Ds',YES,OBS0254,-2.196153,0.350101,-0.053901,Gaussian perturbation; clipped to training-observed min/max
OBS0255,SRC0071,5266aa4fdf0d8097f903c980e25d49cd11b528964eee616885ca30603ad7058f,0,train,images/Ds (10).jpg,56.6,70.2,7.31,Sehat,Healthy,NO,original image class-code prefix 'Ds',NO,OBS0255,0.0,0.0,0.0,original measurement
OBS0255,SRC0071,5266aa4fdf0d8097f903c980e25d49cd11b528964eee616885ca30603ad7058f,1,train,images/Ds (10).jpg,57.0819,70.833,7.2018,Sehat,Healthy,NO,original image class-code prefix 'Ds',YES,OBS0255,0.481855,0.632981,-0.108167,Gaussian perturbation; clipped to training-observed min/max
OBS0255,SRC0071,5266aa4fdf0d8097f903c980e25d49cd11b528964eee616885ca30603ad7058f,2,train,images/Ds (10).jpg,55.3834,69.7808,7.2686,Sehat,Healthy,NO,original image class-code prefix 'Ds',YES,OBS0255,-1.216607,-0.419216,-0.041408,Gaussian perturbation; clipped to training-observed min/max
OBS0256,SRC0101,6d491677544fe8aa0b6881c52caf21c93e50cde27b1eef6ffbc5538d33e71f35,0,train,images/Ds (100).png,66.55,65.1,5.86,Sehat,Healthy,NO,original image class-code prefix 'Ds',NO,OBS0256,0.0,0.0,0.0,original measurement
OBS0256,SRC0101,6d491677544fe8aa0b6881c52caf21c93e50cde27b1eef6ffbc5538d33e71f35,1,train,images/Ds (100).png,66.7504,63.7135,5.8638,Sehat,Healthy,NO,original image class-code prefix 'Ds',YES,OBS0256,0.200424,-1.386509,0.003774,Gaussian perturbation; clipped to training-observed min/max
OBS0256,SRC0101,6d491677544fe8aa0b6881c52caf21c93e50cde27b1eef6ffbc5538d33e71f35,2,train,images/Ds (100).png,64.5238,62.5139,5.9173,Sehat,Healthy,NO,original image class-code prefix 'Ds',YES,OBS0256,-2.026183,-2.586132,0.057333,Gaussian perturbation; clipped to training-observed min/max
OBS0257,SRC0049,36ff6c14d8497dd65f65d0ad003ce66f032214e44021cd4a457ec197f007cebd,0,train,images/Ds (101).png,75.65,66.72,6.27,Sehat,Healthy,NO,original image class-code prefix 'Ds',NO,OBS0257,0.0,0.0,0.0,original measurement
OBS0257,SRC0049,36ff6c14d8497dd65f65d0ad003ce66f032214e44021cd4a457ec197f007cebd,1,train,images/Ds (101).png,74.0836,66.0481,6.1566,Sehat,Healthy,NO,original image class-code prefix 'Ds',YES,OBS0257,-1.566376,-0.671901,-0.113389,Gaussian perturbation; clipped to training-observed min/max
OBS0257,SRC0049,36ff6c14d8497dd65f65d0ad003ce66f032214e44021cd4a457ec197f007cebd,2,train,images/Ds (101).png,73.9594,66.2414,6.2372,Sehat,Healthy,NO,original image class-code prefix 'Ds',YES,OBS0257,-1.690645,-0.478628,-0.03281,Gaussian perturbation; clipped to training-observed min/max
OBS0258,SRC0101,6d491677544fe8aa0b6881c52caf21c93e50cde27b1eef6ffbc5538d33e71f35,0,train,images/Ds (102).png,67.86,46.28,6.51,Sehat,Healthy,NO,original image class-code prefix 'Ds',NO,OBS0258,0.0,0.0,0.0,original measurement
OBS0258,SRC0101,6d491677544fe8aa0b6881c52caf21c93e50cde27b1eef6ffbc5538d33e71f35,1,train,images/Ds (102).png,69.0391,46.8194,6.4891,Sehat,Healthy,NO,original image class-code prefix 'Ds',YES,OBS0258,1.179105,0.539414,-0.020889,Gaussian perturbation; clipped to training-observed min/max
OBS0258,SRC0101,6d491677544fe8aa0b6881c52caf21c93e50cde27b1eef6ffbc5538d33e71f35,2,train,images/Ds (102).png,68.7692,47.6199,6.5429,Sehat,Healthy,NO,original image class-code prefix 'Ds',YES,OBS0258,0.90922,1.339865,0.032904,Gaussian perturbation; clipped to training-observed min/max
OBS0259,SRC0049,36ff6c14d8497dd65f65d0ad003ce66f032214e44021cd4a457ec197f007cebd,0,train,images/Ds (103).png,74.85,65.46,6.7,Sehat,Healthy,NO,original image class-code prefix 'Ds',NO,OBS0259,0.0,0.0,0.0,original measurement
OBS0259,SRC0049,36ff6c14d8497dd65f65d0ad003ce66f032214e44021cd4a457ec197f007cebd,1,train,images/Ds (103).png,74.3624,66.6823,6.8415,Sehat,Healthy,NO,original image class-code prefix 'Ds',YES,OBS0259,-0.487579,1.222324,0.141482,Gaussian perturbation; clipped to training-observed min/max
OBS0259,SRC0049,36ff6c14d8497dd65f65d0ad003ce66f032214e44021cd4a457ec197f007cebd,2,train,images/Ds (103).png,75.6426,67.5848,6.7741,Sehat,Healthy,NO,original image class-code prefix 'Ds',YES,OBS0259,0.792641,2.124812,0.074128,Gaussian perturbation; clipped to training-observed min/max
OBS0260,SRC0101,6d491677544fe8aa0b6881c52caf21c93e50cde27b1eef6ffbc5538d33e71f35,0,train,images/Ds (104).png,76.26,67.45,6.46,Sehat,Healthy,NO,original image class-code prefix 'Ds',NO,OBS0260,0.0,0.0,0.0,original measurement
OBS0260,SRC0101,6d491677544fe8aa0b6881c52caf21c93e50cde27b1eef6ffbc5538d33e71f35,1,train,images/Ds (104).png,77.2786,66.1418,6.3709,Sehat,Healthy,NO,original image class-code prefix 'Ds',YES,OBS0260,1.01863,-1.308224,-0.089084,Gaussian perturbation; clipped to training-observed min/max
OBS0260,SRC0101,6d491677544fe8aa0b6881c52caf21c93e50cde27b1eef6ffbc5538d33e71f35,2,train,images/Ds (104).png,76.2006,65.4467,6.4126,Sehat,Healthy,NO,original image class-code prefix 'Ds',YES,OBS0260,-0.05938,-2.003349,-0.047436,Gaussian perturbation; clipped to training-observed min/max
OBS0262,SRC0101,6d491677544fe8aa0b6881c52caf21c93e50cde27b1eef6ffbc5538d33e71f35,0,train,images/Ds (106).png,67.07,40.99,6.37,Jamur lain,Healthy,YES,original image class-code prefix 'Ds',NO,OBS0262,0.0,0.0,0.0,original measurement
OBS0262,SRC0101,6d491677544fe8aa0b6881c52caf21c93e50cde27b1eef6ffbc5538d33e71f35,1,train,images/Ds (106).png,68.1108,40.1918,6.4127,Jamur lain,Healthy,YES,original image class-code prefix 'Ds',YES,OBS0262,1.040805,-0.798187,0.042655,Gaussian perturbation; clipped to training-observed min/max
OBS0262,SRC0101,6d491677544fe8aa0b6881c52caf21c93e50cde27b1eef6ffbc5538d33e71f35,2,train,images/Ds (106).png,65.4485,40.3976,6.4519,Jamur lain,Healthy,YES,original image class-code prefix 'Ds',YES,OBS0262,-1.621501,-0.592369,0.081875,Gaussian perturbation; clipped to training-observed min/max
OBS0264,SRC0101,6d491677544fe8aa0b6881c52caf21c93e50cde27b1eef6ffbc5538d33e71f35,0,train,images/Ds (108).png,66.81,58.62,6.24,Sehat,Healthy,NO,original image class-code prefix 'Ds',NO,OBS0264,0.0,0.0,0.0,original measurement
OBS0264,SRC0101,6d491677544fe8aa0b6881c52caf21c93e50cde27b1eef6ffbc5538d33e71f35,1,train,images/Ds (108).png,67.0602,58.9683,6.3764,Sehat,Healthy,NO,original image class-code prefix 'Ds',YES,OBS0264,0.250215,0.348339,0.136378,Gaussian perturbation; clipped to training-observed min/max
OBS0264,SRC0101,6d491677544fe8aa0b6881c52caf21c93e50cde27b1eef6ffbc5538d33e71f35,2,train,images/Ds (108).png,68.3662,57.5678,6.3454,Sehat,Healthy,NO,original image class-code prefix 'Ds',YES,OBS0264,1.556164,-1.052228,0.105432,Gaussian perturbation; clipped to training-observed min/max
OBS0266,SRC0071,5266aa4fdf0d8097f903c980e25d49cd11b528964eee616885ca30603ad7058f,0,train,images/Ds (11).jpg,64.61,60.56,6.21,Sehat,Healthy,NO,original image class-code prefix 'Ds',NO,OBS0266,0.0,0.0,0.0,original measurement
OBS0266,SRC0071,5266aa4fdf0d8097f903c980e25d49cd11b528964eee616885ca30603ad7058f,1,train,images/Ds (11).jpg,63.8717,60.5389,6.2112,Sehat,Healthy,NO,original image class-code prefix 'Ds',YES,OBS0266,-0.738293,-0.021108,0.001217,Gaussian perturbation; clipped to training-observed min/max
OBS0266,SRC0071,5266aa4fdf0d8097f903c980e25d49cd11b528964eee616885ca30603ad7058f,2,train,images/Ds (11).jpg,65.8976,59.2049,6.2461,Sehat,Healthy,NO,original image class-code prefix 'Ds',YES,OBS0266,1.287648,-1.35512,0.036149,Gaussian perturbation; clipped to training-observed min/max
OBS0267,SRC0005,045207b7af038adfc868702c7e649aabdeb904a3779b87b6715e92013a1fffb0,0,train,images/Ds (110).png,81.58,71.2,6.62,Sehat,Healthy,NO,original image class-code prefix 'Ds',NO,OBS0267,0.0,0.0,0.0,original measurement
OBS0267,SRC0005,045207b7af038adfc868702c7e649aabdeb904a3779b87b6715e92013a1fffb0,1,train,images/Ds (110).png,82.2088,72.1738,6.6032,Sehat,Healthy,NO,original image class-code prefix 'Ds',YES,OBS0267,0.628818,0.973816,-0.016831,Gaussian perturbation; clipped to training-observed min/max
OBS0267,SRC0005,045207b7af038adfc868702c7e649aabdeb904a3779b87b6715e92013a1fffb0,2,train,images/Ds (110).png,82.7841,70.3461,6.7118,Sehat,Healthy,NO,original image class-code prefix 'Ds',YES,OBS0267,1.204095,-0.853853,0.091765,Gaussian perturbation; clipped to training-observed min/max
OBS0268,SRC0165,b1417b20cb64b85684bb86bf4ae4ac96581a74881e6f48e3b73dd79f090c34c8,0,train,images/Ds (111).png,56.23,56.91,6.39,Sehat,Healthy,NO,original image class-code prefix 'Ds',NO,OBS0268,0.0,0.0,0.0,original measurement
OBS0268,SRC0165,b1417b20cb64b85684bb86bf4ae4ac96581a74881e6f48e3b73dd79f090c34c8,1,train,images/Ds (111).png,56.6527,55.2299,6.4226,Sehat,Healthy,NO,original image class-code prefix 'Ds',YES,OBS0268,0.422688,-1.680099,0.032634,Gaussian perturbation; clipped to training-observed min/max
OBS0268,SRC0165,b1417b20cb64b85684bb86bf4ae4ac96581a74881e6f48e3b73dd79f090c34c8,2,train,images/Ds (111).png,56.4452,56.4832,6.3311,Sehat,Healthy,NO,original image class-code prefix 'Ds',YES,OBS0268,0.215166,-0.426788,-0.0589,Gaussian perturbation; clipped to training-observed min/max
OBS0269,SRC0005,045207b7af038adfc868702c7e649aabdeb904a3779b87b6715e92013a1fffb0,0,train,images/Ds (112).png,65.38,61.31,7.08,Sehat,Healthy,NO,original image class-code prefix 'Ds',NO,OBS0269,0.0,0.0,0.0,original measurement
OBS0269,SRC0005,045207b7af038adfc868702c7e649aabdeb904a3779b87b6715e92013a1fffb0,1,train,images/Ds (112).png,65.0918,59.5794,7.2153,Sehat,Healthy,NO,original image class-code prefix 'Ds',YES,OBS0269,-0.288232,-1.730588,0.135258,Gaussian perturbation; clipped to training-observed min/max
OBS0269,SRC0005,045207b7af038adfc868702c7e649aabdeb904a3779b87b6715e92013a1fffb0,2,train,images/Ds (112).png,64.0261,60.5165,7.1716,Sehat,Healthy,NO,original image class-code prefix 'Ds',YES,OBS0269,-1.353935,-0.79354,0.091592,Gaussian perturbation; clipped to training-observed min/max
OBS0270,SRC0165,b1417b20cb64b85684bb86bf4ae4ac96581a74881e6f48e3b73dd79f090c34c8,0,train,images/Ds (113).png,74.11,74.95,6.14,Sehat,Healthy,NO,original image class-code prefix 'Ds',NO,OBS0270,0.0,0.0,0.0,original measurement
OBS0270,SRC0165,b1417b20cb64b85684bb86bf4ae4ac96581a74881e6f48e3b73dd79f090c34c8,1,train,images/Ds (113).png,74.812,75.8143,6.2613,Sehat,Healthy,NO,original image class-code prefix 'Ds',YES,OBS0270,0.702037,0.864294,0.121337,Gaussian perturbation; clipped to training-observed min/max
OBS0270,SRC0165,b1417b20cb64b85684bb86bf4ae4ac96581a74881e6f48e3b73dd79f090c34c8,2,train,images/Ds (113).png,73.7354,73.6942,6.2075,Sehat,Healthy,NO,original image class-code prefix 'Ds',YES,OBS0270,-0.374571,-1.255794,0.067541,Gaussian perturbation; clipped to training-observed min/max
OBS0271,SRC0005,045207b7af038adfc868702c7e649aabdeb904a3779b87b6715e92013a1fffb0,0,train,images/Ds (114).png,83.22,65.15,5.36,Sehat,Healthy,NO,original image class-code prefix 'Ds',NO,OBS0271,0.0,0.0,0.0,original measurement
OBS0271,SRC0005,045207b7af038adfc868702c7e649aabdeb904a3779b87b6715e92013a1fffb0,1,train,images/Ds (114).png,84.1755,64.7577,5.2588,Sehat,Healthy,NO,original image class-code prefix 'Ds',YES,OBS0271,0.955534,-0.392267,-0.101246,Gaussian perturbation; clipped to training-observed min/max
OBS0271,SRC0005,045207b7af038adfc868702c7e649aabdeb904a3779b87b6715e92013a1fffb0,2,train,images/Ds (114).png,84.707,65.841,5.2501,Sehat,Healthy,NO,original image class-code prefix 'Ds',YES,OBS0271,1.486981,0.691017,-0.109878,Gaussian perturbation; clipped to training-observed min/max
OBS0272,SRC0099,6d22b37e153520bd50c053ccf5bd4ce6e89ba849fce890e5055a444b8e5605c3,0,train,images/Ds (115).png,63.88,68.11,6.93,Sehat,Healthy,NO,original image class-code prefix 'Ds',NO,OBS0272,0.0,0.0,0.0,original measurement
OBS0272,SRC0099,6d22b37e153520bd50c053ccf5bd4ce6e89ba849fce890e5055a444b8e5605c3,1,train,images/Ds (115).png,64.8159,66.3808,6.8914,Sehat,Healthy,NO,original image class-code prefix 'Ds',YES,OBS0272,0.935945,-1.729173,-0.03861,Gaussian perturbation; clipped to training-observed min/max
OBS0272,SRC0099,6d22b37e153520bd50c053ccf5bd4ce6e89ba849fce890e5055a444b8e5605c3,2,train,images/Ds (115).png,62.532,67.3446,6.8633,Sehat,Healthy,NO,original image class-code prefix 'Ds',YES,OBS0272,-1.347971,-0.765397,-0.066665,Gaussian perturbation; clipped to training-observed min/max
OBS0273,SRC0005,045207b7af038adfc868702c7e649aabdeb904a3779b87b6715e92013a1fffb0,0,train,images/Ds (116).png,77.47,67.65,5.72,Sehat,Healthy,NO,original image class-code prefix 'Ds',NO,OBS0273,0.0,0.0,0.0,original measurement
OBS0273,SRC0005,045207b7af038adfc868702c7e649aabdeb904a3779b87b6715e92013a1fffb0,1,train,images/Ds (116).png,76.734,68.5191,5.7436,Sehat,Healthy,NO,original image class-code prefix 'Ds',YES,OBS0273,-0.735973,0.869117,0.023567,Gaussian perturbation; clipped to training-observed min/max
OBS0273,SRC0005,045207b7af038adfc868702c7e649aabdeb904a3779b87b6715e92013a1fffb0,2,train,images/Ds (116).png,78.2245,68.9608,5.6902,Sehat,Healthy,NO,original image class-code prefix 'Ds',YES,OBS0273,0.754478,1.310811,-0.029816,Gaussian perturbation; clipped to training-observed min/max
OBS0274,SRC0165,b1417b20cb64b85684bb86bf4ae4ac96581a74881e6f48e3b73dd79f090c34c8,0,train,images/Ds (117).png,67.42,69.25,5.81,Sehat,Healthy,NO,original image class-code prefix 'Ds',NO,OBS0274,0.0,0.0,0.0,original measurement
OBS0274,SRC0165,b1417b20cb64b85684bb86bf4ae4ac96581a74881e6f48e3b73dd79f090c34c8,1,train,images/Ds (117).png,67.5159,69.8958,5.9465,Sehat,Healthy,NO,original image class-code prefix 'Ds',YES,OBS0274,0.095874,0.645784,0.136539,Gaussian perturbation; clipped to training-observed min/max
OBS0274,SRC0165,b1417b20cb64b85684bb86bf4ae4ac96581a74881e6f48e3b73dd79f090c34c8,2,train,images/Ds (117).png,68.4989,70.9079,5.8915,Sehat,Healthy,NO,original image class-code prefix 'Ds',YES,OBS0274,1.078894,1.657861,0.081517,Gaussian perturbation; clipped to training-observed min/max
OBS0275,SRC0005,045207b7af038adfc868702c7e649aabdeb904a3779b87b6715e92013a1fffb0,0,train,images/Ds (118).png,60.95,62.96,6.1,Sehat,Healthy,NO,original image class-code prefix 'Ds',NO,OBS0275,0.0,0.0,0.0,original measurement
OBS0275,SRC0005,045207b7af038adfc868702c7e649aabdeb904a3779b87b6715e92013a1fffb0,1,train,images/Ds (118).png,62.2187,60.8184,6.1705,Sehat,Healthy,NO,original image class-code prefix 'Ds',YES,OBS0275,1.268719,-2.141604,0.070469,Gaussian perturbation; clipped to training-observed min/max
OBS0275,SRC0005,045207b7af038adfc868702c7e649aabdeb904a3779b87b6715e92013a1fffb0,2,train,images/Ds (118).png,61.2055,63.0251,6.0578,Sehat,Healthy,NO,original image class-code prefix 'Ds',YES,OBS0275,0.25551,0.065057,-0.04218,Gaussian perturbation; clipped to training-observed min/max
OBS0276,SRC0099,6d22b37e153520bd50c053ccf5bd4ce6e89ba849fce890e5055a444b8e5605c3,0,train,images/Ds (119).png,76.2,63.83,6.89,Sehat,Healthy,NO,original image class-code prefix 'Ds',NO,OBS0276,0.0,0.0,0.0,original measurement
OBS0276,SRC0099,6d22b37e153520bd50c053ccf5bd4ce6e89ba849fce890e5055a444b8e5605c3,1,train,images/Ds (119).png,75.6897,64.3294,6.9572,Sehat,Healthy,NO,original image class-code prefix 'Ds',YES,OBS0276,-0.510329,0.499417,0.067198,Gaussian perturbation; clipped to training-observed min/max
OBS0276,SRC0099,6d22b37e153520bd50c053ccf5bd4ce6e89ba849fce890e5055a444b8e5605c3,2,train,images/Ds (119).png,74.4027,64.0917,6.8451,Sehat,Healthy,NO,original image class-code prefix 'Ds',YES,OBS0276,-1.797343,0.261725,-0.044855,Gaussian perturbation; clipped to training-observed min/max
OBS0277,SRC0071,5266aa4fdf0d8097f903c980e25d49cd11b528964eee616885ca30603ad7058f,0,train,images/Ds (12).jpg,72.67,78.14,5.25,Sehat,Healthy,NO,original image class-code prefix 'Ds',NO,OBS0277,0.0,0.0,0.0,original measurement
OBS0277,SRC0071,5266aa4fdf0d8097f903c980e25d49cd11b528964eee616885ca30603ad7058f,1,train,images/Ds (12).jpg,71.529,78.6111,5.2237,Sehat,Healthy,NO,original image class-code prefix 'Ds',YES,OBS0277,-1.140963,0.471147,-0.026297,Gaussian perturbation; clipped to training-observed min/max
OBS0277,SRC0071,5266aa4fdf0d8097f903c980e25d49cd11b528964eee616885ca30603ad7058f,2,train,images/Ds (12).jpg,71.8792,77.217,5.2725,Sehat,Healthy,NO,original image class-code prefix 'Ds',YES,OBS0277,-0.790844,-0.922998,0.022504,Gaussian perturbation; clipped to training-observed min/max
OBS0278,SRC0005,045207b7af038adfc868702c7e649aabdeb904a3779b87b6715e92013a1fffb0,0,train,images/Ds (120).png,64.62,59.04,7.6,Sehat,Healthy,NO,original image class-code prefix 'Ds',NO,OBS0278,0.0,0.0,0.0,original measurement
OBS0278,SRC0005,045207b7af038adfc868702c7e649aabdeb904a3779b87b6715e92013a1fffb0,1,train,images/Ds (120).png,64.608,57.73,7.5327,Sehat,Healthy,NO,original image class-code prefix 'Ds',YES,OBS0278,-0.012046,-1.309968,-0.06728,Gaussian perturbation; clipped to training-observed min/max
OBS0278,SRC0005,045207b7af038adfc868702c7e649aabdeb904a3779b87b6715e92013a1fffb0,2,train,images/Ds (120).png,64.401,59.5262,7.516,Sehat,Healthy,NO,original image class-code prefix 'Ds',YES,OBS0278,-0.219008,0.486177,-0.083977,Gaussian perturbation; clipped to training-observed min/max
OBS0279,SRC0165,b1417b20cb64b85684bb86bf4ae4ac96581a74881e6f48e3b73dd79f090c34c8,0,train,images/Ds (121).png,69.43,63.5,7.04,Sehat,Healthy,NO,original image class-code prefix 'Ds',NO,OBS0279,0.0,0.0,0.0,original measurement
OBS0279,SRC0165,b1417b20cb64b85684bb86bf4ae4ac96581a74881e6f48e3b73dd79f090c34c8,1,train,images/Ds (121).png,70.0157,62.5112,7.2582,Sehat,Healthy,NO,original image class-code prefix 'Ds',YES,OBS0279,0.585728,-0.988803,0.21822,Gaussian perturbation; clipped to training-observed min/max
OBS0279,SRC0165,b1417b20cb64b85684bb86bf4ae4ac96581a74881e6f48e3b73dd79f090c34c8,2,train,images/Ds (121).png,68.3008,62.5518,7.0555,Sehat,Healthy,NO,original image class-code prefix 'Ds',YES,OBS0279,-1.129203,-0.948151,0.01552,Gaussian perturbation; clipped to training-observed min/max
OBS0280,SRC0005,045207b7af038adfc868702c7e649aabdeb904a3779b87b6715e92013a1fffb0,0,train,images/Ds (122).png,65.12,70.64,6.52,Sehat,Healthy,NO,original image class-code prefix 'Ds',NO,OBS0280,0.0,0.0,0.0,original measurement
OBS0280,SRC0005,045207b7af038adfc868702c7e649aabdeb904a3779b87b6715e92013a1fffb0,1,train,images/Ds (122).png,64.0371,71.6332,6.6641,Sehat,Healthy,NO,original image class-code prefix 'Ds',YES,OBS0280,-1.082857,0.993157,0.144113,Gaussian perturbation; clipped to training-observed min/max
OBS0280,SRC0005,045207b7af038adfc868702c7e649aabdeb904a3779b87b6715e92013a1fffb0,2,train,images/Ds (122).png,64.6549,70.8473,6.4786,Sehat,Healthy,NO,original image class-code prefix 'Ds',YES,OBS0280,-0.465144,0.207325,-0.041421,Gaussian perturbation; clipped to training-observed min/max
OBS0281,SRC0165,b1417b20cb64b85684bb86bf4ae4ac96581a74881e6f48e3b73dd79f090c34c8,0,train,images/Ds (123).png,64.87,71.83,6.17,Sehat,Healthy,NO,original image class-code prefix 'Ds',NO,OBS0281,0.0,0.0,0.0,original measurement
OBS0281,SRC0165,b1417b20cb64b85684bb86bf4ae4ac96581a74881e6f48e3b73dd79f090c34c8,1,train,images/Ds (123).png,64.87,73.5481,6.2415,Sehat,Healthy,NO,original image class-code prefix 'Ds',YES,OBS0281,-3.5e-05,1.718081,0.07154,Gaussian perturbation; clipped to training-observed min/max
OBS0281,SRC0165,b1417b20cb64b85684bb86bf4ae4ac96581a74881e6f48e3b73dd79f090c34c8,2,train,images/Ds (123).png,63.7849,73.6851,6.263,Sehat,Healthy,NO,original image class-code prefix 'Ds',YES,OBS0281,-1.08507,1.855085,0.092965,Gaussian perturbation; clipped to training-observed min/max
OBS0282,SRC0005,045207b7af038adfc868702c7e649aabdeb904a3779b87b6715e92013a1fffb0,0,train,images/Ds (124).png,77.91,67.21,6.44,Sehat,Healthy,NO,original image class-code prefix 'Ds',NO,OBS0282,0.0,0.0,0.0,original measurement
OBS0282,SRC0005,045207b7af038adfc868702c7e649aabdeb904a3779b87b6715e92013a1fffb0,1,train,images/Ds (124).png,78.4936,66.4189,6.4453,Sehat,Healthy,NO,original image class-code prefix 'Ds',YES,OBS0282,0.583642,-0.791061,0.005257,Gaussian perturbation; clipped to training-observed min/max
OBS0282,SRC0005,045207b7af038adfc868702c7e649aabdeb904a3779b87b6715e92013a1fffb0,2,train,images/Ds (124).png,76.9554,67.7711,6.4147,Sehat,Healthy,NO,original image class-code prefix 'Ds',YES,OBS0282,-0.954559,0.561127,-0.025318,Gaussian perturbation; clipped to training-observed min/max
OBS0283,SRC0165,b1417b20cb64b85684bb86bf4ae4ac96581a74881e6f48e3b73dd79f090c34c8,0,train,images/Ds (125).png,75.16,72.12,6.58,Sehat,Healthy,NO,original image class-code prefix 'Ds',NO,OBS0283,0.0,0.0,0.0,original measurement
OBS0283,SRC0165,b1417b20cb64b85684bb86bf4ae4ac96581a74881e6f48e3b73dd79f090c34c8,1,train,images/Ds (125).png,72.478,73.2314,6.5953,Sehat,Healthy,NO,original image class-code prefix 'Ds',YES,OBS0283,-2.681954,1.111444,0.015316,Gaussian perturbation; clipped to training-observed min/max
OBS0283,SRC0165,b1417b20cb64b85684bb86bf4ae4ac96581a74881e6f48e3b73dd79f090c34c8,2,train,images/Ds (125).png,76.4542,71.9566,6.5951,Sehat,Healthy,NO,original image class-code prefix 'Ds',YES,OBS0283,1.29418,-0.163416,0.015077,Gaussian perturbation; clipped to training-observed min/max
OBS0284,SRC0045,314cb3f43a23caddaf24c5e15207dee109e800c6883bbc2ceba028123a33dd9b,0,train,images/Ds (126).png,61.9,51.24,6.76,Sehat,Healthy,NO,original image class-code prefix 'Ds',NO,OBS0284,0.0,0.0,0.0,original measurement
OBS0284,SRC0045,314cb3f43a23caddaf24c5e15207dee109e800c6883bbc2ceba028123a33dd9b,1,train,images/Ds (126).png,63.2384,51.7054,6.783,Sehat,Healthy,NO,original image class-code prefix 'Ds',YES,OBS0284,1.338391,0.465356,0.02304,Gaussian perturbation; clipped to training-observed min/max
OBS0284,SRC0045,314cb3f43a23caddaf24c5e15207dee109e800c6883bbc2ceba028123a33dd9b,2,train,images/Ds (126).png,65.7573,51.0372,6.7735,Sehat,Healthy,NO,original image class-code prefix 'Ds',YES,OBS0284,3.857269,-0.2028,0.013535,Gaussian perturbation; clipped to training-observed min/max
OBS0285,SRC0098,6c8e0afcfaf5837d39f0373d8c57d7652e8989d8ed07ba174ddda07b287790d7,0,train,images/Ds (127).png,79.96,77.6,6.45,Sehat,Healthy,NO,original image class-code prefix 'Ds',NO,OBS0285,0.0,0.0,0.0,original measurement
OBS0285,SRC0098,6c8e0afcfaf5837d39f0373d8c57d7652e8989d8ed07ba174ddda07b287790d7,1,train,images/Ds (127).png,82.0408,76.634,6.3667,Sehat,Healthy,NO,original image class-code prefix 'Ds',YES,OBS0285,2.080834,-0.966009,-0.08328,Gaussian perturbation; clipped to training-observed min/max
OBS0285,SRC0098,6c8e0afcfaf5837d39f0373d8c57d7652e8989d8ed07ba174ddda07b287790d7,2,train,images/Ds (127).png,78.2415,78.2404,6.5001,Sehat,Healthy,NO,original image class-code prefix 'Ds',YES,OBS0285,-1.718479,0.640395,0.05005,Gaussian perturbation; clipped to training-observed min/max
OBS0286,SRC0045,314cb3f43a23caddaf24c5e15207dee109e800c6883bbc2ceba028123a33dd9b,0,train,images/Ds (128).png,53.22,50.92,6.38,Sehat,Healthy,NO,original image class-code prefix 'Ds',NO,OBS0286,0.0,0.0,0.0,original measurement
OBS0286,SRC0045,314cb3f43a23caddaf24c5e15207dee109e800c6883bbc2ceba028123a33dd9b,1,train,images/Ds (128).png,54.1098,49.2957,6.4605,Sehat,Healthy,NO,original image class-code prefix 'Ds',YES,OBS0286,0.889785,-1.624272,0.080469,Gaussian perturbation; clipped to training-observed min/max
OBS0286,SRC0045,314cb3f43a23caddaf24c5e15207dee109e800c6883bbc2ceba028123a33dd9b,2,train,images/Ds (128).png,54.6567,50.8032,6.3826,Sehat,Healthy,NO,original image class-code prefix 'Ds',YES,OBS0286,1.436719,-0.116774,0.002605,Gaussian perturbation; clipped to training-observed min/max
OBS0288,SRC0234,fff58f1bf8be10f64c0b7f3a57bf5992e5be0356c407483276871eaa926b9e33,0,train,images/Ds (13).jpg,72.35,58.34,6.25,Sehat,Healthy,NO,original image class-code prefix 'Ds',NO,OBS0288,0.0,0.0,0.0,original measurement
OBS0288,SRC0234,fff58f1bf8be10f64c0b7f3a57bf5992e5be0356c407483276871eaa926b9e33,1,train,images/Ds (13).jpg,73.1607,58.7806,6.3014,Sehat,Healthy,NO,original image class-code prefix 'Ds',YES,OBS0288,0.810715,0.440572,0.051358,Gaussian perturbation; clipped to training-observed min/max
OBS0288,SRC0234,fff58f1bf8be10f64c0b7f3a57bf5992e5be0356c407483276871eaa926b9e33,2,train,images/Ds (13).jpg,71.0467,58.1305,6.153,Sehat,Healthy,NO,original image class-code prefix 'Ds',YES,OBS0288,-1.303303,-0.209547,-0.096998,Gaussian perturbation; clipped to training-observed min/max
OBS0289,SRC0045,314cb3f43a23caddaf24c5e15207dee109e800c6883bbc2ceba028123a33dd9b,0,train,images/Ds (130).png,69.84,63.18,6.09,Sehat,Healthy,NO,original image class-code prefix 'Ds',NO,OBS0289,0.0,0.0,0.0,original measurement
OBS0289,SRC0045,314cb3f43a23caddaf24c5e15207dee109e800c6883bbc2ceba028123a33dd9b,1,train,images/Ds (130).png,70.5975,63.8163,6.0821,Sehat,Healthy,NO,original image class-code prefix 'Ds',YES,OBS0289,0.757532,0.63626,-0.007905,Gaussian perturbation; clipped to training-observed min/max
OBS0289,SRC0045,314cb3f43a23caddaf24c5e15207dee109e800c6883bbc2ceba028123a33dd9b,2,train,images/Ds (130).png,70.1962,61.3122,6.1586,Sehat,Healthy,NO,original image class-code prefix 'Ds',YES,OBS0289,0.356159,-1.86782,0.068634,Gaussian perturbation; clipped to training-observed min/max
OBS0290,SRC0098,6c8e0afcfaf5837d39f0373d8c57d7652e8989d8ed07ba174ddda07b287790d7,0,train,images/Ds (131).png,61.77,68.76,7.08,Sehat,Healthy,NO,original image class-code prefix 'Ds',NO,OBS0290,0.0,0.0,0.0,original measurement
OBS0290,SRC0098,6c8e0afcfaf5837d39f0373d8c57d7652e8989d8ed07ba174ddda07b287790d7,1,train,images/Ds (131).png,61.2093,68.9149,7.1692,Sehat,Healthy,NO,original image class-code prefix 'Ds',YES,OBS0290,-0.560725,0.154861,0.08923,Gaussian perturbation; clipped to training-observed min/max
OBS0290,SRC0098,6c8e0afcfaf5837d39f0373d8c57d7652e8989d8ed07ba174ddda07b287790d7,2,train,images/Ds (131).png,60.8622,70.1967,7.0899,Sehat,Healthy,NO,original image class-code prefix 'Ds',YES,OBS0290,-0.907801,1.43668,0.009926,Gaussian perturbation; clipped to training-observed min/max
OBS0291,SRC0045,314cb3f43a23caddaf24c5e15207dee109e800c6883bbc2ceba028123a33dd9b,0,train,images/Ds (132).png,66.38,62.8,6.69,Sehat,Healthy,NO,original image class-code prefix 'Ds',NO,OBS0291,0.0,0.0,0.0,original measurement
OBS0291,SRC0045,314cb3f43a23caddaf24c5e15207dee109e800c6883bbc2ceba028123a33dd9b,1,train,images/Ds (132).png,66.4138,63.4673,6.5902,Sehat,Healthy,NO,original image class-code prefix 'Ds',YES,OBS0291,0.033828,0.667255,-0.099762,Gaussian perturbation; clipped to training-observed min/max
OBS0291,SRC0045,314cb3f43a23caddaf24c5e15207dee109e800c6883bbc2ceba028123a33dd9b,2,train,images/Ds (132).png,67.0929,62.8738,6.7729,Sehat,Healthy,NO,original image class-code prefix 'Ds',YES,OBS0291,0.712927,0.073811,0.082902,Gaussian perturbation; clipped to training-observed min/max
OBS0292,SRC0098,6c8e0afcfaf5837d39f0373d8c57d7652e8989d8ed07ba174ddda07b287790d7,0,train,images/Ds (133).png,64.89,60.99,4.86,Sehat,Healthy,NO,original image class-code prefix 'Ds',NO,OBS0292,0.0,0.0,0.0,original measurement
OBS0292,SRC0098,6c8e0afcfaf5837d39f0373d8c57d7652e8989d8ed07ba174ddda07b287790d7,1,train,images/Ds (133).png,64.6298,60.554,4.8896,Sehat,Healthy,NO,original image class-code prefix 'Ds',YES,OBS0292,-0.260168,-0.435981,0.029571,Gaussian perturbation; clipped to training-observed min/max
OBS0292,SRC0098,6c8e0afcfaf5837d39f0373d8c57d7652e8989d8ed07ba174ddda07b287790d7,2,train,images/Ds (133).png,64.8188,59.5812,4.8445,Sehat,Healthy,NO,original image class-code prefix 'Ds',YES,OBS0292,-0.071241,-1.408762,-0.015517,Gaussian perturbation; clipped to training-observed min/max
OBS0293,SRC0045,314cb3f43a23caddaf24c5e15207dee109e800c6883bbc2ceba028123a33dd9b,0,train,images/Ds (134).png,67.33,75.08,6.41,Sehat,Healthy,NO,original image class-code prefix 'Ds',NO,OBS0293,0.0,0.0,0.0,original measurement
OBS0293,SRC0045,314cb3f43a23caddaf24c5e15207dee109e800c6883bbc2ceba028123a33dd9b,1,train,images/Ds (134).png,68.8512,74.9683,6.3404,Sehat,Healthy,NO,original image class-code prefix 'Ds',YES,OBS0293,1.521156,-0.111724,-0.069637,Gaussian perturbation; clipped to training-observed min/max
OBS0293,SRC0045,314cb3f43a23caddaf24c5e15207dee109e800c6883bbc2ceba028123a33dd9b,2,train,images/Ds (134).png,68.1891,72.8559,6.2404,Sehat,Healthy,NO,original image class-code prefix 'Ds',YES,OBS0293,0.859124,-2.224132,-0.169621,Gaussian perturbation; clipped to training-observed min/max
OBS0295,SRC0045,314cb3f43a23caddaf24c5e15207dee109e800c6883bbc2ceba028123a33dd9b,0,train,images/Ds (136).png,66.52,57.45,6.49,Sehat,Healthy,NO,original image class-code prefix 'Ds',NO,OBS0295,0.0,0.0,0.0,original measurement
OBS0295,SRC0045,314cb3f43a23caddaf24c5e15207dee109e800c6883bbc2ceba028123a33dd9b,1,train,images/Ds (136).png,66.515,57.6671,6.5076,Sehat,Healthy,NO,original image class-code prefix 'Ds',YES,OBS0295,-0.00498,0.21711,0.017632,Gaussian perturbation; clipped to training-observed min/max
OBS0295,SRC0045,314cb3f43a23caddaf24c5e15207dee109e800c6883bbc2ceba028123a33dd9b,2,train,images/Ds (136).png,65.4487,57.2694,6.3781,Sehat,Healthy,NO,original image class-code prefix 'Ds',YES,OBS0295,-1.071339,-0.1806,-0.111899,Gaussian perturbation; clipped to training-observed min/max
OBS0296,SRC0098,6c8e0afcfaf5837d39f0373d8c57d7652e8989d8ed07ba174ddda07b287790d7,0,train,images/Ds (137).png,61.29,70.8,6.05,Sehat,Healthy,NO,original image class-code prefix 'Ds',NO,OBS0296,0.0,0.0,0.0,original measurement
OBS0296,SRC0098,6c8e0afcfaf5837d39f0373d8c57d7652e8989d8ed07ba174ddda07b287790d7,1,train,images/Ds (137).png,61.5535,68.8616,6.0381,Sehat,Healthy,NO,original image class-code prefix 'Ds',YES,OBS0296,0.263475,-1.938383,-0.011939,Gaussian perturbation; clipped to training-observed min/max
OBS0296,SRC0098,6c8e0afcfaf5837d39f0373d8c57d7652e8989d8ed07ba174ddda07b287790d7,2,train,images/Ds (137).png,61.6039,68.692,6.0082,Sehat,Healthy,NO,original image class-code prefix 'Ds',YES,OBS0296,0.313895,-2.107951,-0.0418,Gaussian perturbation; clipped to training-observed min/max
OBS0297,SRC0045,314cb3f43a23caddaf24c5e15207dee109e800c6883bbc2ceba028123a33dd9b,0,train,images/Ds (138).png,70.84,68.16,6.97,Sehat,Healthy,NO,original image class-code prefix 'Ds',NO,OBS0297,0.0,0.0,0.0,original measurement
OBS0297,SRC0045,314cb3f43a23caddaf24c5e15207dee109e800c6883bbc2ceba028123a33dd9b,1,train,images/Ds (138).png,71.7858,70.0188,6.8497,Sehat,Healthy,NO,original image class-code prefix 'Ds',YES,OBS0297,0.945775,1.858761,-0.120317,Gaussian perturbation; clipped to training-observed min/max
OBS0297,SRC0045,314cb3f43a23caddaf24c5e15207dee109e800c6883bbc2ceba028123a33dd9b,2,train,images/Ds (138).png,71.2479,66.6769,6.8624,Sehat,Healthy,NO,original image class-code prefix 'Ds',YES,OBS0297,0.407902,-1.483139,-0.107621,Gaussian perturbation; clipped to training-observed min/max
OBS0299,SRC0234,fff58f1bf8be10f64c0b7f3a57bf5992e5be0356c407483276871eaa926b9e33,0,train,images/Ds (14).jpg,75.96,63.93,5.9,Sehat,Healthy,NO,original image class-code prefix 'Ds',NO,OBS0299,0.0,0.0,0.0,original measurement
OBS0299,SRC0234,fff58f1bf8be10f64c0b7f3a57bf5992e5be0356c407483276871eaa926b9e33,1,train,images/Ds (14).jpg,77.8753,64.7318,5.8357,Sehat,Healthy,NO,original image class-code prefix 'Ds',YES,OBS0299,1.915289,0.801819,-0.064336,Gaussian perturbation; clipped to training-observed min/max
OBS0299,SRC0234,fff58f1bf8be10f64c0b7f3a57bf5992e5be0356c407483276871eaa926b9e33,2,train,images/Ds (14).jpg,76.2228,64.7003,5.9145,Sehat,Healthy,NO,original image class-code prefix 'Ds',YES,OBS0299,0.262833,0.770336,0.014503,Gaussian perturbation; clipped to training-observed min/max
OBS0300,SRC0045,314cb3f43a23caddaf24c5e15207dee109e800c6883bbc2ceba028123a33dd9b,0,train,images/Ds (140).png,77.05,62.69,6.32,Sehat,Healthy,NO,original image class-code prefix 'Ds',NO,OBS0300,0.0,0.0,0.0,original measurement
OBS0300,SRC0045,314cb3f43a23caddaf24c5e15207dee109e800c6883bbc2ceba028123a33dd9b,1,train,images/Ds (140).png,79.7467,63.4169,6.0806,Sehat,Healthy,NO,original image class-code prefix 'Ds',YES,OBS0300,2.696734,0.726935,-0.239439,Gaussian perturbation; clipped to training-observed min/max
OBS0300,SRC0045,314cb3f43a23caddaf24c5e15207dee109e800c6883bbc2ceba028123a33dd9b,2,train,images/Ds (140).png,76.7018,61.8061,6.3037,Sehat,Healthy,NO,original image class-code prefix 'Ds',YES,OBS0300,-0.34824,-0.883891,-0.016332,Gaussian perturbation; clipped to training-observed min/max
OBS0302,SRC0004,024a13335e1488b0fccb0e1a943e81b0481d72ddf98a7e1c9f7baf6434598215,0,train,images/Ds (142).png,66.19,71.15,5.93,Sehat,Healthy,NO,original image class-code prefix 'Ds',NO,OBS0302,0.0,0.0,0.0,original measurement
OBS0302,SRC0004,024a13335e1488b0fccb0e1a943e81b0481d72ddf98a7e1c9f7baf6434598215,1,train,images/Ds (142).png,66.2062,70.3686,5.8432,Sehat,Healthy,NO,original image class-code prefix 'Ds',YES,OBS0302,0.016159,-0.781372,-0.086793,Gaussian perturbation; clipped to training-observed min/max
OBS0302,SRC0004,024a13335e1488b0fccb0e1a943e81b0481d72ddf98a7e1c9f7baf6434598215,2,train,images/Ds (142).png,67.8261,71.8668,5.8763,Sehat,Healthy,NO,original image class-code prefix 'Ds',YES,OBS0302,1.636087,0.71681,-0.053659,Gaussian perturbation; clipped to training-observed min/max
OBS0303,SRC0078,5aeda5a553a9529cb3f831f09e4abbb255af062a5241a49348e8c0436c34a3f3,0,train,images/Ds (143).png,77.03,60.44,5.95,Bercak daun,Healthy,YES,original image class-code prefix 'Ds',NO,OBS0303,0.0,0.0,0.0,original measurement
OBS0303,SRC0078,5aeda5a553a9529cb3f831f09e4abbb255af062a5241a49348e8c0436c34a3f3,1,train,images/Ds (143).png,77.8456,61.2502,6.0514,Bercak daun,Healthy,YES,original image class-code prefix 'Ds',YES,OBS0303,0.81558,0.810217,0.101385,Gaussian perturbation; clipped to training-observed min/max
OBS0303,SRC0078,5aeda5a553a9529cb3f831f09e4abbb255af062a5241a49348e8c0436c34a3f3,2,train,images/Ds (143).png,75.7636,61.3759,5.9014,Bercak daun,Healthy,YES,original image class-code prefix 'Ds',YES,OBS0303,-1.266376,0.935858,-0.048623,Gaussian perturbation; clipped to training-observed min/max
OBS0304,SRC0004,024a13335e1488b0fccb0e1a943e81b0481d72ddf98a7e1c9f7baf6434598215,0,train,images/Ds (144).png,71.77,64.72,6.62,Sehat,Healthy,NO,original image class-code prefix 'Ds',NO,OBS0304,0.0,0.0,0.0,original measurement
OBS0304,SRC0004,024a13335e1488b0fccb0e1a943e81b0481d72ddf98a7e1c9f7baf6434598215,1,train,images/Ds (144).png,73.1561,64.4891,6.4383,Sehat,Healthy,NO,original image class-code prefix 'Ds',YES,OBS0304,1.386053,-0.230939,-0.181742,Gaussian perturbation; clipped to training-observed min/max
OBS0304,SRC0004,024a13335e1488b0fccb0e1a943e81b0481d72ddf98a7e1c9f7baf6434598215,2,train,images/Ds (144).png,71.8124,62.579,6.6026,Sehat,Healthy,NO,original image class-code prefix 'Ds',YES,OBS0304,0.042425,-2.140995,-0.017372,Gaussian perturbation; clipped to training-observed min/max
OBS0305,SRC0140,9b7f497bb90f1e998f63c62b2c9d9d30b3f638f628cf2a997ad1b50a133d6ba2,0,train,images/Ds (145).png,70.1,60.97,6.81,Sehat,Healthy,NO,original image class-code prefix 'Ds',NO,OBS0305,0.0,0.0,0.0,original measurement
OBS0305,SRC0140,9b7f497bb90f1e998f63c62b2c9d9d30b3f638f628cf2a997ad1b50a133d6ba2,1,train,images/Ds (145).png,70.0302,60.4884,6.691,Sehat,Healthy,NO,original image class-code prefix 'Ds',YES,OBS0305,-0.06983,-0.481566,-0.118954,Gaussian perturbation; clipped to training-observed min/max
OBS0305,SRC0140,9b7f497bb90f1e998f63c62b2c9d9d30b3f638f628cf2a997ad1b50a133d6ba2,2,train,images/Ds (145).png,68.7611,59.9565,6.7902,Sehat,Healthy,NO,original image class-code prefix 'Ds',YES,OBS0305,-1.338875,-1.013509,-0.019849,Gaussian perturbation; clipped to training-observed min/max
OBS0306,SRC0004,024a13335e1488b0fccb0e1a943e81b0481d72ddf98a7e1c9f7baf6434598215,0,train,images/Ds (146).png,69.12,61.04,6.8,Sehat,Healthy,NO,original image class-code prefix 'Ds',NO,OBS0306,0.0,0.0,0.0,original measurement
OBS0306,SRC0004,024a13335e1488b0fccb0e1a943e81b0481d72ddf98a7e1c9f7baf6434598215,1,train,images/Ds (146).png,70.6662,61.8909,6.7622,Sehat,Healthy,NO,original image class-code prefix 'Ds',YES,OBS0306,1.5462,0.850903,-0.037776,Gaussian perturbation; clipped to training-observed min/max
OBS0306,SRC0004,024a13335e1488b0fccb0e1a943e81b0481d72ddf98a7e1c9f7baf6434598215,2,train,images/Ds (146).png,70.6487,59.3983,6.8548,Sehat,Healthy,NO,original image class-code prefix 'Ds',YES,OBS0306,1.528653,-1.641675,0.054802,Gaussian perturbation; clipped to training-observed min/max
OBS0307,SRC0078,5aeda5a553a9529cb3f831f09e4abbb255af062a5241a49348e8c0436c34a3f3,0,train,images/Ds (147).png,79.94,52.27,6.86,Sehat,Healthy,NO,original image class-code prefix 'Ds',NO,OBS0307,0.0,0.0,0.0,original measurement
OBS0307,SRC0078,5aeda5a553a9529cb3f831f09e4abbb255af062a5241a49348e8c0436c34a3f3,1,train,images/Ds (147).png,79.7297,52.5536,6.9111,Sehat,Healthy,NO,original image class-code prefix 'Ds',YES,OBS0307,-0.210282,0.28359,0.051077,Gaussian perturbation; clipped to training-observed min/max
OBS0307,SRC0078,5aeda5a553a9529cb3f831f09e4abbb255af062a5241a49348e8c0436c34a3f3,2,train,images/Ds (147).png,79.1245,53.2314,6.8593,Sehat,Healthy,NO,original image class-code prefix 'Ds',YES,OBS0307,-0.81549,0.96139,-0.000745,Gaussian perturbation; clipped to training-observed min/max
OBS0308,SRC0004,024a13335e1488b0fccb0e1a943e81b0481d72ddf98a7e1c9f7baf6434598215,0,train,images/Ds (148).png,65.02,57.59,6.73,Sehat,Healthy,NO,original image class-code prefix 'Ds',NO,OBS0308,0.0,0.0,0.0,original measurement
OBS0308,SRC0004,024a13335e1488b0fccb0e1a943e81b0481d72ddf98a7e1c9f7baf6434598215,1,train,images/Ds (148).png,67.9142,57.2249,6.8315,Sehat,Healthy,NO,original image class-code prefix 'Ds',YES,OBS0308,2.894159,-0.365113,0.101534,Gaussian perturbation; clipped to training-observed min/max
OBS0308,SRC0004,024a13335e1488b0fccb0e1a943e81b0481d72ddf98a7e1c9f7baf6434598215,2,train,images/Ds (148).png,65.7965,56.181,6.8388,Sehat,Healthy,NO,original image class-code prefix 'Ds',YES,OBS0308,0.776509,-1.408952,0.10885,Gaussian perturbation; clipped to training-observed min/max
OBS0309,SRC0140,9b7f497bb90f1e998f63c62b2c9d9d30b3f638f628cf2a997ad1b50a133d6ba2,0,train,images/Ds (149).png,71.81,68.58,5.94,Sehat,Healthy,NO,original image class-code prefix 'Ds',NO,OBS0309,0.0,0.0,0.0,original measurement
OBS0309,SRC0140,9b7f497bb90f1e998f63c62b2c9d9d30b3f638f628cf2a997ad1b50a133d6ba2,1,train,images/Ds (149).png,70.5375,65.9016,6.0083,Sehat,Healthy,NO,original image class-code prefix 'Ds',YES,OBS0309,-1.272493,-2.678394,0.068265,Gaussian perturbation; clipped to training-observed min/max
OBS0309,SRC0140,9b7f497bb90f1e998f63c62b2c9d9d30b3f638f628cf2a997ad1b50a133d6ba2,2,train,images/Ds (149).png,73.0927,68.6424,5.9191,Sehat,Healthy,NO,original image class-code prefix 'Ds',YES,OBS0309,1.282744,0.062431,-0.020882,Gaussian perturbation; clipped to training-observed min/max
OBS0310,SRC0234,fff58f1bf8be10f64c0b7f3a57bf5992e5be0356c407483276871eaa926b9e33,0,train,images/Ds (15).jpg,68.11,58.82,6.42,Sehat,Healthy,NO,original image class-code prefix 'Ds',NO,OBS0310,0.0,0.0,0.0,original measurement
OBS0310,SRC0234,fff58f1bf8be10f64c0b7f3a57bf5992e5be0356c407483276871eaa926b9e33,1,train,images/Ds (15).jpg,70.0104,59.6742,6.3675,Sehat,Healthy,NO,original image class-code prefix 'Ds',YES,OBS0310,1.900418,0.854242,-0.052469,Gaussian perturbation; clipped to training-observed min/max
OBS0310,SRC0234,fff58f1bf8be10f64c0b7f3a57bf5992e5be0356c407483276871eaa926b9e33,2,train,images/Ds (15).jpg,68.9878,57.3281,6.3753,Sehat,Healthy,NO,original image class-code prefix 'Ds',YES,OBS0310,0.87784,-1.49195,-0.044717,Gaussian perturbation; clipped to training-observed min/max
OBS0311,SRC0004,024a13335e1488b0fccb0e1a943e81b0481d72ddf98a7e1c9f7baf6434598215,0,train,images/Ds (150).png,63.98,59.91,6.95,Sehat,Healthy,NO,original image class-code prefix 'Ds',NO,OBS0311,0.0,0.0,0.0,original measurement
OBS0311,SRC0004,024a13335e1488b0fccb0e1a943e81b0481d72ddf98a7e1c9f7baf6434598215,1,train,images/Ds (150).png,62.7186,57.27,6.8558,Sehat,Healthy,NO,original image class-code prefix 'Ds',YES,OBS0311,-1.261356,-2.640021,-0.094183,Gaussian perturbation; clipped to training-observed min/max
OBS0311,SRC0004,024a13335e1488b0fccb0e1a943e81b0481d72ddf98a7e1c9f7baf6434598215,2,train,images/Ds (150).png,65.4468,58.5926,6.906,Sehat,Healthy,NO,original image class-code prefix 'Ds',YES,OBS0311,1.466793,-1.317386,-0.044003,Gaussian perturbation; clipped to training-observed min/max
OBS0312,SRC0182,c1bddcb0a0887bb24a84a319a0d4f6162444e10f6080a6ff2acc80d859eff9de,0,train,images/Ds (16).jpg,76.4,45.72,6.58,Sehat,Healthy,NO,original image class-code prefix 'Ds',NO,OBS0312,0.0,0.0,0.0,original measurement
OBS0312,SRC0182,c1bddcb0a0887bb24a84a319a0d4f6162444e10f6080a6ff2acc80d859eff9de,1,train,images/Ds (16).jpg,75.0068,46.7587,6.5801,Sehat,Healthy,NO,original image class-code prefix 'Ds',YES,OBS0312,-1.393168,1.038729,9.6e-05,Gaussian perturbation; clipped to training-observed min/max
OBS0312,SRC0182,c1bddcb0a0887bb24a84a319a0d4f6162444e10f6080a6ff2acc80d859eff9de,2,train,images/Ds (16).jpg,76.9889,45.5932,6.4863,Sehat,Healthy,NO,original image class-code prefix 'Ds',YES,OBS0312,0.588894,-0.126824,-0.093682,Gaussian perturbation; clipped to training-observed min/max
OBS0313,SRC0182,c1bddcb0a0887bb24a84a319a0d4f6162444e10f6080a6ff2acc80d859eff9de,0,train,images/Ds (17).jpg,69.55,62.99,6.7,Sehat,Healthy,NO,original image class-code prefix 'Ds',NO,OBS0313,0.0,0.0,0.0,original measurement
OBS0313,SRC0182,c1bddcb0a0887bb24a84a319a0d4f6162444e10f6080a6ff2acc80d859eff9de,1,train,images/Ds (17).jpg,68.3813,63.9947,6.6954,Sehat,Healthy,NO,original image class-code prefix 'Ds',YES,OBS0313,-1.168731,1.004719,-0.004593,Gaussian perturbation; clipped to training-observed min/max
OBS0313,SRC0182,c1bddcb0a0887bb24a84a319a0d4f6162444e10f6080a6ff2acc80d859eff9de,2,train,images/Ds (17).jpg,70.4793,59.1949,6.7888,Sehat,Healthy,NO,original image class-code prefix 'Ds',YES,OBS0313,0.929282,-3.795115,0.088809,Gaussian perturbation; clipped to training-observed min/max
OBS0314,SRC0182,c1bddcb0a0887bb24a84a319a0d4f6162444e10f6080a6ff2acc80d859eff9de,0,train,images/Ds (18).jpg,75.06,52.14,6.7,Sehat,Healthy,NO,original image class-code prefix 'Ds',NO,OBS0314,0.0,0.0,0.0,original measurement
OBS0314,SRC0182,c1bddcb0a0887bb24a84a319a0d4f6162444e10f6080a6ff2acc80d859eff9de,1,train,images/Ds (18).jpg,74.4672,54.7474,6.6591,Sehat,Healthy,NO,original image class-code prefix 'Ds',YES,OBS0314,-0.592761,2.607429,-0.04086,Gaussian perturbation; clipped to training-observed min/max
OBS0314,SRC0182,c1bddcb0a0887bb24a84a319a0d4f6162444e10f6080a6ff2acc80d859eff9de,2,train,images/Ds (18).jpg,75.0939,52.9325,6.6299,Sehat,Healthy,NO,original image class-code prefix 'Ds',YES,OBS0314,0.033923,0.792453,-0.070064,Gaussian perturbation; clipped to training-observed min/max
OBS0315,SRC0182,c1bddcb0a0887bb24a84a319a0d4f6162444e10f6080a6ff2acc80d859eff9de,0,train,images/Ds (19).jpg,79.0,76.97,6.36,Sehat,Healthy,NO,original image class-code prefix 'Ds',NO,OBS0315,0.0,0.0,0.0,original measurement
OBS0315,SRC0182,c1bddcb0a0887bb24a84a319a0d4f6162444e10f6080a6ff2acc80d859eff9de,1,train,images/Ds (19).jpg,80.0473,76.1957,6.4631,Sehat,Healthy,NO,original image class-code prefix 'Ds',YES,OBS0315,1.047286,-0.774259,0.103128,Gaussian perturbation; clipped to training-observed min/max
OBS0315,SRC0182,c1bddcb0a0887bb24a84a319a0d4f6162444e10f6080a6ff2acc80d859eff9de,2,train,images/Ds (19).jpg,79.9518,77.5648,6.3021,Sehat,Healthy,NO,original image class-code prefix 'Ds',YES,OBS0315,0.951848,0.594764,-0.057936,Gaussian perturbation; clipped to training-observed min/max
OBS0316,SRC0077,59cea31d8d7294f01a32ae7d8b4a7d603503b116876cc1a4e094ccfbeb83e330,0,train,images/Ds (2).jpg,64.25,65.93,7.03,Sehat,Healthy,NO,original image class-code prefix 'Ds',NO,OBS0316,0.0,0.0,0.0,original measurement
OBS0316,SRC0077,59cea31d8d7294f01a32ae7d8b4a7d603503b116876cc1a4e094ccfbeb83e330,1,train,images/Ds (2).jpg,63.9973,66.2899,6.8673,Sehat,Healthy,NO,original image class-code prefix 'Ds',YES,OBS0316,-0.252685,0.359894,-0.162667,Gaussian perturbation; clipped to training-observed min/max
OBS0316,SRC0077,59cea31d8d7294f01a32ae7d8b4a7d603503b116876cc1a4e094ccfbeb83e330,2,train,images/Ds (2).jpg,63.5879,67.0557,6.9285,Sehat,Healthy,NO,original image class-code prefix 'Ds',YES,OBS0316,-0.662099,1.125688,-0.101454,Gaussian perturbation; clipped to training-observed min/max
OBS0317,SRC0182,c1bddcb0a0887bb24a84a319a0d4f6162444e10f6080a6ff2acc80d859eff9de,0,train,images/Ds (20).jpg,77.17,59.5,6.39,Sehat,Healthy,NO,original image class-code prefix 'Ds',NO,OBS0317,0.0,0.0,0.0,original measurement
OBS0317,SRC0182,c1bddcb0a0887bb24a84a319a0d4f6162444e10f6080a6ff2acc80d859eff9de,1,train,images/Ds (20).jpg,78.7048,58.746,6.4159,Sehat,Healthy,NO,original image class-code prefix 'Ds',YES,OBS0317,1.534774,-0.753978,0.025861,Gaussian perturbation; clipped to training-observed min/max
OBS0317,SRC0182,c1bddcb0a0887bb24a84a319a0d4f6162444e10f6080a6ff2acc80d859eff9de,2,train,images/Ds (20).jpg,75.7928,60.0813,6.427,Sehat,Healthy,NO,original image class-code prefix 'Ds',YES,OBS0317,-1.377197,0.581254,0.037018,Gaussian perturbation; clipped to training-observed min/max
OBS0318,SRC0182,c1bddcb0a0887bb24a84a319a0d4f6162444e10f6080a6ff2acc80d859eff9de,0,train,images/Ds (21).jpg,68.63,74.39,6.16,Sehat,Healthy,NO,original image class-code prefix 'Ds',NO,OBS0318,0.0,0.0,0.0,original measurement
OBS0318,SRC0182,c1bddcb0a0887bb24a84a319a0d4f6162444e10f6080a6ff2acc80d859eff9de,1,train,images/Ds (21).jpg,69.9936,76.0149,6.2603,Sehat,Healthy,NO,original image class-code prefix 'Ds',YES,OBS0318,1.363649,1.624884,0.100282,Gaussian perturbation; clipped to training-observed min/max
OBS0318,SRC0182,c1bddcb0a0887bb24a84a319a0d4f6162444e10f6080a6ff2acc80d859eff9de,2,train,images/Ds (21).jpg,68.8807,72.9186,6.2659,Sehat,Healthy,NO,original image class-code prefix 'Ds',YES,OBS0318,0.250703,-1.471397,0.105901,Gaussian perturbation; clipped to training-observed min/max
OBS0327,SRC0077,59cea31d8d7294f01a32ae7d8b4a7d603503b116876cc1a4e094ccfbeb83e330,0,train,images/Ds (3).jpg,76.49,72.97,6.27,Sehat,Healthy,NO,original image class-code prefix 'Ds',NO,OBS0327,0.0,0.0,0.0,original measurement
OBS0327,SRC0077,59cea31d8d7294f01a32ae7d8b4a7d603503b116876cc1a4e094ccfbeb83e330,1,train,images/Ds (3).jpg,74.925,72.4435,6.329,Sehat,Healthy,NO,original image class-code prefix 'Ds',YES,OBS0327,-1.564962,-0.526452,0.058969,Gaussian perturbation; clipped to training-observed min/max
OBS0327,SRC0077,59cea31d8d7294f01a32ae7d8b4a7d603503b116876cc1a4e094ccfbeb83e330,2,train,images/Ds (3).jpg,77.0223,74.8817,6.2697,Sehat,Healthy,NO,original image class-code prefix 'Ds',YES,OBS0327,0.532269,1.911678,-0.000324,Gaussian perturbation; clipped to training-observed min/max
OBS0332,SRC0152,a5c71616f4b64fde60c44d3abb878693d316a25fd6afa87adb1a48461b011239,0,train,images/Ds (34).jpg,64.07,63.44,5.81,Sehat,Healthy,NO,original image class-code prefix 'Ds',NO,OBS0332,0.0,0.0,0.0,original measurement
OBS0332,SRC0152,a5c71616f4b64fde60c44d3abb878693d316a25fd6afa87adb1a48461b011239,1,train,images/Ds (34).jpg,62.0419,63.1097,5.8239,Sehat,Healthy,NO,original image class-code prefix 'Ds',YES,OBS0332,-2.028083,-0.33031,0.013925,Gaussian perturbation; clipped to training-observed min/max
OBS0332,SRC0152,a5c71616f4b64fde60c44d3abb878693d316a25fd6afa87adb1a48461b011239,2,train,images/Ds (34).jpg,63.6493,65.1349,5.7902,Sehat,Healthy,NO,original image class-code prefix 'Ds',YES,OBS0332,-0.420731,1.694944,-0.019809,Gaussian perturbation; clipped to training-observed min/max
OBS0333,SRC0152,a5c71616f4b64fde60c44d3abb878693d316a25fd6afa87adb1a48461b011239,0,train,images/Ds (35).jpg,73.66,60.05,6.23,Sehat,Healthy,NO,original image class-code prefix 'Ds',NO,OBS0333,0.0,0.0,0.0,original measurement
OBS0333,SRC0152,a5c71616f4b64fde60c44d3abb878693d316a25fd6afa87adb1a48461b011239,1,train,images/Ds (35).jpg,71.937,60.6101,6.1382,Sehat,Healthy,NO,original image class-code prefix 'Ds',YES,OBS0333,-1.723017,0.560147,-0.091815,Gaussian perturbation; clipped to training-observed min/max
OBS0333,SRC0152,a5c71616f4b64fde60c44d3abb878693d316a25fd6afa87adb1a48461b011239,2,train,images/Ds (35).jpg,75.6999,60.3741,6.1177,Sehat,Healthy,NO,original image class-code prefix 'Ds',YES,OBS0333,2.039871,0.324113,-0.112263,Gaussian perturbation; clipped to training-observed min/max
OBS0334,SRC0152,a5c71616f4b64fde60c44d3abb878693d316a25fd6afa87adb1a48461b011239,0,train,images/Ds (36).jpg,64.06,59.44,5.95,Sehat,Healthy,NO,original image class-code prefix 'Ds',NO,OBS0334,0.0,0.0,0.0,original measurement
OBS0334,SRC0152,a5c71616f4b64fde60c44d3abb878693d316a25fd6afa87adb1a48461b011239,1,train,images/Ds (36).jpg,65.3553,62.2831,5.7897,Sehat,Healthy,NO,original image class-code prefix 'Ds',YES,OBS0334,1.29527,2.843096,-0.160324,Gaussian perturbation; clipped to training-observed min/max
OBS0334,SRC0152,a5c71616f4b64fde60c44d3abb878693d316a25fd6afa87adb1a48461b011239,2,train,images/Ds (36).jpg,65.1437,60.0208,5.9641,Sehat,Healthy,NO,original image class-code prefix 'Ds',YES,OBS0334,1.083688,0.580833,0.014054,Gaussian perturbation; clipped to training-observed min/max
OBS0335,SRC0152,a5c71616f4b64fde60c44d3abb878693d316a25fd6afa87adb1a48461b011239,0,train,images/Ds (37).jpg,79.07,60.42,6.87,Sehat,Healthy,NO,original image class-code prefix 'Ds',NO,OBS0335,0.0,0.0,0.0,original measurement
OBS0335,SRC0152,a5c71616f4b64fde60c44d3abb878693d316a25fd6afa87adb1a48461b011239,1,train,images/Ds (37).jpg,79.482,61.0103,6.8146,Sehat,Healthy,NO,original image class-code prefix 'Ds',YES,OBS0335,0.411994,0.590263,-0.05544,Gaussian perturbation; clipped to training-observed min/max
OBS0335,SRC0152,a5c71616f4b64fde60c44d3abb878693d316a25fd6afa87adb1a48461b011239,2,train,images/Ds (37).jpg,80.7632,58.8006,7.0267,Sehat,Healthy,NO,original image class-code prefix 'Ds',YES,OBS0335,1.693188,-1.619429,0.156685,Gaussian perturbation; clipped to training-observed min/max
OBS0336,SRC0152,a5c71616f4b64fde60c44d3abb878693d316a25fd6afa87adb1a48461b011239,0,train,images/Ds (38).jpg,69.63,63.1,6.43,Sehat,Healthy,NO,original image class-code prefix 'Ds',NO,OBS0336,0.0,0.0,0.0,original measurement
OBS0336,SRC0152,a5c71616f4b64fde60c44d3abb878693d316a25fd6afa87adb1a48461b011239,1,train,images/Ds (38).jpg,71.4632,61.6766,6.4296,Sehat,Healthy,NO,original image class-code prefix 'Ds',YES,OBS0336,1.833225,-1.423362,-0.000432,Gaussian perturbation; clipped to training-observed min/max
OBS0336,SRC0152,a5c71616f4b64fde60c44d3abb878693d316a25fd6afa87adb1a48461b011239,2,train,images/Ds (38).jpg,71.3338,62.5108,6.417,Sehat,Healthy,NO,original image class-code prefix 'Ds',YES,OBS0336,1.703831,-0.589193,-0.012993,Gaussian perturbation; clipped to training-observed min/max
OBS0337,SRC0152,a5c71616f4b64fde60c44d3abb878693d316a25fd6afa87adb1a48461b011239,0,train,images/Ds (39).jpg,61.13,51.89,6.09,Sehat,Healthy,NO,original image class-code prefix 'Ds',NO,OBS0337,0.0,0.0,0.0,original measurement
OBS0337,SRC0152,a5c71616f4b64fde60c44d3abb878693d316a25fd6afa87adb1a48461b011239,1,train,images/Ds (39).jpg,60.6471,53.291,6.0414,Sehat,Healthy,NO,original image class-code prefix 'Ds',YES,OBS0337,-0.482853,1.400967,-0.048615,Gaussian perturbation; clipped to training-observed min/max
OBS0337,SRC0152,a5c71616f4b64fde60c44d3abb878693d316a25fd6afa87adb1a48461b011239,2,train,images/Ds (39).jpg,61.1182,52.5383,6.0734,Sehat,Healthy,NO,original image class-code prefix 'Ds',YES,OBS0337,-0.011791,0.648258,-0.016608,Gaussian perturbation; clipped to training-observed min/max
OBS0338,SRC0161,aec3e6f91772a0864d19c88daff0b5bcd52ea31fd5cd780026c9541971e4fd97,0,train,images/Ds (4).jpg,71.79,66.8,5.22,Sehat,Healthy,NO,original image class-code prefix 'Ds',NO,OBS0338,0.0,0.0,0.0,original measurement
OBS0338,SRC0161,aec3e6f91772a0864d19c88daff0b5bcd52ea31fd5cd780026c9541971e4fd97,1,train,images/Ds (4).jpg,70.7503,65.1901,5.0985,Sehat,Healthy,NO,original image class-code prefix 'Ds',YES,OBS0338,-1.039718,-1.609858,-0.121461,Gaussian perturbation; clipped to training-observed min/max
OBS0338,SRC0161,aec3e6f91772a0864d19c88daff0b5bcd52ea31fd5cd780026c9541971e4fd97,2,train,images/Ds (4).jpg,70.3742,64.7353,5.1618,Sehat,Healthy,NO,original image class-code prefix 'Ds',YES,OBS0338,-1.415765,-2.064659,-0.05815,Gaussian perturbation; clipped to training-observed min/max
OBS0339,SRC0227,f2205bc97bde583793deb18a387a8986a73803b18afe1973d2649196824932bc,0,train,images/Ds (40).jpg,73.74,60.82,6.48,Sehat,Healthy,NO,original image class-code prefix 'Ds',NO,OBS0339,0.0,0.0,0.0,original measurement
OBS0339,SRC0227,f2205bc97bde583793deb18a387a8986a73803b18afe1973d2649196824932bc,1,train,images/Ds (40).jpg,74.1003,60.8849,6.4139,Sehat,Healthy,NO,original image class-code prefix 'Ds',YES,OBS0339,0.360258,0.064914,-0.066131,Gaussian perturbation; clipped to training-observed min/max
OBS0339,SRC0227,f2205bc97bde583793deb18a387a8986a73803b18afe1973d2649196824932bc,2,train,images/Ds (40).jpg,72.5184,59.6279,6.369,Sehat,Healthy,NO,original image class-code prefix 'Ds',YES,OBS0339,-1.221623,-1.192066,-0.111032,Gaussian perturbation; clipped to training-observed min/max
OBS0340,SRC0227,f2205bc97bde583793deb18a387a8986a73803b18afe1973d2649196824932bc,0,train,images/Ds (41).jpg,66.02,59.98,5.56,Sehat,Healthy,NO,original image class-code prefix 'Ds',NO,OBS0340,0.0,0.0,0.0,original measurement
OBS0340,SRC0227,f2205bc97bde583793deb18a387a8986a73803b18afe1973d2649196824932bc,1,train,images/Ds (41).jpg,64.5369,60.8372,5.4476,Sehat,Healthy,NO,original image class-code prefix 'Ds',YES,OBS0340,-1.483053,0.857234,-0.112369,Gaussian perturbation; clipped to training-observed min/max
OBS0340,SRC0227,f2205bc97bde583793deb18a387a8986a73803b18afe1973d2649196824932bc,2,train,images/Ds (41).jpg,66.0408,59.2383,5.7542,Sehat,Healthy,NO,original image class-code prefix 'Ds',YES,OBS0340,0.020779,-0.741665,0.194236,Gaussian perturbation; clipped to training-observed min/max
OBS0341,SRC0227,f2205bc97bde583793deb18a387a8986a73803b18afe1973d2649196824932bc,0,train,images/Ds (42).jpg,65.63,62.14,6.59,Sehat,Healthy,NO,original image class-code prefix 'Ds',NO,OBS0341,0.0,0.0,0.0,original measurement
OBS0341,SRC0227,f2205bc97bde583793deb18a387a8986a73803b18afe1973d2649196824932bc,1,train,images/Ds (42).jpg,63.4737,62.372,6.5633,Sehat,Healthy,NO,original image class-code prefix 'Ds',YES,OBS0341,-2.156314,0.231961,-0.0267,Gaussian perturbation; clipped to training-observed min/max
OBS0341,SRC0227,f2205bc97bde583793deb18a387a8986a73803b18afe1973d2649196824932bc,2,train,images/Ds (42).jpg,64.7046,62.5183,6.6024,Sehat,Healthy,NO,original image class-code prefix 'Ds',YES,OBS0341,-0.925356,0.378256,0.012447,Gaussian perturbation; clipped to training-observed min/max
OBS0342,SRC0227,f2205bc97bde583793deb18a387a8986a73803b18afe1973d2649196824932bc,0,train,images/Ds (43).jpg,75.29,76.49,6.46,Bercak daun,Healthy,YES,original image class-code prefix 'Ds',NO,OBS0342,0.0,0.0,0.0,original measurement
OBS0342,SRC0227,f2205bc97bde583793deb18a387a8986a73803b18afe1973d2649196824932bc,1,train,images/Ds (43).jpg,74.0073,77.0015,6.4911,Bercak daun,Healthy,YES,original image class-code prefix 'Ds',YES,OBS0342,-1.282686,0.511533,0.031133,Gaussian perturbation; clipped to training-observed min/max
OBS0342,SRC0227,f2205bc97bde583793deb18a387a8986a73803b18afe1973d2649196824932bc,2,train,images/Ds (43).jpg,76.8614,75.758,6.5776,Bercak daun,Healthy,YES,original image class-code prefix 'Ds',YES,OBS0342,1.571364,-0.731965,0.117636,Gaussian perturbation; clipped to training-observed min/max
OBS0343,SRC0227,f2205bc97bde583793deb18a387a8986a73803b18afe1973d2649196824932bc,0,train,images/Ds (44).jpg,74.21,72.42,6.87,Sehat,Healthy,NO,original image class-code prefix 'Ds',NO,OBS0343,0.0,0.0,0.0,original measurement
OBS0343,SRC0227,f2205bc97bde583793deb18a387a8986a73803b18afe1973d2649196824932bc,1,train,images/Ds (44).jpg,73.9738,70.0488,6.9118,Sehat,Healthy,NO,original image class-code prefix 'Ds',YES,OBS0343,-0.236181,-2.371215,0.041848,Gaussian perturbation; clipped to training-observed min/max
OBS0343,SRC0227,f2205bc97bde583793deb18a387a8986a73803b18afe1973d2649196824932bc,2,train,images/Ds (44).jpg,74.1121,71.3612,6.9447,Sehat,Healthy,NO,original image class-code prefix 'Ds',YES,OBS0343,-0.097908,-1.058821,0.074659,Gaussian perturbation; clipped to training-observed min/max
OBS0344,SRC0227,f2205bc97bde583793deb18a387a8986a73803b18afe1973d2649196824932bc,0,train,images/Ds (45).jpg,68.99,48.16,5.81,Sehat,Healthy,NO,original image class-code prefix 'Ds',NO,OBS0344,0.0,0.0,0.0,original measurement
OBS0344,SRC0227,f2205bc97bde583793deb18a387a8986a73803b18afe1973d2649196824932bc,1,train,images/Ds (45).jpg,68.424,49.3803,5.8034,Sehat,Healthy,NO,original image class-code prefix 'Ds',YES,OBS0344,-0.565954,1.220263,-0.006616,Gaussian perturbation; clipped to training-observed min/max
OBS0344,SRC0227,f2205bc97bde583793deb18a387a8986a73803b18afe1973d2649196824932bc,2,train,images/Ds (45).jpg,69.8904,48.9754,5.8479,Sehat,Healthy,NO,original image class-code prefix 'Ds',YES,OBS0344,0.900386,0.815373,0.037853,Gaussian perturbation; clipped to training-observed min/max
OBS0345,SRC0232,f9a04b492d2ca27e009f806dd263c9ffb3702c2353587a3f6846604453eb6ba6,0,train,images/Ds (46).jpg,63.24,52.78,4.78,Sehat,Healthy,NO,original image class-code prefix 'Ds',NO,OBS0345,0.0,0.0,0.0,original measurement
OBS0345,SRC0232,f9a04b492d2ca27e009f806dd263c9ffb3702c2353587a3f6846604453eb6ba6,1,train,images/Ds (46).jpg,62.0015,53.8837,4.7817,Sehat,Healthy,NO,original image class-code prefix 'Ds',YES,OBS0345,-1.238452,1.103656,0.001741,Gaussian perturbation; clipped to training-observed min/max
OBS0345,SRC0232,f9a04b492d2ca27e009f806dd263c9ffb3702c2353587a3f6846604453eb6ba6,2,train,images/Ds (46).jpg,65.6427,53.3544,4.8401,Sehat,Healthy,NO,original image class-code prefix 'Ds',YES,OBS0345,2.402713,0.574404,0.06009,Gaussian perturbation; clipped to training-observed min/max
OBS0346,SRC0232,f9a04b492d2ca27e009f806dd263c9ffb3702c2353587a3f6846604453eb6ba6,0,train,images/Ds (47).jpg,72.47,67.52,6.54,Sehat,Healthy,NO,original image class-code prefix 'Ds',NO,OBS0346,0.0,0.0,0.0,original measurement
OBS0346,SRC0232,f9a04b492d2ca27e009f806dd263c9ffb3702c2353587a3f6846604453eb6ba6,1,train,images/Ds (47).jpg,71.5521,67.0326,6.5477,Sehat,Healthy,NO,original image class-code prefix 'Ds',YES,OBS0346,-0.917872,-0.48737,0.007737,Gaussian perturbation; clipped to training-observed min/max
OBS0346,SRC0232,f9a04b492d2ca27e009f806dd263c9ffb3702c2353587a3f6846604453eb6ba6,2,train,images/Ds (47).jpg,71.0654,66.1157,6.5313,Sehat,Healthy,NO,original image class-code prefix 'Ds',YES,OBS0346,-1.404571,-1.404333,-0.008687,Gaussian perturbation; clipped to training-observed min/max
OBS0347,SRC0232,f9a04b492d2ca27e009f806dd263c9ffb3702c2353587a3f6846604453eb6ba6,0,train,images/Ds (48).jpg,55.24,54.76,7.18,Sehat,Healthy,NO,original image class-code prefix 'Ds',NO,OBS0347,0.0,0.0,0.0,original measurement
OBS0347,SRC0232,f9a04b492d2ca27e009f806dd263c9ffb3702c2353587a3f6846604453eb6ba6,1,train,images/Ds (48).jpg,55.1466,55.0025,7.2694,Sehat,Healthy,NO,original image class-code prefix 'Ds',YES,OBS0347,-0.093445,0.24249,0.089368,Gaussian perturbation; clipped to training-observed min/max
OBS0347,SRC0232,f9a04b492d2ca27e009f806dd263c9ffb3702c2353587a3f6846604453eb6ba6,2,train,images/Ds (48).jpg,54.7596,55.5771,7.1684,Sehat,Healthy,NO,original image class-code prefix 'Ds',YES,OBS0347,-0.480405,0.817051,-0.011571,Gaussian perturbation; clipped to training-observed min/max
OBS0348,SRC0232,f9a04b492d2ca27e009f806dd263c9ffb3702c2353587a3f6846604453eb6ba6,0,train,images/Ds (49).jpg,62.76,59.73,6.97,Sehat,Healthy,NO,original image class-code prefix 'Ds',NO,OBS0348,0.0,0.0,0.0,original measurement
OBS0348,SRC0232,f9a04b492d2ca27e009f806dd263c9ffb3702c2353587a3f6846604453eb6ba6,1,train,images/Ds (49).jpg,62.5272,60.0385,6.8046,Sehat,Healthy,NO,original image class-code prefix 'Ds',YES,OBS0348,-0.232814,0.308482,-0.165418,Gaussian perturbation; clipped to training-observed min/max
OBS0348,SRC0232,f9a04b492d2ca27e009f806dd263c9ffb3702c2353587a3f6846604453eb6ba6,2,train,images/Ds (49).jpg,62.8396,58.9641,6.8956,Sehat,Healthy,NO,original image class-code prefix 'Ds',YES,OBS0348,0.079628,-0.765909,-0.074387,Gaussian perturbation; clipped to training-observed min/max
OBS0349,SRC0161,aec3e6f91772a0864d19c88daff0b5bcd52ea31fd5cd780026c9541971e4fd97,0,train,images/Ds (5).jpg,68.19,67.74,6.31,Sehat,Healthy,NO,original image class-code prefix 'Ds',NO,OBS0349,0.0,0.0,0.0,original measurement
OBS0349,SRC0161,aec3e6f91772a0864d19c88daff0b5bcd52ea31fd5cd780026c9541971e4fd97,1,train,images/Ds (5).jpg,65.9256,67.2085,6.1598,Sehat,Healthy,NO,original image class-code prefix 'Ds',YES,OBS0349,-2.26439,-0.531469,-0.150195,Gaussian perturbation; clipped to training-observed min/max
OBS0349,SRC0161,aec3e6f91772a0864d19c88daff0b5bcd52ea31fd5cd780026c9541971e4fd97,2,train,images/Ds (5).jpg,69.2341,67.4528,6.1754,Sehat,Healthy,NO,original image class-code prefix 'Ds',YES,OBS0349,1.044148,-0.287169,-0.134566,Gaussian perturbation; clipped to training-observed min/max
OBS0350,SRC0232,f9a04b492d2ca27e009f806dd263c9ffb3702c2353587a3f6846604453eb6ba6,0,train,images/Ds (50).jpg,62.85,60.41,5.89,Sehat,Healthy,NO,original image class-code prefix 'Ds',NO,OBS0350,0.0,0.0,0.0,original measurement
OBS0350,SRC0232,f9a04b492d2ca27e009f806dd263c9ffb3702c2353587a3f6846604453eb6ba6,1,train,images/Ds (50).jpg,62.0418,61.3159,5.8424,Sehat,Healthy,NO,original image class-code prefix 'Ds',YES,OBS0350,-0.80823,0.905945,-0.047591,Gaussian perturbation; clipped to training-observed min/max
OBS0350,SRC0232,f9a04b492d2ca27e009f806dd263c9ffb3702c2353587a3f6846604453eb6ba6,2,train,images/Ds (50).jpg,62.5125,59.967,5.8797,Sehat,Healthy,NO,original image class-code prefix 'Ds',YES,OBS0350,-0.337461,-0.44302,-0.010262,Gaussian perturbation; clipped to training-observed min/max
OBS0351,SRC0232,f9a04b492d2ca27e009f806dd263c9ffb3702c2353587a3f6846604453eb6ba6,0,train,images/Ds (51).jpg,74.77,63.97,6.93,Sehat,Healthy,NO,original image class-code prefix 'Ds',NO,OBS0351,0.0,0.0,0.0,original measurement
OBS0351,SRC0232,f9a04b492d2ca27e009f806dd263c9ffb3702c2353587a3f6846604453eb6ba6,1,train,images/Ds (51).jpg,72.7303,63.9154,6.8854,Sehat,Healthy,NO,original image class-code prefix 'Ds',YES,OBS0351,-2.03972,-0.054552,-0.044647,Gaussian perturbation; clipped to training-observed min/max
OBS0351,SRC0232,f9a04b492d2ca27e009f806dd263c9ffb3702c2353587a3f6846604453eb6ba6,2,train,images/Ds (51).jpg,78.3145,63.7144,6.8936,Sehat,Healthy,NO,original image class-code prefix 'Ds',YES,OBS0351,3.544535,-0.25561,-0.03645,Gaussian perturbation; clipped to training-observed min/max
OBS0358,SRC0065,4c19f89d77d3bc7c8f8310ee3ca6c3269297f312ecd44c52ac945511b5b61280,0,train,images/Ds (58).jpg,64.46,62.01,5.88,Sehat,Healthy,NO,original image class-code prefix 'Ds',NO,OBS0358,0.0,0.0,0.0,original measurement
OBS0358,SRC0065,4c19f89d77d3bc7c8f8310ee3ca6c3269297f312ecd44c52ac945511b5b61280,1,train,images/Ds (58).jpg,65.6462,61.8228,5.9003,Sehat,Healthy,NO,original image class-code prefix 'Ds',YES,OBS0358,1.186172,-0.187239,0.020267,Gaussian perturbation; clipped to training-observed min/max
OBS0358,SRC0065,4c19f89d77d3bc7c8f8310ee3ca6c3269297f312ecd44c52ac945511b5b61280,2,train,images/Ds (58).jpg,63.4111,63.8763,5.8298,Sehat,Healthy,NO,original image class-code prefix 'Ds',YES,OBS0358,-1.048939,1.866274,-0.050214,Gaussian perturbation; clipped to training-observed min/max
OBS0359,SRC0065,4c19f89d77d3bc7c8f8310ee3ca6c3269297f312ecd44c52ac945511b5b61280,0,train,images/Ds (59).jpg,75.98,63.74,6.28,Sehat,Healthy,NO,original image class-code prefix 'Ds',NO,OBS0359,0.0,0.0,0.0,original measurement
OBS0359,SRC0065,4c19f89d77d3bc7c8f8310ee3ca6c3269297f312ecd44c52ac945511b5b61280,1,train,images/Ds (59).jpg,76.4304,65.0988,6.2556,Sehat,Healthy,NO,original image class-code prefix 'Ds',YES,OBS0359,0.45042,1.358829,-0.02436,Gaussian perturbation; clipped to training-observed min/max
OBS0359,SRC0065,4c19f89d77d3bc7c8f8310ee3ca6c3269297f312ecd44c52ac945511b5b61280,2,train,images/Ds (59).jpg,75.9798,64.4438,6.3346,Sehat,Healthy,NO,original image class-code prefix 'Ds',YES,OBS0359,-0.000179,0.703816,0.054615,Gaussian perturbation; clipped to training-observed min/max
OBS0360,SRC0161,aec3e6f91772a0864d19c88daff0b5bcd52ea31fd5cd780026c9541971e4fd97,0,train,images/Ds (6).jpg,65.42,69.05,5.77,Sehat,Healthy,NO,original image class-code prefix 'Ds',NO,OBS0360,0.0,0.0,0.0,original measurement
OBS0360,SRC0161,aec3e6f91772a0864d19c88daff0b5bcd52ea31fd5cd780026c9541971e4fd97,1,train,images/Ds (6).jpg,64.1119,69.2678,5.6944,Sehat,Healthy,NO,original image class-code prefix 'Ds',YES,OBS0360,-1.308118,0.21778,-0.07563,Gaussian perturbation; clipped to training-observed min/max
OBS0360,SRC0161,aec3e6f91772a0864d19c88daff0b5bcd52ea31fd5cd780026c9541971e4fd97,2,train,images/Ds (6).jpg,64.5256,68.2719,5.8673,Sehat,Healthy,NO,original image class-code prefix 'Ds',YES,OBS0360,-0.894444,-0.778069,0.097278,Gaussian perturbation; clipped to training-observed min/max
OBS0361,SRC0065,4c19f89d77d3bc7c8f8310ee3ca6c3269297f312ecd44c52ac945511b5b61280,0,train,images/Ds (60).jpg,75.24,59.7,6.0,Bercak daun,Healthy,YES,original image class-code prefix 'Ds',NO,OBS0361,0.0,0.0,0.0,original measurement
OBS0361,SRC0065,4c19f89d77d3bc7c8f8310ee3ca6c3269297f312ecd44c52ac945511b5b61280,1,train,images/Ds (60).jpg,77.1559,62.8265,5.9955,Bercak daun,Healthy,YES,original image class-code prefix 'Ds',YES,OBS0361,1.915893,3.126543,-0.004524,Gaussian perturbation; clipped to training-observed min/max
OBS0361,SRC0065,4c19f89d77d3bc7c8f8310ee3ca6c3269297f312ecd44c52ac945511b5b61280,2,train,images/Ds (60).jpg,74.2303,58.5366,6.1286,Bercak daun,Healthy,YES,original image class-code prefix 'Ds',YES,OBS0361,-1.009688,-1.163378,0.128598,Gaussian perturbation; clipped to training-observed min/max
OBS0362,SRC0065,4c19f89d77d3bc7c8f8310ee3ca6c3269297f312ecd44c52ac945511b5b61280,0,train,images/Ds (61).jpg,82.75,64.66,6.15,Sehat,Healthy,NO,original image class-code prefix 'Ds',NO,OBS0362,0.0,0.0,0.0,original measurement
OBS0362,SRC0065,4c19f89d77d3bc7c8f8310ee3ca6c3269297f312ecd44c52ac945511b5b61280,1,train,images/Ds (61).jpg,80.9039,64.2796,6.1047,Sehat,Healthy,NO,original image class-code prefix 'Ds',YES,OBS0362,-1.846054,-0.380362,-0.045285,Gaussian perturbation; clipped to training-observed min/max
OBS0362,SRC0065,4c19f89d77d3bc7c8f8310ee3ca6c3269297f312ecd44c52ac945511b5b61280,2,train,images/Ds (61).jpg,84.85,63.444,6.2381,Sehat,Healthy,NO,original image class-code prefix 'Ds',YES,OBS0362,2.099994,-1.216013,0.088133,Gaussian perturbation; clipped to training-observed min/max
OBS0363,SRC0065,4c19f89d77d3bc7c8f8310ee3ca6c3269297f312ecd44c52ac945511b5b61280,0,train,images/Ds (62).jpg,69.42,60.46,6.36,Sehat,Healthy,NO,original image class-code prefix 'Ds',NO,OBS0363,0.0,0.0,0.0,original measurement
OBS0363,SRC0065,4c19f89d77d3bc7c8f8310ee3ca6c3269297f312ecd44c52ac945511b5b61280,1,train,images/Ds (62).jpg,70.996,60.2599,6.3972,Sehat,Healthy,NO,original image class-code prefix 'Ds',YES,OBS0363,1.576024,-0.200124,0.03724,Gaussian perturbation; clipped to training-observed min/max
OBS0363,SRC0065,4c19f89d77d3bc7c8f8310ee3ca6c3269297f312ecd44c52ac945511b5b61280,2,train,images/Ds (62).jpg,67.5735,60.3542,6.3428,Sehat,Healthy,NO,original image class-code prefix 'Ds',YES,OBS0363,-1.846457,-0.105849,-0.017202,Gaussian perturbation; clipped to training-observed min/max
OBS0364,SRC0065,4c19f89d77d3bc7c8f8310ee3ca6c3269297f312ecd44c52ac945511b5b61280,0,train,images/Ds (63).jpg,68.93,70.96,6.49,Sehat,Healthy,NO,original image class-code prefix 'Ds',NO,OBS0364,0.0,0.0,0.0,original measurement
OBS0364,SRC0065,4c19f89d77d3bc7c8f8310ee3ca6c3269297f312ecd44c52ac945511b5b61280,1,train,images/Ds (63).jpg,65.8345,71.4585,6.5184,Sehat,Healthy,NO,original image class-code prefix 'Ds',YES,OBS0364,-3.095499,0.498452,0.028413,Gaussian perturbation; clipped to training-observed min/max
OBS0364,SRC0065,4c19f89d77d3bc7c8f8310ee3ca6c3269297f312ecd44c52ac945511b5b61280,2,train,images/Ds (63).jpg,66.8979,69.2653,6.4301,Sehat,Healthy,NO,original image class-code prefix 'Ds',YES,OBS0364,-2.032051,-1.694731,-0.059943,Gaussian perturbation; clipped to training-observed min/max
OBS0365,SRC0168,b3f45c2da0b9dab77795465c3fc84ffd5c1b9f4e561e968d896cef81a3bb1880,0,train,images/Ds (64).jpg,74.57,63.45,5.85,Sehat,Healthy,NO,original image class-code prefix 'Ds',NO,OBS0365,0.0,0.0,0.0,original measurement
OBS0365,SRC0168,b3f45c2da0b9dab77795465c3fc84ffd5c1b9f4e561e968d896cef81a3bb1880,1,train,images/Ds (64).jpg,73.935,63.0824,5.7734,Sehat,Healthy,NO,original image class-code prefix 'Ds',YES,OBS0365,-0.635018,-0.367639,-0.07665,Gaussian perturbation; clipped to training-observed min/max
OBS0365,SRC0168,b3f45c2da0b9dab77795465c3fc84ffd5c1b9f4e561e968d896cef81a3bb1880,2,train,images/Ds (64).jpg,73.3606,63.8178,5.812,Sehat,Healthy,NO,original image class-code prefix 'Ds',YES,OBS0365,-1.209429,0.367816,-0.03802,Gaussian perturbation; clipped to training-observed min/max
OBS0366,SRC0168,b3f45c2da0b9dab77795465c3fc84ffd5c1b9f4e561e968d896cef81a3bb1880,0,train,images/Ds (65).jpg,63.16,60.46,6.69,Sehat,Healthy,NO,original image class-code prefix 'Ds',NO,OBS0366,0.0,0.0,0.0,original measurement
OBS0366,SRC0168,b3f45c2da0b9dab77795465c3fc84ffd5c1b9f4e561e968d896cef81a3bb1880,1,train,images/Ds (65).jpg,63.0318,60.1844,6.7266,Sehat,Healthy,NO,original image class-code prefix 'Ds',YES,OBS0366,-0.128161,-0.275616,0.036576,Gaussian perturbation; clipped to training-observed min/max
OBS0366,SRC0168,b3f45c2da0b9dab77795465c3fc84ffd5c1b9f4e561e968d896cef81a3bb1880,2,train,images/Ds (65).jpg,62.9749,61.4938,6.6982,Sehat,Healthy,NO,original image class-code prefix 'Ds',YES,OBS0366,-0.18513,1.033847,0.00824,Gaussian perturbation; clipped to training-observed min/max
OBS0367,SRC0168,b3f45c2da0b9dab77795465c3fc84ffd5c1b9f4e561e968d896cef81a3bb1880,0,train,images/Ds (66).jpg,73.26,56.94,6.13,Sehat,Healthy,NO,original image class-code prefix 'Ds',NO,OBS0367,0.0,0.0,0.0,original measurement
OBS0367,SRC0168,b3f45c2da0b9dab77795465c3fc84ffd5c1b9f4e561e968d896cef81a3bb1880,1,train,images/Ds (66).jpg,74.3268,58.4365,6.0132,Sehat,Healthy,NO,original image class-code prefix 'Ds',YES,OBS0367,1.066841,1.496499,-0.116838,Gaussian perturbation; clipped to training-observed min/max
OBS0367,SRC0168,b3f45c2da0b9dab77795465c3fc84ffd5c1b9f4e561e968d896cef81a3bb1880,2,train,images/Ds (66).jpg,74.3664,59.0794,6.0522,Sehat,Healthy,NO,original image class-code prefix 'Ds',YES,OBS0367,1.106394,2.139387,-0.077802,Gaussian perturbation; clipped to training-observed min/max
OBS0368,SRC0168,b3f45c2da0b9dab77795465c3fc84ffd5c1b9f4e561e968d896cef81a3bb1880,0,train,images/Ds (67).jpg,73.77,62.53,6.56,Sehat,Healthy,NO,original image class-code prefix 'Ds',NO,OBS0368,0.0,0.0,0.0,original measurement
OBS0368,SRC0168,b3f45c2da0b9dab77795465c3fc84ffd5c1b9f4e561e968d896cef81a3bb1880,1,train,images/Ds (67).jpg,73.7318,62.1014,6.5953,Sehat,Healthy,NO,original image class-code prefix 'Ds',YES,OBS0368,-0.038245,-0.428645,0.035267,Gaussian perturbation; clipped to training-observed min/max
OBS0368,SRC0168,b3f45c2da0b9dab77795465c3fc84ffd5c1b9f4e561e968d896cef81a3bb1880,2,train,images/Ds (67).jpg,74.394,61.7268,6.665,Sehat,Healthy,NO,original image class-code prefix 'Ds',YES,OBS0368,0.62399,-0.803155,0.105005,Gaussian perturbation; clipped to training-observed min/max
OBS0369,SRC0168,b3f45c2da0b9dab77795465c3fc84ffd5c1b9f4e561e968d896cef81a3bb1880,0,train,images/Ds (68).jpg,74.58,50.62,6.15,Sehat,Healthy,NO,original image class-code prefix 'Ds',NO,OBS0369,0.0,0.0,0.0,original measurement
OBS0369,SRC0168,b3f45c2da0b9dab77795465c3fc84ffd5c1b9f4e561e968d896cef81a3bb1880,1,train,images/Ds (68).jpg,73.552,50.454,6.2319,Sehat,Healthy,NO,original image class-code prefix 'Ds',YES,OBS0369,-1.028017,-0.165983,0.081887,Gaussian perturbation; clipped to training-observed min/max
OBS0369,SRC0168,b3f45c2da0b9dab77795465c3fc84ffd5c1b9f4e561e968d896cef81a3bb1880,2,train,images/Ds (68).jpg,76.9241,50.0048,6.2126,Sehat,Healthy,NO,original image class-code prefix 'Ds',YES,OBS0369,2.344125,-0.615186,0.062584,Gaussian perturbation; clipped to training-observed min/max
OBS0370,SRC0168,b3f45c2da0b9dab77795465c3fc84ffd5c1b9f4e561e968d896cef81a3bb1880,0,train,images/Ds (69).jpg,66.56,76.33,6.25,Sehat,Healthy,NO,original image class-code prefix 'Ds',NO,OBS0370,0.0,0.0,0.0,original measurement
OBS0370,SRC0168,b3f45c2da0b9dab77795465c3fc84ffd5c1b9f4e561e968d896cef81a3bb1880,1,train,images/Ds (69).jpg,66.8241,74.4311,6.1736,Sehat,Healthy,NO,original image class-code prefix 'Ds',YES,OBS0370,0.26405,-1.898932,-0.076415,Gaussian perturbation; clipped to training-observed min/max
OBS0370,SRC0168,b3f45c2da0b9dab77795465c3fc84ffd5c1b9f4e561e968d896cef81a3bb1880,2,train,images/Ds (69).jpg,65.1143,75.726,6.2167,Sehat,Healthy,NO,original image class-code prefix 'Ds',YES,OBS0370,-1.445725,-0.60398,-0.033343,Gaussian perturbation; clipped to training-observed min/max
OBS0371,SRC0031,1eb51a41dca21bd0f8a1c0814f5b30c766b4f2a5269aa8239a30d3ccd372b3c3,0,train,images/Ds (7).jpg,72.32,52.15,6.58,Sehat,Healthy,NO,original image class-code prefix 'Ds',NO,OBS0371,0.0,0.0,0.0,original measurement
OBS0371,SRC0031,1eb51a41dca21bd0f8a1c0814f5b30c766b4f2a5269aa8239a30d3ccd372b3c3,1,train,images/Ds (7).jpg,72.3535,53.6832,6.6138,Sehat,Healthy,NO,original image class-code prefix 'Ds',YES,OBS0371,0.033539,1.533233,0.033798,Gaussian perturbation; clipped to training-observed min/max
OBS0371,SRC0031,1eb51a41dca21bd0f8a1c0814f5b30c766b4f2a5269aa8239a30d3ccd372b3c3,2,train,images/Ds (7).jpg,75.5037,51.8579,6.6431,Sehat,Healthy,NO,original image class-code prefix 'Ds',YES,OBS0371,3.183675,-0.292114,0.06314,Gaussian perturbation; clipped to training-observed min/max
OBS0372,SRC0066,4caf7f47922a510253d923729c50e1559b08d28fa0dd91461db0ddb08995c465,0,train,images/Ds (70).jpg,72.61,59.43,6.0,Sehat,Healthy,NO,original image class-code prefix 'Ds',NO,OBS0372,0.0,0.0,0.0,original measurement
OBS0372,SRC0066,4caf7f47922a510253d923729c50e1559b08d28fa0dd91461db0ddb08995c465,1,train,images/Ds (70).jpg,73.1073,61.2379,5.9697,Sehat,Healthy,NO,original image class-code prefix 'Ds',YES,OBS0372,0.497294,1.80788,-0.030297,Gaussian perturbation; clipped to training-observed min/max
OBS0372,SRC0066,4caf7f47922a510253d923729c50e1559b08d28fa0dd91461db0ddb08995c465,2,train,images/Ds (70).jpg,73.6243,61.3849,5.9423,Sehat,Healthy,NO,original image class-code prefix 'Ds',YES,OBS0372,1.014309,1.954887,-0.057665,Gaussian perturbation; clipped to training-observed min/max
OBS0373,SRC0066,4caf7f47922a510253d923729c50e1559b08d28fa0dd91461db0ddb08995c465,0,train,images/Ds (71).jpg,74.34,62.1,5.93,Sehat,Healthy,NO,original image class-code prefix 'Ds',NO,OBS0373,0.0,0.0,0.0,original measurement
OBS0373,SRC0066,4caf7f47922a510253d923729c50e1559b08d28fa0dd91461db0ddb08995c465,1,train,images/Ds (71).jpg,74.2502,62.7052,5.8952,Sehat,Healthy,NO,original image class-code prefix 'Ds',YES,OBS0373,-0.089846,0.605168,-0.034782,Gaussian perturbation; clipped to training-observed min/max
OBS0373,SRC0066,4caf7f47922a510253d923729c50e1559b08d28fa0dd91461db0ddb08995c465,2,train,images/Ds (71).jpg,73.2897,64.2993,5.9116,Sehat,Healthy,NO,original image class-code prefix 'Ds',YES,OBS0373,-1.050293,2.19928,-0.018372,Gaussian perturbation; clipped to training-observed min/max
OBS0374,SRC0066,4caf7f47922a510253d923729c50e1559b08d28fa0dd91461db0ddb08995c465,0,train,images/Ds (72).jpg,71.54,72.71,6.44,Sehat,Healthy,NO,original image class-code prefix 'Ds',NO,OBS0374,0.0,0.0,0.0,original measurement
OBS0374,SRC0066,4caf7f47922a510253d923729c50e1559b08d28fa0dd91461db0ddb08995c465,1,train,images/Ds (72).jpg,73.6209,72.0999,6.4234,Sehat,Healthy,NO,original image class-code prefix 'Ds',YES,OBS0374,2.080912,-0.61011,-0.016567,Gaussian perturbation; clipped to training-observed min/max
OBS0374,SRC0066,4caf7f47922a510253d923729c50e1559b08d28fa0dd91461db0ddb08995c465,2,train,images/Ds (72).jpg,72.4966,72.4628,6.3681,Sehat,Healthy,NO,original image class-code prefix 'Ds',YES,OBS0374,0.956567,-0.247223,-0.071909,Gaussian perturbation; clipped to training-observed min/max
OBS0375,SRC0066,4caf7f47922a510253d923729c50e1559b08d28fa0dd91461db0ddb08995c465,0,train,images/Ds (73).jpg,86.62,64.18,5.82,Sehat,Healthy,NO,original image class-code prefix 'Ds',NO,OBS0375,0.0,0.0,0.0,original measurement
OBS0375,SRC0066,4caf7f47922a510253d923729c50e1559b08d28fa0dd91461db0ddb08995c465,1,train,images/Ds (73).jpg,85.7561,64.5072,5.7667,Sehat,Healthy,NO,original image class-code prefix 'Ds',YES,OBS0375,-0.863893,0.327207,-0.053289,Gaussian perturbation; clipped to training-observed min/max
OBS0375,SRC0066,4caf7f47922a510253d923729c50e1559b08d28fa0dd91461db0ddb08995c465,2,train,images/Ds (73).jpg,86.7257,61.4713,5.7754,Sehat,Healthy,NO,original image class-code prefix 'Ds',YES,OBS0375,0.105681,-2.708743,-0.04465,Gaussian perturbation; clipped to training-observed min/max
OBS0376,SRC0066,4caf7f47922a510253d923729c50e1559b08d28fa0dd91461db0ddb08995c465,0,train,images/Ds (74).jpg,64.52,66.98,5.93,Sehat,Healthy,NO,original image class-code prefix 'Ds',NO,OBS0376,0.0,0.0,0.0,original measurement
OBS0376,SRC0066,4caf7f47922a510253d923729c50e1559b08d28fa0dd91461db0ddb08995c465,1,train,images/Ds (74).jpg,64.3036,66.3648,5.8505,Sehat,Healthy,NO,original image class-code prefix 'Ds',YES,OBS0376,-0.216374,-0.61517,-0.079487,Gaussian perturbation; clipped to training-observed min/max
OBS0376,SRC0066,4caf7f47922a510253d923729c50e1559b08d28fa0dd91461db0ddb08995c465,2,train,images/Ds (74).jpg,63.4598,67.0646,6.049,Sehat,Healthy,NO,original image class-code prefix 'Ds',YES,OBS0376,-1.060205,0.084625,0.118965,Gaussian perturbation; clipped to training-observed min/max
OBS0377,SRC0066,4caf7f47922a510253d923729c50e1559b08d28fa0dd91461db0ddb08995c465,0,train,images/Ds (75).jpg,73.4,56.22,6.25,Sehat,Healthy,NO,original image class-code prefix 'Ds',NO,OBS0377,0.0,0.0,0.0,original measurement
OBS0377,SRC0066,4caf7f47922a510253d923729c50e1559b08d28fa0dd91461db0ddb08995c465,1,train,images/Ds (75).jpg,71.7219,55.8885,6.3282,Sehat,Healthy,NO,original image class-code prefix 'Ds',YES,OBS0377,-1.678112,-0.331512,0.078164,Gaussian perturbation; clipped to training-observed min/max
OBS0377,SRC0066,4caf7f47922a510253d923729c50e1559b08d28fa0dd91461db0ddb08995c465,2,train,images/Ds (75).jpg,73.8013,56.1075,6.2139,Sehat,Healthy,NO,original image class-code prefix 'Ds',YES,OBS0377,0.401349,-0.112509,-0.036057,Gaussian perturbation; clipped to training-observed min/max
OBS0378,SRC0066,4caf7f47922a510253d923729c50e1559b08d28fa0dd91461db0ddb08995c465,0,train,images/Ds (76).jpg,70.15,60.62,6.6,Sehat,Healthy,NO,original image class-code prefix 'Ds',NO,OBS0378,0.0,0.0,0.0,original measurement
OBS0378,SRC0066,4caf7f47922a510253d923729c50e1559b08d28fa0dd91461db0ddb08995c465,1,train,images/Ds (76).jpg,70.1659,60.4987,6.4251,Sehat,Healthy,NO,original image class-code prefix 'Ds',YES,OBS0378,0.015914,-0.121277,-0.174917,Gaussian perturbation; clipped to training-observed min/max
OBS0378,SRC0066,4caf7f47922a510253d923729c50e1559b08d28fa0dd91461db0ddb08995c465,2,train,images/Ds (76).jpg,69.2911,58.2805,6.7033,Sehat,Healthy,NO,original image class-code prefix 'Ds',YES,OBS0378,-0.85894,-2.339507,0.103285,Gaussian perturbation; clipped to training-observed min/max
OBS0379,SRC0066,4caf7f47922a510253d923729c50e1559b08d28fa0dd91461db0ddb08995c465,0,train,images/Ds (77).jpg,85.06,53.33,6.65,Sehat,Healthy,NO,original image class-code prefix 'Ds',NO,OBS0379,0.0,0.0,0.0,original measurement
OBS0379,SRC0066,4caf7f47922a510253d923729c50e1559b08d28fa0dd91461db0ddb08995c465,1,train,images/Ds (77).jpg,86.0472,52.3841,6.7144,Sehat,Healthy,NO,original image class-code prefix 'Ds',YES,OBS0379,0.987178,-0.945881,0.06439,Gaussian perturbation; clipped to training-observed min/max
OBS0379,SRC0066,4caf7f47922a510253d923729c50e1559b08d28fa0dd91461db0ddb08995c465,2,train,images/Ds (77).jpg,87.9984,52.5823,6.7539,Sehat,Healthy,NO,original image class-code prefix 'Ds',YES,OBS0379,2.938377,-0.747692,0.103942,Gaussian perturbation; clipped to training-observed min/max
OBS0380,SRC0066,4caf7f47922a510253d923729c50e1559b08d28fa0dd91461db0ddb08995c465,0,train,images/Ds (78).jpg,63.7,76.75,6.49,Sehat,Healthy,NO,original image class-code prefix 'Ds',NO,OBS0380,0.0,0.0,0.0,original measurement
OBS0380,SRC0066,4caf7f47922a510253d923729c50e1559b08d28fa0dd91461db0ddb08995c465,1,train,images/Ds (78).jpg,64.135,76.466,6.4015,Sehat,Healthy,NO,original image class-code prefix 'Ds',YES,OBS0380,0.435006,-0.284039,-0.088473,Gaussian perturbation; clipped to training-observed min/max
OBS0380,SRC0066,4caf7f47922a510253d923729c50e1559b08d28fa0dd91461db0ddb08995c465,2,train,images/Ds (78).jpg,63.0329,76.2761,6.3047,Sehat,Healthy,NO,original image class-code prefix 'Ds',YES,OBS0380,-0.66711,-0.473895,-0.185262,Gaussian perturbation; clipped to training-observed min/max
OBS0381,SRC0101,6d491677544fe8aa0b6881c52caf21c93e50cde27b1eef6ffbc5538d33e71f35,0,train,images/Ds (79).png,66.79,53.76,6.82,Sehat,Healthy,NO,original image class-code prefix 'Ds',NO,OBS0381,0.0,0.0,0.0,original measurement
OBS0381,SRC0101,6d491677544fe8aa0b6881c52caf21c93e50cde27b1eef6ffbc5538d33e71f35,1,train,images/Ds (79).png,67.4266,53.3739,6.8567,Sehat,Healthy,NO,original image class-code prefix 'Ds',YES,OBS0381,0.636554,-0.386078,0.03674,Gaussian perturbation; clipped to training-observed min/max
OBS0381,SRC0101,6d491677544fe8aa0b6881c52caf21c93e50cde27b1eef6ffbc5538d33e71f35,2,train,images/Ds (79).png,66.2869,57.3579,6.6874,Sehat,Healthy,NO,original image class-code prefix 'Ds',YES,OBS0381,-0.503073,3.597927,-0.132583,Gaussian perturbation; clipped to training-observed min/max
OBS0382,SRC0031,1eb51a41dca21bd0f8a1c0814f5b30c766b4f2a5269aa8239a30d3ccd372b3c3,0,train,images/Ds (8).jpg,65.76,62.68,6.48,Sehat,Healthy,NO,original image class-code prefix 'Ds',NO,OBS0382,0.0,0.0,0.0,original measurement
OBS0382,SRC0031,1eb51a41dca21bd0f8a1c0814f5b30c766b4f2a5269aa8239a30d3ccd372b3c3,1,train,images/Ds (8).jpg,64.6403,63.5262,6.6687,Sehat,Healthy,NO,original image class-code prefix 'Ds',YES,OBS0382,-1.119671,0.846247,0.188677,Gaussian perturbation; clipped to training-observed min/max
OBS0382,SRC0031,1eb51a41dca21bd0f8a1c0814f5b30c766b4f2a5269aa8239a30d3ccd372b3c3,2,train,images/Ds (8).jpg,64.5691,64.8751,6.4066,Sehat,Healthy,NO,original image class-code prefix 'Ds',YES,OBS0382,-1.190902,2.195058,-0.073362,Gaussian perturbation; clipped to training-observed min/max
OBS0383,SRC0101,6d491677544fe8aa0b6881c52caf21c93e50cde27b1eef6ffbc5538d33e71f35,0,train,images/Ds (80).png,58.16,68.7,6.71,Sehat,Healthy,NO,original image class-code prefix 'Ds',NO,OBS0383,0.0,0.0,0.0,original measurement
OBS0383,SRC0101,6d491677544fe8aa0b6881c52caf21c93e50cde27b1eef6ffbc5538d33e71f35,1,train,images/Ds (80).png,59.712,68.7905,6.8884,Sehat,Healthy,NO,original image class-code prefix 'Ds',YES,OBS0383,1.552041,0.090473,0.1784,Gaussian perturbation; clipped to training-observed min/max
OBS0383,SRC0101,6d491677544fe8aa0b6881c52caf21c93e50cde27b1eef6ffbc5538d33e71f35,2,train,images/Ds (80).png,60.2984,67.9227,6.9449,Sehat,Healthy,NO,original image class-code prefix 'Ds',YES,OBS0383,2.138382,-0.777267,0.234856,Gaussian perturbation; clipped to training-observed min/max
OBS0384,SRC0101,6d491677544fe8aa0b6881c52caf21c93e50cde27b1eef6ffbc5538d33e71f35,0,train,images/Ds (81).png,69.25,67.77,6.47,Sehat,Healthy,NO,original image class-code prefix 'Ds',NO,OBS0384,0.0,0.0,0.0,original measurement
OBS0384,SRC0101,6d491677544fe8aa0b6881c52caf21c93e50cde27b1eef6ffbc5538d33e71f35,1,train,images/Ds (81).png,67.901,67.3937,6.6146,Sehat,Healthy,NO,original image class-code prefix 'Ds',YES,OBS0384,-1.348991,-0.376345,0.144632,Gaussian perturbation; clipped to training-observed min/max
OBS0384,SRC0101,6d491677544fe8aa0b6881c52caf21c93e50cde27b1eef6ffbc5538d33e71f35,2,train,images/Ds (81).png,68.3683,67.0004,6.4805,Sehat,Healthy,NO,original image class-code prefix 'Ds',YES,OBS0384,-0.88174,-0.769622,0.01045,Gaussian perturbation; clipped to training-observed min/max
OBS0385,SRC0101,6d491677544fe8aa0b6881c52caf21c93e50cde27b1eef6ffbc5538d33e71f35,0,train,images/Ds (82).png,66.04,63.6,6.53,Sehat,Healthy,NO,original image class-code prefix 'Ds',NO,OBS0385,0.0,0.0,0.0,original measurement
OBS0385,SRC0101,6d491677544fe8aa0b6881c52caf21c93e50cde27b1eef6ffbc5538d33e71f35,1,train,images/Ds (82).png,66.583,64.0646,6.4703,Sehat,Healthy,NO,original image class-code prefix 'Ds',YES,OBS0385,0.542984,0.464619,-0.059656,Gaussian perturbation; clipped to training-observed min/max
OBS0385,SRC0101,6d491677544fe8aa0b6881c52caf21c93e50cde27b1eef6ffbc5538d33e71f35,2,train,images/Ds (82).png,66.2763,64.3649,6.6503,Sehat,Healthy,NO,original image class-code prefix 'Ds',YES,OBS0385,0.236272,0.76491,0.120319,Gaussian perturbation; clipped to training-observed min/max
OBS0386,SRC0049,36ff6c14d8497dd65f65d0ad003ce66f032214e44021cd4a457ec197f007cebd,0,train,images/Ds (83).png,72.51,58.75,6.28,Sehat,Healthy,NO,original image class-code prefix 'Ds',NO,OBS0386,0.0,0.0,0.0,original measurement
OBS0386,SRC0049,36ff6c14d8497dd65f65d0ad003ce66f032214e44021cd4a457ec197f007cebd,1,train,images/Ds (83).png,72.9038,57.2464,6.2823,Sehat,Healthy,NO,original image class-code prefix 'Ds',YES,OBS0386,0.393793,-1.503575,0.002273,Gaussian perturbation; clipped to training-observed min/max
OBS0386,SRC0049,36ff6c14d8497dd65f65d0ad003ce66f032214e44021cd4a457ec197f007cebd,2,train,images/Ds (83).png,71.7653,60.3328,6.146,Sehat,Healthy,NO,original image class-code prefix 'Ds',YES,OBS0386,-0.744712,1.582837,-0.134034,Gaussian perturbation; clipped to training-observed min/max
OBS0387,SRC0101,6d491677544fe8aa0b6881c52caf21c93e50cde27b1eef6ffbc5538d33e71f35,0,train,images/Ds (84).png,74.94,58.57,5.41,Sehat,Healthy,NO,original image class-code prefix 'Ds',NO,OBS0387,0.0,0.0,0.0,original measurement
OBS0387,SRC0101,6d491677544fe8aa0b6881c52caf21c93e50cde27b1eef6ffbc5538d33e71f35,1,train,images/Ds (84).png,75.6117,57.2915,5.5118,Sehat,Healthy,NO,original image class-code prefix 'Ds',YES,OBS0387,0.67168,-1.278476,0.101765,Gaussian perturbation; clipped to training-observed min/max
OBS0387,SRC0101,6d491677544fe8aa0b6881c52caf21c93e50cde27b1eef6ffbc5538d33e71f35,2,train,images/Ds (84).png,75.8654,58.8332,5.4504,Sehat,Healthy,NO,original image class-code prefix 'Ds',YES,OBS0387,0.925395,0.263197,0.040395,Gaussian perturbation; clipped to training-observed min/max
OBS0389,SRC0101,6d491677544fe8aa0b6881c52caf21c93e50cde27b1eef6ffbc5538d33e71f35,0,train,images/Ds (86).png,71.79,72.45,7.16,Sehat,Healthy,NO,original image class-code prefix 'Ds',NO,OBS0389,0.0,0.0,0.0,original measurement
OBS0389,SRC0101,6d491677544fe8aa0b6881c52caf21c93e50cde27b1eef6ffbc5538d33e71f35,1,train,images/Ds (86).png,71.3857,73.2609,7.156,Sehat,Healthy,NO,original image class-code prefix 'Ds',YES,OBS0389,-0.404256,0.810933,-0.00397,Gaussian perturbation; clipped to training-observed min/max
OBS0389,SRC0101,6d491677544fe8aa0b6881c52caf21c93e50cde27b1eef6ffbc5538d33e71f35,2,train,images/Ds (86).png,72.6674,72.5203,6.9615,Sehat,Healthy,NO,original image class-code prefix 'Ds',YES,OBS0389,0.877445,0.070292,-0.198495,Gaussian perturbation; clipped to training-observed min/max
OBS0390,SRC0049,36ff6c14d8497dd65f65d0ad003ce66f032214e44021cd4a457ec197f007cebd,0,train,images/Ds (87).png,65.32,72.43,6.66,Karat daun,Healthy,YES,original image class-code prefix 'Ds',NO,OBS0390,0.0,0.0,0.0,original measurement
OBS0390,SRC0049,36ff6c14d8497dd65f65d0ad003ce66f032214e44021cd4a457ec197f007cebd,1,train,images/Ds (87).png,64.7036,74.251,6.7762,Karat daun,Healthy,YES,original image class-code prefix 'Ds',YES,OBS0390,-0.616389,1.820991,0.116203,Gaussian perturbation; clipped to training-observed min/max
OBS0390,SRC0049,36ff6c14d8497dd65f65d0ad003ce66f032214e44021cd4a457ec197f007cebd,2,train,images/Ds (87).png,65.4455,72.2788,6.6332,Karat daun,Healthy,YES,original image class-code prefix 'Ds',YES,OBS0390,0.125459,-0.15124,-0.02682,Gaussian perturbation; clipped to training-observed min/max
OBS0391,SRC0101,6d491677544fe8aa0b6881c52caf21c93e50cde27b1eef6ffbc5538d33e71f35,0,train,images/Ds (88).png,64.33,64.19,6.85,Sehat,Healthy,NO,original image class-code prefix 'Ds',NO,OBS0391,0.0,0.0,0.0,original measurement
OBS0391,SRC0101,6d491677544fe8aa0b6881c52caf21c93e50cde27b1eef6ffbc5538d33e71f35,1,train,images/Ds (88).png,65.0867,64.8848,6.7717,Sehat,Healthy,NO,original image class-code prefix 'Ds',YES,OBS0391,0.756673,0.694845,-0.078327,Gaussian perturbation; clipped to training-observed min/max
OBS0391,SRC0101,6d491677544fe8aa0b6881c52caf21c93e50cde27b1eef6ffbc5538d33e71f35,2,train,images/Ds (88).png,65.124,65.6695,6.7736,Sehat,Healthy,NO,original image class-code prefix 'Ds',YES,OBS0391,0.79398,1.479476,-0.076389,Gaussian perturbation; clipped to training-observed min/max
OBS0393,SRC0031,1eb51a41dca21bd0f8a1c0814f5b30c766b4f2a5269aa8239a30d3ccd372b3c3,0,train,images/Ds (9).jpg,63.22,58.5,6.52,Sehat,Healthy,NO,original image class-code prefix 'Ds',NO,OBS0393,0.0,0.0,0.0,original measurement
OBS0393,SRC0031,1eb51a41dca21bd0f8a1c0814f5b30c766b4f2a5269aa8239a30d3ccd372b3c3,1,train,images/Ds (9).jpg,62.9958,59.0563,6.5778,Sehat,Healthy,NO,original image class-code prefix 'Ds',YES,OBS0393,-0.22421,0.556278,0.05782,Gaussian perturbation; clipped to training-observed min/max
OBS0393,SRC0031,1eb51a41dca21bd0f8a1c0814f5b30c766b4f2a5269aa8239a30d3ccd372b3c3,2,train,images/Ds (9).jpg,62.7154,57.8656,6.4829,Sehat,Healthy,NO,original image class-code prefix 'Ds',YES,OBS0393,-0.504642,-0.634413,-0.037111,Gaussian perturbation; clipped to training-observed min/max
OBS0394,SRC0101,6d491677544fe8aa0b6881c52caf21c93e50cde27b1eef6ffbc5538d33e71f35,0,train,images/Ds (90).png,81.31,84.4,6.36,Sehat,Healthy,NO,original image class-code prefix 'Ds',NO,OBS0394,0.0,0.0,0.0,original measurement
OBS0394,SRC0101,6d491677544fe8aa0b6881c52caf21c93e50cde27b1eef6ffbc5538d33e71f35,1,train,images/Ds (90).png,81.7723,84.9149,6.3584,Sehat,Healthy,NO,original image class-code prefix 'Ds',YES,OBS0394,0.462279,0.514943,-0.001553,Gaussian perturbation; clipped to training-observed min/max
OBS0394,SRC0101,6d491677544fe8aa0b6881c52caf21c93e50cde27b1eef6ffbc5538d33e71f35,2,train,images/Ds (90).png,79.6729,83.092,6.4109,Sehat,Healthy,NO,original image class-code prefix 'Ds',YES,OBS0394,-1.637069,-1.307984,0.050946,Gaussian perturbation; clipped to training-observed min/max
OBS0395,SRC0101,6d491677544fe8aa0b6881c52caf21c93e50cde27b1eef6ffbc5538d33e71f35,0,train,images/Ds (91).png,78.0,62.1,5.87,Sehat,Healthy,NO,original image class-code prefix 'Ds',NO,OBS0395,0.0,0.0,0.0,original measurement
OBS0395,SRC0101,6d491677544fe8aa0b6881c52caf21c93e50cde27b1eef6ffbc5538d33e71f35,1,train,images/Ds (91).png,76.5347,62.3716,5.8411,Sehat,Healthy,NO,original image class-code prefix 'Ds',YES,OBS0395,-1.465306,0.271628,-0.028864,Gaussian perturbation; clipped to training-observed min/max
OBS0395,SRC0101,6d491677544fe8aa0b6881c52caf21c93e50cde27b1eef6ffbc5538d33e71f35,2,train,images/Ds (91).png,77.2773,62.132,6.0041,Sehat,Healthy,NO,original image class-code prefix 'Ds',YES,OBS0395,-0.722674,0.032038,0.134108,Gaussian perturbation; clipped to training-observed min/max
OBS0396,SRC0101,6d491677544fe8aa0b6881c52caf21c93e50cde27b1eef6ffbc5538d33e71f35,0,train,images/Ds (92).png,70.32,75.53,5.99,Sehat,Healthy,NO,original image class-code prefix 'Ds',NO,OBS0396,0.0,0.0,0.0,original measurement
OBS0396,SRC0101,6d491677544fe8aa0b6881c52caf21c93e50cde27b1eef6ffbc5538d33e71f35,1,train,images/Ds (92).png,70.6666,75.1752,5.8721,Sehat,Healthy,NO,original image class-code prefix 'Ds',YES,OBS0396,0.34658,-0.354799,-0.11787,Gaussian perturbation; clipped to training-observed min/max
OBS0396,SRC0101,6d491677544fe8aa0b6881c52caf21c93e50cde27b1eef6ffbc5538d33e71f35,2,train,images/Ds (92).png,70.9347,76.894,6.0386,Sehat,Healthy,NO,original image class-code prefix 'Ds',YES,OBS0396,0.614686,1.364044,0.04859,Gaussian perturbation; clipped to training-observed min/max
OBS0398,SRC0101,6d491677544fe8aa0b6881c52caf21c93e50cde27b1eef6ffbc5538d33e71f35,0,train,images/Ds (94).png,78.62,57.86,6.95,Sehat,Healthy,NO,original image class-code prefix 'Ds',NO,OBS0398,0.0,0.0,0.0,original measurement
OBS0398,SRC0101,6d491677544fe8aa0b6881c52caf21c93e50cde27b1eef6ffbc5538d33e71f35,1,train,images/Ds (94).png,80.0191,58.4319,6.8457,Sehat,Healthy,NO,original image class-code prefix 'Ds',YES,OBS0398,1.399145,0.571918,-0.104262,Gaussian perturbation; clipped to training-observed min/max
OBS0398,SRC0101,6d491677544fe8aa0b6881c52caf21c93e50cde27b1eef6ffbc5538d33e71f35,2,train,images/Ds (94).png,78.5661,58.4898,7.0077,Sehat,Healthy,NO,original image class-code prefix 'Ds',YES,OBS0398,-0.05394,0.629842,0.057681,Gaussian perturbation; clipped to training-observed min/max
OBS0400,SRC0101,6d491677544fe8aa0b6881c52caf21c93e50cde27b1eef6ffbc5538d33e71f35,0,train,images/Ds (96).png,81.74,76.08,5.97,Sehat,Healthy,NO,original image class-code prefix 'Ds',NO,OBS0400,0.0,0.0,0.0,original measurement
OBS0400,SRC0101,6d491677544fe8aa0b6881c52caf21c93e50cde27b1eef6ffbc5538d33e71f35,1,train,images/Ds (96).png,81.1483,76.004,5.9993,Sehat,Healthy,NO,original image class-code prefix 'Ds',YES,OBS0400,-0.591692,-0.076038,0.02927,Gaussian perturbation; clipped to training-observed min/max
OBS0400,SRC0101,6d491677544fe8aa0b6881c52caf21c93e50cde27b1eef6ffbc5538d33e71f35,2,train,images/Ds (96).png,83.2656,77.2863,6.0217,Sehat,Healthy,NO,original image class-code prefix 'Ds',YES,OBS0400,1.525552,1.206287,0.051705,Gaussian perturbation; clipped to training-observed min/max
OBS0401,SRC0049,36ff6c14d8497dd65f65d0ad003ce66f032214e44021cd4a457ec197f007cebd,0,train,images/Ds (97).png,61.22,55.79,6.11,Sehat,Healthy,NO,original image class-code prefix 'Ds',NO,OBS0401,0.0,0.0,0.0,original measurement
OBS0401,SRC0049,36ff6c14d8497dd65f65d0ad003ce66f032214e44021cd4a457ec197f007cebd,1,train,images/Ds (97).png,61.6955,54.5597,6.0219,Sehat,Healthy,NO,original image class-code prefix 'Ds',YES,OBS0401,0.475467,-1.230338,-0.088077,Gaussian perturbation; clipped to training-observed min/max
OBS0401,SRC0049,36ff6c14d8497dd65f65d0ad003ce66f032214e44021cd4a457ec197f007cebd,2,train,images/Ds (97).png,61.1098,57.0399,6.1416,Sehat,Healthy,NO,original image class-code prefix 'Ds',YES,OBS0401,-0.110226,1.2499,0.031628,Gaussian perturbation; clipped to training-observed min/max
OBS0402,SRC0101,6d491677544fe8aa0b6881c52caf21c93e50cde27b1eef6ffbc5538d33e71f35,0,train,images/Ds (98).png,63.34,61.57,6.76,Sehat,Healthy,NO,original image class-code prefix 'Ds',NO,OBS0402,0.0,0.0,0.0,original measurement
OBS0402,SRC0101,6d491677544fe8aa0b6881c52caf21c93e50cde27b1eef6ffbc5538d33e71f35,1,train,images/Ds (98).png,64.0133,59.7681,6.6431,Sehat,Healthy,NO,original image class-code prefix 'Ds',YES,OBS0402,0.673315,-1.801867,-0.116932,Gaussian perturbation; clipped to training-observed min/max
OBS0402,SRC0101,6d491677544fe8aa0b6881c52caf21c93e50cde27b1eef6ffbc5538d33e71f35,2,train,images/Ds (98).png,64.6839,61.5284,6.6549,Sehat,Healthy,NO,original image class-code prefix 'Ds',YES,OBS0402,1.343861,-0.041566,-0.105095,Gaussian perturbation; clipped to training-observed min/max
OBS0404,SRC0178,be2608c3880a73d03c0edc98f1399febf81052a4f1c888b7fe35466f7e374599,0,train,images/Ej (1).jpg,96.29,68.66,4.83,Jamur lain,Sooty mold,NO,original image class-code prefix 'Ej',NO,OBS0404,0.0,0.0,0.0,original measurement
OBS0404,SRC0178,be2608c3880a73d03c0edc98f1399febf81052a4f1c888b7fe35466f7e374599,1,train,images/Ej (1).jpg,97.3486,68.9696,5.0661,Jamur lain,Sooty mold,NO,original image class-code prefix 'Ej',YES,OBS0404,1.058601,0.309643,0.236117,Gaussian perturbation; clipped to training-observed min/max
OBS0404,SRC0178,be2608c3880a73d03c0edc98f1399febf81052a4f1c888b7fe35466f7e374599,2,train,images/Ej (1).jpg,97.79,69.076,4.8179,Jamur lain,Sooty mold,NO,original image class-code prefix 'Ej',YES,OBS0404,1.500001,0.416037,-0.012089,Gaussian perturbation; clipped to training-observed min/max
OBS0405,SRC0006,07ca5e6fa475b57369a1d16f40f3f9cf4db0b360195c22105adbe4ad5e1ab005,0,train,images/Ej (1).png,86.38,74.73,5.8,Jamur lain,Sooty mold,NO,original image class-code prefix 'Ej',NO,OBS0405,0.0,0.0,0.0,original measurement
OBS0405,SRC0006,07ca5e6fa475b57369a1d16f40f3f9cf4db0b360195c22105adbe4ad5e1ab005,1,train,images/Ej (1).png,86.6588,74.6068,5.6849,Jamur lain,Sooty mold,NO,original image class-code prefix 'Ej',YES,OBS0405,0.278755,-0.123183,-0.115104,Gaussian perturbation; clipped to training-observed min/max
OBS0405,SRC0006,07ca5e6fa475b57369a1d16f40f3f9cf4db0b360195c22105adbe4ad5e1ab005,2,train,images/Ej (1).png,87.493,75.0598,5.5796,Jamur lain,Sooty mold,NO,original image class-code prefix 'Ej',YES,OBS0405,1.113027,0.329829,-0.220377,Gaussian perturbation; clipped to training-observed min/max
OBS0406,SRC0211,de2082330f14c2a788cf94b1ddfa09a3207d6aec06476c0e51aecd93cda7214a,0,train,images/Ej (10).jpg,93.82,63.86,5.49,Jamur lain,Sooty mold,NO,original image class-code prefix 'Ej',NO,OBS0406,0.0,0.0,0.0,original measurement
OBS0406,SRC0211,de2082330f14c2a788cf94b1ddfa09a3207d6aec06476c0e51aecd93cda7214a,1,train,images/Ej (10).jpg,93.0574,62.8655,5.5685,Jamur lain,Sooty mold,NO,original image class-code prefix 'Ej',YES,OBS0406,-0.762628,-0.99449,0.078471,Gaussian perturbation; clipped to training-observed min/max
OBS0406,SRC0211,de2082330f14c2a788cf94b1ddfa09a3207d6aec06476c0e51aecd93cda7214a,2,train,images/Ej (10).jpg,93.7671,65.6449,5.3627,Jamur lain,Sooty mold,NO,original image class-code prefix 'Ej',YES,OBS0406,-0.052866,1.784888,-0.127322,Gaussian perturbation; clipped to training-observed min/max
OBS0407,SRC0033,2051b9f27dc9d6b31482afe02fa01eb0947a6eaa08d070b2e266169a04149c81,0,train,images/Ej (10).png,86.3,73.95,6.03,Jamur lain,Sooty mold,NO,original image class-code prefix 'Ej',NO,OBS0407,0.0,0.0,0.0,original measurement
OBS0407,SRC0033,2051b9f27dc9d6b31482afe02fa01eb0947a6eaa08d070b2e266169a04149c81,1,train,images/Ej (10).png,85.0091,75.2305,5.9776,Jamur lain,Sooty mold,NO,original image class-code prefix 'Ej',YES,OBS0407,-1.290943,1.280513,-0.052418,Gaussian perturbation; clipped to training-observed min/max
OBS0407,SRC0033,2051b9f27dc9d6b31482afe02fa01eb0947a6eaa08d070b2e266169a04149c81,2,train,images/Ej (10).png,85.0296,73.318,5.9692,Jamur lain,Sooty mold,NO,original image class-code prefix 'Ej',YES,OBS0407,-1.270359,-0.632006,-0.060786,Gaussian perturbation; clipped to training-observed min/max
OBS0409,SRC0154,a89050ff658d9e2f624bd150bad61d4b572f76cf01ca26e4fb3e3f4792519ef8,0,train,images/Ej (101).png,92.14,78.91,5.62,Jamur lain,Sooty mold,NO,original image class-code prefix 'Ej',NO,OBS0409,0.0,0.0,0.0,original measurement
OBS0409,SRC0154,a89050ff658d9e2f624bd150bad61d4b572f76cf01ca26e4fb3e3f4792519ef8,1,train,images/Ej (101).png,92.7872,80.2518,5.493,Jamur lain,Sooty mold,NO,original image class-code prefix 'Ej',YES,OBS0409,0.647193,1.341801,-0.126954,Gaussian perturbation; clipped to training-observed min/max
OBS0409,SRC0154,a89050ff658d9e2f624bd150bad61d4b572f76cf01ca26e4fb3e3f4792519ef8,2,train,images/Ej (101).png,91.7911,78.9271,5.6266,Jamur lain,Sooty mold,NO,original image class-code prefix 'Ej',YES,OBS0409,-0.348932,0.017093,0.006575,Gaussian perturbation; clipped to training-observed min/max
OBS0410,SRC0154,a89050ff658d9e2f624bd150bad61d4b572f76cf01ca26e4fb3e3f4792519ef8,0,train,images/Ej (102).png,93.53,70.73,6.48,Jamur lain,Sooty mold,NO,original image class-code prefix 'Ej',NO,OBS0410,0.0,0.0,0.0,original measurement
OBS0410,SRC0154,a89050ff658d9e2f624bd150bad61d4b572f76cf01ca26e4fb3e3f4792519ef8,1,train,images/Ej (102).png,94.5299,70.8738,6.4336,Jamur lain,Sooty mold,NO,original image class-code prefix 'Ej',YES,OBS0410,0.999907,0.143817,-0.046384,Gaussian perturbation; clipped to training-observed min/max
OBS0410,SRC0154,a89050ff658d9e2f624bd150bad61d4b572f76cf01ca26e4fb3e3f4792519ef8,2,train,images/Ej (102).png,92.1957,68.5403,6.4503,Jamur lain,Sooty mold,NO,original image class-code prefix 'Ej',YES,OBS0410,-1.334272,-2.189651,-0.029689,Gaussian perturbation; clipped to training-observed min/max
OBS0411,SRC0154,a89050ff658d9e2f624bd150bad61d4b572f76cf01ca26e4fb3e3f4792519ef8,0,train,images/Ej (103).png,98.0,75.45,5.82,Jamur lain,Sooty mold,NO,original image class-code prefix 'Ej',NO,OBS0411,0.0,0.0,0.0,original measurement
OBS0411,SRC0154,a89050ff658d9e2f624bd150bad61d4b572f76cf01ca26e4fb3e3f4792519ef8,1,train,images/Ej (103).png,98.0,76.5561,5.7898,Jamur lain,Sooty mold,NO,original image class-code prefix 'Ej',YES,OBS0411,0.017292,1.10607,-0.030222,Gaussian perturbation; clipped to training-observed min/max
OBS0411,SRC0154,a89050ff658d9e2f624bd150bad61d4b572f76cf01ca26e4fb3e3f4792519ef8,2,train,images/Ej (103).png,98.0,75.3582,5.7813,Jamur lain,Sooty mold,NO,original image class-code prefix 'Ej',YES,OBS0411,2.788445,-0.091776,-0.038668,Gaussian perturbation; clipped to training-observed min/max
OBS0412,SRC0112,78fe444d753728dfcf7d1dbe402743b21669943c552e3e771e316f6eaac28d09,0,train,images/Ej (104).png,80.94,82.94,5.93,Jamur lain,Sooty mold,NO,original image class-code prefix 'Ej',NO,OBS0412,0.0,0.0,0.0,original measurement
OBS0412,SRC0112,78fe444d753728dfcf7d1dbe402743b21669943c552e3e771e316f6eaac28d09,1,train,images/Ej (104).png,81.3967,81.7753,5.9467,Jamur lain,Sooty mold,NO,original image class-code prefix 'Ej',YES,OBS0412,0.456714,-1.164671,0.016713,Gaussian perturbation; clipped to training-observed min/max
OBS0412,SRC0112,78fe444d753728dfcf7d1dbe402743b21669943c552e3e771e316f6eaac28d09,2,train,images/Ej (104).png,78.4631,83.7513,5.9353,Jamur lain,Sooty mold,NO,original image class-code prefix 'Ej',YES,OBS0412,-2.476916,0.811313,0.005334,Gaussian perturbation; clipped to training-observed min/max
OBS0413,SRC0112,78fe444d753728dfcf7d1dbe402743b21669943c552e3e771e316f6eaac28d09,0,train,images/Ej (105).png,84.94,62.77,6.55,Jamur lain,Sooty mold,NO,original image class-code prefix 'Ej',NO,OBS0413,0.0,0.0,0.0,original measurement
OBS0413,SRC0112,78fe444d753728dfcf7d1dbe402743b21669943c552e3e771e316f6eaac28d09,1,train,images/Ej (105).png,85.1927,62.9558,6.4481,Jamur lain,Sooty mold,NO,original image class-code prefix 'Ej',YES,OBS0413,0.252685,0.185771,-0.1019,Gaussian perturbation; clipped to training-observed min/max
OBS0413,SRC0112,78fe444d753728dfcf7d1dbe402743b21669943c552e3e771e316f6eaac28d09,2,train,images/Ej (105).png,83.8617,64.6497,6.5896,Jamur lain,Sooty mold,NO,original image class-code prefix 'Ej',YES,OBS0413,-1.078346,1.87971,0.039568,Gaussian perturbation; clipped to training-observed min/max
OBS0414,SRC0112,78fe444d753728dfcf7d1dbe402743b21669943c552e3e771e316f6eaac28d09,0,train,images/Ej (106).png,97.78,82.12,5.61,Jamur lain,Sooty mold,NO,original image class-code prefix 'Ej',NO,OBS0414,0.0,0.0,0.0,original measurement
OBS0414,SRC0112,78fe444d753728dfcf7d1dbe402743b21669943c552e3e771e316f6eaac28d09,1,train,images/Ej (106).png,97.0633,82.6253,5.6426,Jamur lain,Sooty mold,NO,original image class-code prefix 'Ej',YES,OBS0414,-0.716716,0.505297,0.032617,Gaussian perturbation; clipped to training-observed min/max
OBS0414,SRC0112,78fe444d753728dfcf7d1dbe402743b21669943c552e3e771e316f6eaac28d09,2,train,images/Ej (106).png,98.0,83.4524,5.6429,Jamur lain,Sooty mold,NO,original image class-code prefix 'Ej',YES,OBS0414,2.345381,1.332421,0.032893,Gaussian perturbation; clipped to training-observed min/max
OBS0415,SRC0112,78fe444d753728dfcf7d1dbe402743b21669943c552e3e771e316f6eaac28d09,0,train,images/Ej (107).png,96.33,87.43,6.58,Jamur lain,Sooty mold,NO,original image class-code prefix 'Ej',NO,OBS0415,0.0,0.0,0.0,original measurement
OBS0415,SRC0112,78fe444d753728dfcf7d1dbe402743b21669943c552e3e771e316f6eaac28d09,1,train,images/Ej (107).png,95.791,89.5704,6.5719,Jamur lain,Sooty mold,NO,original image class-code prefix 'Ej',YES,OBS0415,-0.539022,2.140428,-0.008124,Gaussian perturbation; clipped to training-observed min/max
OBS0415,SRC0112,78fe444d753728dfcf7d1dbe402743b21669943c552e3e771e316f6eaac28d09,2,train,images/Ej (107).png,95.2854,85.9657,6.511,Jamur lain,Sooty mold,NO,original image class-code prefix 'Ej',YES,OBS0415,-1.044614,-1.464296,-0.068992,Gaussian perturbation; clipped to training-observed min/max
OBS0416,SRC0112,78fe444d753728dfcf7d1dbe402743b21669943c552e3e771e316f6eaac28d09,0,train,images/Ej (108).png,88.14,64.45,5.5,Jamur lain,Sooty mold,NO,original image class-code prefix 'Ej',NO,OBS0416,0.0,0.0,0.0,original measurement
OBS0416,SRC0112,78fe444d753728dfcf7d1dbe402743b21669943c552e3e771e316f6eaac28d09,1,train,images/Ej (108).png,87.7031,65.3685,5.5731,Jamur lain,Sooty mold,NO,original image class-code prefix 'Ej',YES,OBS0416,-0.436902,0.918482,0.073055,Gaussian perturbation; clipped to training-observed min/max
OBS0416,SRC0112,78fe444d753728dfcf7d1dbe402743b21669943c552e3e771e316f6eaac28d09,2,train,images/Ej (108).png,89.5213,64.6336,5.5665,Jamur lain,Sooty mold,NO,original image class-code prefix 'Ej',YES,OBS0416,1.381284,0.183572,0.066519,Gaussian perturbation; clipped to training-observed min/max
OBS0417,SRC0112,78fe444d753728dfcf7d1dbe402743b21669943c552e3e771e316f6eaac28d09,0,train,images/Ej (109).png,98.0,88.04,6.44,Jamur lain,Sooty mold,NO,original image class-code prefix 'Ej',NO,OBS0417,0.0,0.0,0.0,original measurement
OBS0417,SRC0112,78fe444d753728dfcf7d1dbe402743b21669943c552e3e771e316f6eaac28d09,1,train,images/Ej (109).png,98.0,89.1323,6.5682,Jamur lain,Sooty mold,NO,original image class-code prefix 'Ej',YES,OBS0417,2.711179,1.092347,0.128231,Gaussian perturbation; clipped to training-observed min/max
OBS0417,SRC0112,78fe444d753728dfcf7d1dbe402743b21669943c552e3e771e316f6eaac28d09,2,train,images/Ej (109).png,96.1872,87.1498,6.3799,Jamur lain,Sooty mold,NO,original image class-code prefix 'Ej',YES,OBS0417,-1.812766,-0.890159,-0.060089,Gaussian perturbation; clipped to training-observed min/max
OBS0418,SRC0001,008dcf2894693b2c13d575ad4ad9da91fac7cddef15954f3fc0b465b90f12b1a,0,train,images/Ej (11).jpg,92.6,74.89,5.12,Jamur lain,Sooty mold,NO,original image class-code prefix 'Ej',NO,OBS0418,0.0,0.0,0.0,original measurement
OBS0418,SRC0001,008dcf2894693b2c13d575ad4ad9da91fac7cddef15954f3fc0b465b90f12b1a,1,train,images/Ej (11).jpg,89.3876,74.9784,5.2314,Jamur lain,Sooty mold,NO,original image class-code prefix 'Ej',YES,OBS0418,-3.212441,0.088414,0.111396,Gaussian perturbation; clipped to training-observed min/max
OBS0418,SRC0001,008dcf2894693b2c13d575ad4ad9da91fac7cddef15954f3fc0b465b90f12b1a,2,train,images/Ej (11).jpg,91.9576,75.1245,5.0517,Jamur lain,Sooty mold,NO,original image class-code prefix 'Ej',YES,OBS0418,-0.64238,0.234531,-0.068324,Gaussian perturbation; clipped to training-observed min/max
OBS0419,SRC0212,df17a9195f46a70f89170aee8ded7414435f345234fc3b2f99ba28bd7e51d242,0,train,images/Ej (11).png,98.0,70.72,4.96,Jamur lain,Sooty mold,NO,original image class-code prefix 'Ej',NO,OBS0419,0.0,0.0,0.0,original measurement
OBS0419,SRC0212,df17a9195f46a70f89170aee8ded7414435f345234fc3b2f99ba28bd7e51d242,1,train,images/Ej (11).png,97.4099,71.0624,4.8643,Jamur lain,Sooty mold,NO,original image class-code prefix 'Ej',YES,OBS0419,-0.590073,0.342372,-0.095662,Gaussian perturbation; clipped to training-observed min/max
OBS0419,SRC0212,df17a9195f46a70f89170aee8ded7414435f345234fc3b2f99ba28bd7e51d242,2,train,images/Ej (11).png,98.0,68.4175,4.9858,Jamur lain,Sooty mold,NO,original image class-code prefix 'Ej',YES,OBS0419,1.40884,-2.302511,0.025779,Gaussian perturbation; clipped to training-observed min/max
OBS0426,SRC0112,78fe444d753728dfcf7d1dbe402743b21669943c552e3e771e316f6eaac28d09,0,train,images/Ej (116).png,97.74,64.23,7.03,Jamur lain,Sooty mold,NO,original image class-code prefix 'Ej',NO,OBS0426,0.0,0.0,0.0,original measurement
OBS0426,SRC0112,78fe444d753728dfcf7d1dbe402743b21669943c552e3e771e316f6eaac28d09,1,train,images/Ej (116).png,97.1502,66.017,7.0909,Jamur lain,Sooty mold,NO,original image class-code prefix 'Ej',YES,OBS0426,-0.589778,1.786974,0.060948,Gaussian perturbation; clipped to training-observed min/max
OBS0426,SRC0112,78fe444d753728dfcf7d1dbe402743b21669943c552e3e771e316f6eaac28d09,2,train,images/Ej (116).png,95.239,61.3231,6.9499,Jamur lain,Sooty mold,NO,original image class-code prefix 'Ej',YES,OBS0426,-2.500991,-2.906876,-0.080109,Gaussian perturbation; clipped to training-observed min/max
OBS0427,SRC0112,78fe444d753728dfcf7d1dbe402743b21669943c552e3e771e316f6eaac28d09,0,train,images/Ej (117).png,82.87,75.27,5.58,Jamur lain,Sooty mold,NO,original image class-code prefix 'Ej',NO,OBS0427,0.0,0.0,0.0,original measurement
OBS0427,SRC0112,78fe444d753728dfcf7d1dbe402743b21669943c552e3e771e316f6eaac28d09,1,train,images/Ej (117).png,82.2673,75.0432,5.5824,Jamur lain,Sooty mold,NO,original image class-code prefix 'Ej',YES,OBS0427,-0.602672,-0.226808,0.00242,Gaussian perturbation; clipped to training-observed min/max
OBS0427,SRC0112,78fe444d753728dfcf7d1dbe402743b21669943c552e3e771e316f6eaac28d09,2,train,images/Ej (117).png,83.6783,73.6308,5.436,Jamur lain,Sooty mold,NO,original image class-code prefix 'Ej',YES,OBS0427,0.808315,-1.639189,-0.144044,Gaussian perturbation; clipped to training-observed min/max
OBS0430,SRC0001,008dcf2894693b2c13d575ad4ad9da91fac7cddef15954f3fc0b465b90f12b1a,0,train,images/Ej (12).jpg,79.38,79.36,5.83,Jamur lain,Sooty mold,NO,original image class-code prefix 'Ej',NO,OBS0430,0.0,0.0,0.0,original measurement
OBS0430,SRC0001,008dcf2894693b2c13d575ad4ad9da91fac7cddef15954f3fc0b465b90f12b1a,1,train,images/Ej (12).jpg,79.683,78.9268,5.8217,Jamur lain,Sooty mold,NO,original image class-code prefix 'Ej',YES,OBS0430,0.302954,-0.433177,-0.00827,Gaussian perturbation; clipped to training-observed min/max
OBS0430,SRC0001,008dcf2894693b2c13d575ad4ad9da91fac7cddef15954f3fc0b465b90f12b1a,2,train,images/Ej (12).jpg,78.6098,79.1521,5.9489,Jamur lain,Sooty mold,NO,original image class-code prefix 'Ej',YES,OBS0430,-0.770196,-0.207851,0.118921,Gaussian perturbation; clipped to training-observed min/max
OBS0431,SRC0212,df17a9195f46a70f89170aee8ded7414435f345234fc3b2f99ba28bd7e51d242,0,train,images/Ej (12).png,83.49,79.42,5.71,Jamur lain,Sooty mold,NO,original image class-code prefix 'Ej',NO,OBS0431,0.0,0.0,0.0,original measurement
OBS0431,SRC0212,df17a9195f46a70f89170aee8ded7414435f345234fc3b2f99ba28bd7e51d242,1,train,images/Ej (12).png,81.5421,77.9494,5.7613,Jamur lain,Sooty mold,NO,original image class-code prefix 'Ej',YES,OBS0431,-1.947924,-1.470637,0.051328,Gaussian perturbation; clipped to training-observed min/max
OBS0431,SRC0212,df17a9195f46a70f89170aee8ded7414435f345234fc3b2f99ba28bd7e51d242,2,train,images/Ej (12).png,85.3709,79.1732,5.609,Jamur lain,Sooty mold,NO,original image class-code prefix 'Ej',YES,OBS0431,1.880889,-0.246779,-0.101017,Gaussian perturbation; clipped to training-observed min/max
OBS0432,SRC0042,2be6b4c798b1171f32167fe7102df4f315ef1e7eca548b6452ed26859ebf9e48,0,train,images/Ej (120).png,80.26,82.97,5.59,Jamur lain,Sooty mold,NO,original image class-code prefix 'Ej',NO,OBS0432,0.0,0.0,0.0,original measurement
OBS0432,SRC0042,2be6b4c798b1171f32167fe7102df4f315ef1e7eca548b6452ed26859ebf9e48,1,train,images/Ej (120).png,77.8587,83.2827,5.4901,Jamur lain,Sooty mold,NO,original image class-code prefix 'Ej',YES,OBS0432,-2.401344,0.312651,-0.099948,Gaussian perturbation; clipped to training-observed min/max
OBS0432,SRC0042,2be6b4c798b1171f32167fe7102df4f315ef1e7eca548b6452ed26859ebf9e48,2,train,images/Ej (120).png,82.8707,85.7799,5.6081,Jamur lain,Sooty mold,NO,original image class-code prefix 'Ej',YES,OBS0432,2.610695,2.809924,0.018104,Gaussian perturbation; clipped to training-observed min/max
OBS0433,SRC0042,2be6b4c798b1171f32167fe7102df4f315ef1e7eca548b6452ed26859ebf9e48,0,train,images/Ej (121).png,87.59,64.95,6.03,Jamur lain,Sooty mold,NO,original image class-code prefix 'Ej',NO,OBS0433,0.0,0.0,0.0,original measurement
OBS0433,SRC0042,2be6b4c798b1171f32167fe7102df4f315ef1e7eca548b6452ed26859ebf9e48,1,train,images/Ej (121).png,88.1726,64.8085,6.1213,Jamur lain,Sooty mold,NO,original image class-code prefix 'Ej',YES,OBS0433,0.582554,-0.141495,0.091344,Gaussian perturbation; clipped to training-observed min/max
OBS0433,SRC0042,2be6b4c798b1171f32167fe7102df4f315ef1e7eca548b6452ed26859ebf9e48,2,train,images/Ej (121).png,87.5863,65.026,6.1388,Jamur lain,Sooty mold,NO,original image class-code prefix 'Ej',YES,OBS0433,-0.003685,0.076028,0.108832,Gaussian perturbation; clipped to training-observed min/max
OBS0434,SRC0151,a4b10526d53617abcec30db2831131f41702b9f35f3911835aef944725d3d6ed,0,train,images/Ej (122).png,98.0,69.26,5.8,Jamur lain,Sooty mold,NO,original image class-code prefix 'Ej',NO,OBS0434,0.0,0.0,0.0,original measurement
OBS0434,SRC0151,a4b10526d53617abcec30db2831131f41702b9f35f3911835aef944725d3d6ed,1,train,images/Ej (122).png,98.0,71.8172,5.6691,Jamur lain,Sooty mold,NO,original image class-code prefix 'Ej',YES,OBS0434,0.751419,2.557178,-0.130946,Gaussian perturbation; clipped to training-observed min/max
OBS0434,SRC0151,a4b10526d53617abcec30db2831131f41702b9f35f3911835aef944725d3d6ed,2,train,images/Ej (122).png,97.3333,68.1753,5.8673,Jamur lain,Sooty mold,NO,original image class-code prefix 'Ej',YES,OBS0434,-0.666699,-1.084687,0.067342,Gaussian perturbation; clipped to training-observed min/max
OBS0435,SRC0151,a4b10526d53617abcec30db2831131f41702b9f35f3911835aef944725d3d6ed,0,train,images/Ej (123).png,98.0,84.3,6.4,Jamur lain,Sooty mold,NO,original image class-code prefix 'Ej',NO,OBS0435,0.0,0.0,0.0,original measurement
OBS0435,SRC0151,a4b10526d53617abcec30db2831131f41702b9f35f3911835aef944725d3d6ed,1,train,images/Ej (123).png,97.4077,85.0228,6.3065,Jamur lain,Sooty mold,NO,original image class-code prefix 'Ej',YES,OBS0435,-0.592308,0.722798,-0.093519,Gaussian perturbation; clipped to training-observed min/max
OBS0435,SRC0151,a4b10526d53617abcec30db2831131f41702b9f35f3911835aef944725d3d6ed,2,train,images/Ej (123).png,97.8868,87.0564,6.5311,Jamur lain,Sooty mold,NO,original image class-code prefix 'Ej',YES,OBS0435,-0.113209,2.756395,0.131069,Gaussian perturbation; clipped to training-observed min/max
OBS0436,SRC0151,a4b10526d53617abcec30db2831131f41702b9f35f3911835aef944725d3d6ed,0,train,images/Ej (124).png,95.45,79.06,5.91,Jamur lain,Sooty mold,NO,original image class-code prefix 'Ej',NO,OBS0436,0.0,0.0,0.0,original measurement
OBS0436,SRC0151,a4b10526d53617abcec30db2831131f41702b9f35f3911835aef944725d3d6ed,1,train,images/Ej (124).png,93.1958,79.4975,5.9761,Jamur lain,Sooty mold,NO,original image class-code prefix 'Ej',YES,OBS0436,-2.254238,0.437504,0.066108,Gaussian perturbation; clipped to training-observed min/max
OBS0436,SRC0151,a4b10526d53617abcec30db2831131f41702b9f35f3911835aef944725d3d6ed,2,train,images/Ej (124).png,94.8579,77.7371,5.963,Jamur lain,Sooty mold,NO,original image class-code prefix 'Ej',YES,OBS0436,-0.592089,-1.322856,0.052959,Gaussian perturbation; clipped to training-observed min/max
OBS0437,SRC0042,2be6b4c798b1171f32167fe7102df4f315ef1e7eca548b6452ed26859ebf9e48,0,train,images/Ej (125).png,98.0,94.23,5.46,Jamur lain,Sooty mold,NO,original image class-code prefix 'Ej',NO,OBS0437,0.0,0.0,0.0,original measurement
OBS0437,SRC0042,2be6b4c798b1171f32167fe7102df4f315ef1e7eca548b6452ed26859ebf9e48,1,train,images/Ej (125).png,98.0,94.23,5.4474,Jamur lain,Sooty mold,NO,original image class-code prefix 'Ej',YES,OBS0437,0.120991,0.663049,-0.012644,Gaussian perturbation; clipped to training-observed min/max
OBS0437,SRC0042,2be6b4c798b1171f32167fe7102df4f315ef1e7eca548b6452ed26859ebf9e48,2,train,images/Ej (125).png,98.0,93.1334,5.4203,Jamur lain,Sooty mold,NO,original image class-code prefix 'Ej',YES,OBS0437,2.797398,-1.096609,-0.03968,Gaussian perturbation; clipped to training-observed min/max
OBS0438,SRC0042,2be6b4c798b1171f32167fe7102df4f315ef1e7eca548b6452ed26859ebf9e48,0,train,images/Ej (126).png,86.19,79.04,5.7,Jamur lain,Sooty mold,NO,original image class-code prefix 'Ej',NO,OBS0438,0.0,0.0,0.0,original measurement
OBS0438,SRC0042,2be6b4c798b1171f32167fe7102df4f315ef1e7eca548b6452ed26859ebf9e48,1,train,images/Ej (126).png,86.8079,79.9181,5.5897,Jamur lain,Sooty mold,NO,original image class-code prefix 'Ej',YES,OBS0438,0.617863,0.87809,-0.110297,Gaussian perturbation; clipped to training-observed min/max
OBS0438,SRC0042,2be6b4c798b1171f32167fe7102df4f315ef1e7eca548b6452ed26859ebf9e48,2,train,images/Ej (126).png,87.7468,77.2903,5.7005,Jamur lain,Sooty mold,NO,original image class-code prefix 'Ej',YES,OBS0438,1.556775,-1.749742,0.000512,Gaussian perturbation; clipped to training-observed min/max
OBS0439,SRC0042,2be6b4c798b1171f32167fe7102df4f315ef1e7eca548b6452ed26859ebf9e48,0,train,images/Ej (127).png,80.55,78.69,4.77,Jamur lain,Sooty mold,NO,original image class-code prefix 'Ej',NO,OBS0439,0.0,0.0,0.0,original measurement
OBS0439,SRC0042,2be6b4c798b1171f32167fe7102df4f315ef1e7eca548b6452ed26859ebf9e48,1,train,images/Ej (127).png,80.1816,77.8409,4.8607,Jamur lain,Sooty mold,NO,original image class-code prefix 'Ej',YES,OBS0439,-0.368432,-0.84915,0.09066,Gaussian perturbation; clipped to training-observed min/max
OBS0439,SRC0042,2be6b4c798b1171f32167fe7102df4f315ef1e7eca548b6452ed26859ebf9e48,2,train,images/Ej (127).png,77.7335,77.8131,4.6978,Jamur lain,Sooty mold,NO,original image class-code prefix 'Ej',YES,OBS0439,-2.816463,-0.876939,-0.072221,Gaussian perturbation; clipped to training-observed min/max
OBS0440,SRC0042,2be6b4c798b1171f32167fe7102df4f315ef1e7eca548b6452ed26859ebf9e48,0,train,images/Ej (128).png,93.49,69.81,5.46,Jamur lain,Sooty mold,NO,original image class-code prefix 'Ej',NO,OBS0440,0.0,0.0,0.0,original measurement
OBS0440,SRC0042,2be6b4c798b1171f32167fe7102df4f315ef1e7eca548b6452ed26859ebf9e48,1,train,images/Ej (128).png,94.5399,71.6705,5.522,Jamur lain,Sooty mold,NO,original image class-code prefix 'Ej',YES,OBS0440,1.049877,1.860506,0.062038,Gaussian perturbation; clipped to training-observed min/max
OBS0440,SRC0042,2be6b4c798b1171f32167fe7102df4f315ef1e7eca548b6452ed26859ebf9e48,2,train,images/Ej (128).png,95.1643,67.1405,5.4731,Jamur lain,Sooty mold,NO,original image class-code prefix 'Ej',YES,OBS0440,1.674342,-2.669465,0.013088,Gaussian perturbation; clipped to training-observed min/max
OBS0441,SRC0151,a4b10526d53617abcec30db2831131f41702b9f35f3911835aef944725d3d6ed,0,train,images/Ej (129).png,92.48,73.47,7.29,Karat daun,Sooty mold,YES,original image class-code prefix 'Ej',NO,OBS0441,0.0,0.0,0.0,original measurement
OBS0441,SRC0151,a4b10526d53617abcec30db2831131f41702b9f35f3911835aef944725d3d6ed,1,train,images/Ej (129).png,90.8204,73.02,7.3096,Karat daun,Sooty mold,YES,original image class-code prefix 'Ej',YES,OBS0441,-1.65964,-0.449958,0.019574,Gaussian perturbation; clipped to training-observed min/max
OBS0441,SRC0151,a4b10526d53617abcec30db2831131f41702b9f35f3911835aef944725d3d6ed,2,train,images/Ej (129).png,92.5935,75.1209,7.1317,Karat daun,Sooty mold,YES,original image class-code prefix 'Ej',YES,OBS0441,0.11355,1.650905,-0.158291,Gaussian perturbation; clipped to training-observed min/max
OBS0442,SRC0001,008dcf2894693b2c13d575ad4ad9da91fac7cddef15954f3fc0b465b90f12b1a,0,train,images/Ej (13).jpg,89.54,79.77,6.12,Jamur lain,Sooty mold,NO,original image class-code prefix 'Ej',NO,OBS0442,0.0,0.0,0.0,original measurement
OBS0442,SRC0001,008dcf2894693b2c13d575ad4ad9da91fac7cddef15954f3fc0b465b90f12b1a,1,train,images/Ej (13).jpg,88.5371,77.9932,5.9889,Jamur lain,Sooty mold,NO,original image class-code prefix 'Ej',YES,OBS0442,-1.002884,-1.776756,-0.131103,Gaussian perturbation; clipped to training-observed min/max
OBS0442,SRC0001,008dcf2894693b2c13d575ad4ad9da91fac7cddef15954f3fc0b465b90f12b1a,2,train,images/Ej (13).jpg,90.7469,79.9889,6.2445,Jamur lain,Sooty mold,NO,original image class-code prefix 'Ej',YES,OBS0442,1.206935,0.218903,0.124529,Gaussian perturbation; clipped to training-observed min/max
OBS0443,SRC0212,df17a9195f46a70f89170aee8ded7414435f345234fc3b2f99ba28bd7e51d242,0,train,images/Ej (13).png,76.02,83.5,6.02,Jamur lain,Sooty mold,NO,original image class-code prefix 'Ej',NO,OBS0443,0.0,0.0,0.0,original measurement
OBS0443,SRC0212,df17a9195f46a70f89170aee8ded7414435f345234fc3b2f99ba28bd7e51d242,1,train,images/Ej (13).png,77.4422,83.5818,5.9424,Jamur lain,Sooty mold,NO,original image class-code prefix 'Ej',YES,OBS0443,1.422248,0.08178,-0.077569,Gaussian perturbation; clipped to training-observed min/max
OBS0443,SRC0212,df17a9195f46a70f89170aee8ded7414435f345234fc3b2f99ba28bd7e51d242,2,train,images/Ej (13).png,77.2102,82.6701,5.924,Jamur lain,Sooty mold,NO,original image class-code prefix 'Ej',YES,OBS0443,1.19015,-0.829924,-0.095954,Gaussian perturbation; clipped to training-observed min/max
OBS0447,SRC0055,3bb41c4608b8d512a2c783baee146ccf3fd0942141da623c9deaacea31a47b08,0,train,images/Ej (133).png,90.96,59.37,5.18,Jamur lain,Sooty mold,NO,original image class-code prefix 'Ej',NO,OBS0447,0.0,0.0,0.0,original measurement
OBS0447,SRC0055,3bb41c4608b8d512a2c783baee146ccf3fd0942141da623c9deaacea31a47b08,1,train,images/Ej (133).png,89.5795,59.5162,5.2812,Jamur lain,Sooty mold,NO,original image class-code prefix 'Ej',YES,OBS0447,-1.380492,0.146229,0.101242,Gaussian perturbation; clipped to training-observed min/max
OBS0447,SRC0055,3bb41c4608b8d512a2c783baee146ccf3fd0942141da623c9deaacea31a47b08,2,train,images/Ej (133).png,91.0231,60.8393,5.1873,Jamur lain,Sooty mold,NO,original image class-code prefix 'Ej',YES,OBS0447,0.063131,1.469314,0.007307,Gaussian perturbation; clipped to training-observed min/max
OBS0448,SRC0055,3bb41c4608b8d512a2c783baee146ccf3fd0942141da623c9deaacea31a47b08,0,train,images/Ej (134).png,85.59,82.98,6.58,Jamur lain,Sooty mold,NO,original image class-code prefix 'Ej',NO,OBS0448,0.0,0.0,0.0,original measurement
OBS0448,SRC0055,3bb41c4608b8d512a2c783baee146ccf3fd0942141da623c9deaacea31a47b08,1,train,images/Ej (134).png,85.0783,86.2454,6.7257,Jamur lain,Sooty mold,NO,original image class-code prefix 'Ej',YES,OBS0448,-0.511739,3.265408,0.145684,Gaussian perturbation; clipped to training-observed min/max
OBS0448,SRC0055,3bb41c4608b8d512a2c783baee146ccf3fd0942141da623c9deaacea31a47b08,2,train,images/Ej (134).png,85.8263,81.9814,6.4513,Jamur lain,Sooty mold,NO,original image class-code prefix 'Ej',YES,OBS0448,0.236288,-0.998634,-0.128722,Gaussian perturbation; clipped to training-observed min/max
OBS0449,SRC0055,3bb41c4608b8d512a2c783baee146ccf3fd0942141da623c9deaacea31a47b08,0,train,images/Ej (135).png,90.6,68.08,6.1,Jamur lain,Sooty mold,NO,original image class-code prefix 'Ej',NO,OBS0449,0.0,0.0,0.0,original measurement
OBS0449,SRC0055,3bb41c4608b8d512a2c783baee146ccf3fd0942141da623c9deaacea31a47b08,1,train,images/Ej (135).png,91.0816,67.7734,6.1374,Jamur lain,Sooty mold,NO,original image class-code prefix 'Ej',YES,OBS0449,0.481629,-0.306614,0.03736,Gaussian perturbation; clipped to training-observed min/max
OBS0449,SRC0055,3bb41c4608b8d512a2c783baee146ccf3fd0942141da623c9deaacea31a47b08,2,train,images/Ej (135).png,90.9876,68.6035,6.1914,Jamur lain,Sooty mold,NO,original image class-code prefix 'Ej',YES,OBS0449,0.387649,0.523531,0.091378,Gaussian perturbation; clipped to training-observed min/max
OBS0450,SRC0055,3bb41c4608b8d512a2c783baee146ccf3fd0942141da623c9deaacea31a47b08,0,train,images/Ej (136).png,84.09,66.89,5.85,Jamur lain,Sooty mold,NO,original image class-code prefix 'Ej',NO,OBS0450,0.0,0.0,0.0,original measurement
OBS0450,SRC0055,3bb41c4608b8d512a2c783baee146ccf3fd0942141da623c9deaacea31a47b08,1,train,images/Ej (136).png,84.4671,66.0219,5.7884,Jamur lain,Sooty mold,NO,original image class-code prefix 'Ej',YES,OBS0450,0.377064,-0.868133,-0.061644,Gaussian perturbation; clipped to training-observed min/max
OBS0450,SRC0055,3bb41c4608b8d512a2c783baee146ccf3fd0942141da623c9deaacea31a47b08,2,train,images/Ej (136).png,84.7898,65.6038,5.9075,Jamur lain,Sooty mold,NO,original image class-code prefix 'Ej',YES,OBS0450,0.699752,-1.286192,0.057467,Gaussian perturbation; clipped to training-observed min/max
OBS0451,SRC0055,3bb41c4608b8d512a2c783baee146ccf3fd0942141da623c9deaacea31a47b08,0,train,images/Ej (137).png,94.53,79.32,6.05,Jamur lain,Sooty mold,NO,original image class-code prefix 'Ej',NO,OBS0451,0.0,0.0,0.0,original measurement
OBS0451,SRC0055,3bb41c4608b8d512a2c783baee146ccf3fd0942141da623c9deaacea31a47b08,1,train,images/Ej (137).png,95.387,79.2673,5.9875,Jamur lain,Sooty mold,NO,original image class-code prefix 'Ej',YES,OBS0451,0.857032,-0.05266,-0.062514,Gaussian perturbation; clipped to training-observed min/max
OBS0451,SRC0055,3bb41c4608b8d512a2c783baee146ccf3fd0942141da623c9deaacea31a47b08,2,train,images/Ej (137).png,92.3984,77.9712,5.9199,Jamur lain,Sooty mold,NO,original image class-code prefix 'Ej',YES,OBS0451,-2.131606,-1.348758,-0.130074,Gaussian perturbation; clipped to training-observed min/max
OBS0452,SRC0055,3bb41c4608b8d512a2c783baee146ccf3fd0942141da623c9deaacea31a47b08,0,train,images/Ej (138).png,98.0,92.07,6.21,Jamur lain,Sooty mold,NO,original image class-code prefix 'Ej',NO,OBS0452,0.0,0.0,0.0,original measurement
OBS0452,SRC0055,3bb41c4608b8d512a2c783baee146ccf3fd0942141da623c9deaacea31a47b08,1,train,images/Ej (138).png,98.0,91.5393,6.1363,Jamur lain,Sooty mold,NO,original image class-code prefix 'Ej',YES,OBS0452,0.032005,-0.530745,-0.073653,Gaussian perturbation; clipped to training-observed min/max
OBS0452,SRC0055,3bb41c4608b8d512a2c783baee146ccf3fd0942141da623c9deaacea31a47b08,2,train,images/Ej (138).png,98.0,92.2252,6.2138,Jamur lain,Sooty mold,NO,original image class-code prefix 'Ej',YES,OBS0452,1.047127,0.155193,0.003807,Gaussian perturbation; clipped to training-observed min/max
OBS0453,SRC0116,7de6656396e55226466e79929876e1f9cb1d96f8f600e014e055b5ed650fd005,0,train,images/Ej (139).png,88.8,75.18,6.02,Jamur lain,Sooty mold,NO,original image class-code prefix 'Ej',NO,OBS0453,0.0,0.0,0.0,original measurement
OBS0453,SRC0116,7de6656396e55226466e79929876e1f9cb1d96f8f600e014e055b5ed650fd005,1,train,images/Ej (139).png,89.4697,76.4237,5.8918,Jamur lain,Sooty mold,NO,original image class-code prefix 'Ej',YES,OBS0453,0.66974,1.243743,-0.128226,Gaussian perturbation; clipped to training-observed min/max
OBS0453,SRC0116,7de6656396e55226466e79929876e1f9cb1d96f8f600e014e055b5ed650fd005,2,train,images/Ej (139).png,89.648,73.0093,5.9564,Jamur lain,Sooty mold,NO,original image class-code prefix 'Ej',YES,OBS0453,0.848016,-2.170724,-0.063551,Gaussian perturbation; clipped to training-observed min/max
OBS0454,SRC0001,008dcf2894693b2c13d575ad4ad9da91fac7cddef15954f3fc0b465b90f12b1a,0,train,images/Ej (14).jpg,96.02,85.57,5.94,Jamur lain,Sooty mold,NO,original image class-code prefix 'Ej',NO,OBS0454,0.0,0.0,0.0,original measurement
OBS0454,SRC0001,008dcf2894693b2c13d575ad4ad9da91fac7cddef15954f3fc0b465b90f12b1a,1,train,images/Ej (14).jpg,97.2346,86.3995,5.9932,Jamur lain,Sooty mold,NO,original image class-code prefix 'Ej',YES,OBS0454,1.214575,0.829467,0.053179,Gaussian perturbation; clipped to training-observed min/max
OBS0454,SRC0001,008dcf2894693b2c13d575ad4ad9da91fac7cddef15954f3fc0b465b90f12b1a,2,train,images/Ej (14).jpg,96.2385,87.2656,5.8167,Jamur lain,Sooty mold,NO,original image class-code prefix 'Ej',YES,OBS0454,0.218502,1.695572,-0.123264,Gaussian perturbation; clipped to training-observed min/max
OBS0455,SRC0212,df17a9195f46a70f89170aee8ded7414435f345234fc3b2f99ba28bd7e51d242,0,train,images/Ej (14).png,89.53,77.85,5.93,Jamur lain,Sooty mold,NO,original image class-code prefix 'Ej',NO,OBS0455,0.0,0.0,0.0,original measurement
OBS0455,SRC0212,df17a9195f46a70f89170aee8ded7414435f345234fc3b2f99ba28bd7e51d242,1,train,images/Ej (14).png,89.1638,77.9068,6.0928,Jamur lain,Sooty mold,NO,original image class-code prefix 'Ej',YES,OBS0455,-0.366186,0.056819,0.162823,Gaussian perturbation; clipped to training-observed min/max
OBS0455,SRC0212,df17a9195f46a70f89170aee8ded7414435f345234fc3b2f99ba28bd7e51d242,2,train,images/Ej (14).png,90.7619,79.0961,5.8691,Jamur lain,Sooty mold,NO,original image class-code prefix 'Ej',YES,OBS0455,1.23186,1.246113,-0.060908,Gaussian perturbation; clipped to training-observed min/max
OBS0456,SRC0116,7de6656396e55226466e79929876e1f9cb1d96f8f600e014e055b5ed650fd005,0,train,images/Ej (140).png,83.9,77.52,5.97,Jamur lain,Sooty mold,NO,original image class-code prefix 'Ej',NO,OBS0456,0.0,0.0,0.0,original measurement
OBS0456,SRC0116,7de6656396e55226466e79929876e1f9cb1d96f8f600e014e055b5ed650fd005,1,train,images/Ej (140).png,86.5996,78.0862,5.8895,Jamur lain,Sooty mold,NO,original image class-code prefix 'Ej',YES,OBS0456,2.699594,0.56617,-0.080474,Gaussian perturbation; clipped to training-observed min/max
OBS0456,SRC0116,7de6656396e55226466e79929876e1f9cb1d96f8f600e014e055b5ed650fd005,2,train,images/Ej (140).png,86.7144,75.8077,5.9005,Jamur lain,Sooty mold,NO,original image class-code prefix 'Ej',YES,OBS0456,2.814431,-1.71229,-0.069496,Gaussian perturbation; clipped to training-observed min/max
OBS0457,SRC0116,7de6656396e55226466e79929876e1f9cb1d96f8f600e014e055b5ed650fd005,0,train,images/Ej (141).png,88.74,79.35,6.33,Jamur lain,Sooty mold,NO,original image class-code prefix 'Ej',NO,OBS0457,0.0,0.0,0.0,original measurement
OBS0457,SRC0116,7de6656396e55226466e79929876e1f9cb1d96f8f600e014e055b5ed650fd005,1,train,images/Ej (141).png,88.4592,78.1735,6.3722,Jamur lain,Sooty mold,NO,original image class-code prefix 'Ej',YES,OBS0457,-0.280801,-1.176504,0.042177,Gaussian perturbation; clipped to training-observed min/max
OBS0457,SRC0116,7de6656396e55226466e79929876e1f9cb1d96f8f600e014e055b5ed650fd005,2,train,images/Ej (141).png,89.0721,79.4862,6.4815,Jamur lain,Sooty mold,NO,original image class-code prefix 'Ej',YES,OBS0457,0.332115,0.13621,0.151505,Gaussian perturbation; clipped to training-observed min/max
OBS0458,SRC0116,7de6656396e55226466e79929876e1f9cb1d96f8f600e014e055b5ed650fd005,0,train,images/Ej (142).png,82.72,77.65,6.59,Jamur lain,Sooty mold,NO,original image class-code prefix 'Ej',NO,OBS0458,0.0,0.0,0.0,original measurement
OBS0458,SRC0116,7de6656396e55226466e79929876e1f9cb1d96f8f600e014e055b5ed650fd005,1,train,images/Ej (142).png,80.7592,79.2897,6.524,Jamur lain,Sooty mold,NO,original image class-code prefix 'Ej',YES,OBS0458,-1.960763,1.639663,-0.065972,Gaussian perturbation; clipped to training-observed min/max
OBS0458,SRC0116,7de6656396e55226466e79929876e1f9cb1d96f8f600e014e055b5ed650fd005,2,train,images/Ej (142).png,84.4746,79.9363,6.7741,Jamur lain,Sooty mold,NO,original image class-code prefix 'Ej',YES,OBS0458,1.754597,2.286257,0.184124,Gaussian perturbation; clipped to training-observed min/max
OBS0459,SRC0116,7de6656396e55226466e79929876e1f9cb1d96f8f600e014e055b5ed650fd005,0,train,images/Ej (143).png,86.38,81.45,5.3,Jamur lain,Sooty mold,NO,original image class-code prefix 'Ej',NO,OBS0459,0.0,0.0,0.0,original measurement
OBS0459,SRC0116,7de6656396e55226466e79929876e1f9cb1d96f8f600e014e055b5ed650fd005,1,train,images/Ej (143).png,86.1514,80.0541,5.3262,Jamur lain,Sooty mold,NO,original image class-code prefix 'Ej',YES,OBS0459,-0.228617,-1.395911,0.026234,Gaussian perturbation; clipped to training-observed min/max
OBS0459,SRC0116,7de6656396e55226466e79929876e1f9cb1d96f8f600e014e055b5ed650fd005,2,train,images/Ej (143).png,86.316,79.3346,5.3588,Jamur lain,Sooty mold,NO,original image class-code prefix 'Ej',YES,OBS0459,-0.064042,-2.115419,0.058844,Gaussian perturbation; clipped to training-observed min/max
OBS0460,SRC0055,3bb41c4608b8d512a2c783baee146ccf3fd0942141da623c9deaacea31a47b08,0,train,images/Ej (144).png,84.33,76.68,5.31,Jamur lain,Sooty mold,NO,original image class-code prefix 'Ej',NO,OBS0460,0.0,0.0,0.0,original measurement
OBS0460,SRC0055,3bb41c4608b8d512a2c783baee146ccf3fd0942141da623c9deaacea31a47b08,1,train,images/Ej (144).png,83.2228,78.4104,5.3872,Jamur lain,Sooty mold,NO,original image class-code prefix 'Ej',YES,OBS0460,-1.107214,1.730411,0.077213,Gaussian perturbation; clipped to training-observed min/max
OBS0460,SRC0055,3bb41c4608b8d512a2c783baee146ccf3fd0942141da623c9deaacea31a47b08,2,train,images/Ej (144).png,83.9924,76.7234,5.2906,Jamur lain,Sooty mold,NO,original image class-code prefix 'Ej',YES,OBS0460,-0.337605,0.043397,-0.019405,Gaussian perturbation; clipped to training-observed min/max
OBS0461,SRC0055,3bb41c4608b8d512a2c783baee146ccf3fd0942141da623c9deaacea31a47b08,0,train,images/Ej (145).png,98.0,70.57,6.35,Jamur lain,Sooty mold,NO,original image class-code prefix 'Ej',NO,OBS0461,0.0,0.0,0.0,original measurement
OBS0461,SRC0055,3bb41c4608b8d512a2c783baee146ccf3fd0942141da623c9deaacea31a47b08,1,train,images/Ej (145).png,97.4511,74.288,6.2751,Jamur lain,Sooty mold,NO,original image class-code prefix 'Ej',YES,OBS0461,-0.548872,3.717973,-0.074896,Gaussian perturbation; clipped to training-observed min/max
OBS0461,SRC0055,3bb41c4608b8d512a2c783baee146ccf3fd0942141da623c9deaacea31a47b08,2,train,images/Ej (145).png,98.0,71.7598,6.3193,Jamur lain,Sooty mold,NO,original image class-code prefix 'Ej',YES,OBS0461,0.066405,1.189766,-0.030747,Gaussian perturbation; clipped to training-observed min/max
OBS0462,SRC0116,7de6656396e55226466e79929876e1f9cb1d96f8f600e014e055b5ed650fd005,0,train,images/Ej (146).png,90.3,84.02,5.78,Jamur lain,Sooty mold,NO,original image class-code prefix 'Ej',NO,OBS0462,0.0,0.0,0.0,original measurement
OBS0462,SRC0116,7de6656396e55226466e79929876e1f9cb1d96f8f600e014e055b5ed650fd005,1,train,images/Ej (146).png,89.5457,82.4251,5.8754,Jamur lain,Sooty mold,NO,original image class-code prefix 'Ej',YES,OBS0462,-0.754251,-1.594921,0.095363,Gaussian perturbation; clipped to training-observed min/max
OBS0462,SRC0116,7de6656396e55226466e79929876e1f9cb1d96f8f600e014e055b5ed650fd005,2,train,images/Ej (146).png,91.1544,84.5839,5.6593,Jamur lain,Sooty mold,NO,original image class-code prefix 'Ej',YES,OBS0462,0.854404,0.56392,-0.120704,Gaussian perturbation; clipped to training-observed min/max
OBS0463,SRC0116,7de6656396e55226466e79929876e1f9cb1d96f8f600e014e055b5ed650fd005,0,train,images/Ej (147).png,89.64,71.17,6.36,Jamur lain,Sooty mold,NO,original image class-code prefix 'Ej',NO,OBS0463,0.0,0.0,0.0,original measurement
OBS0463,SRC0116,7de6656396e55226466e79929876e1f9cb1d96f8f600e014e055b5ed650fd005,1,train,images/Ej (147).png,90.2443,71.5124,6.333,Jamur lain,Sooty mold,NO,original image class-code prefix 'Ej',YES,OBS0463,0.604299,0.342365,-0.027045,Gaussian perturbation; clipped to training-observed min/max
OBS0463,SRC0116,7de6656396e55226466e79929876e1f9cb1d96f8f600e014e055b5ed650fd005,2,train,images/Ej (147).png,87.9879,71.102,6.2903,Jamur lain,Sooty mold,NO,original image class-code prefix 'Ej',YES,OBS0463,-1.652089,-0.068019,-0.069667,Gaussian perturbation; clipped to training-observed min/max
OBS0464,SRC0053,39a1b07018fad0b62efa032da710efbf07ce3efea5418a0de84156fe6419c06c,0,train,images/Ej (148).png,93.02,68.45,5.67,Jamur lain,Sooty mold,NO,original image class-code prefix 'Ej',NO,OBS0464,0.0,0.0,0.0,original measurement
OBS0464,SRC0053,39a1b07018fad0b62efa032da710efbf07ce3efea5418a0de84156fe6419c06c,1,train,images/Ej (148).png,93.116,68.526,5.6429,Jamur lain,Sooty mold,NO,original image class-code prefix 'Ej',YES,OBS0464,0.096042,0.076008,-0.027053,Gaussian perturbation; clipped to training-observed min/max
OBS0464,SRC0053,39a1b07018fad0b62efa032da710efbf07ce3efea5418a0de84156fe6419c06c,2,train,images/Ej (148).png,94.0784,68.3707,5.7123,Jamur lain,Sooty mold,NO,original image class-code prefix 'Ej',YES,OBS0464,1.058428,-0.079261,0.042327,Gaussian perturbation; clipped to training-observed min/max
OBS0465,SRC0053,39a1b07018fad0b62efa032da710efbf07ce3efea5418a0de84156fe6419c06c,0,train,images/Ej (149).png,88.63,79.69,5.67,Jamur lain,Sooty mold,NO,original image class-code prefix 'Ej',NO,OBS0465,0.0,0.0,0.0,original measurement
OBS0465,SRC0053,39a1b07018fad0b62efa032da710efbf07ce3efea5418a0de84156fe6419c06c,1,train,images/Ej (149).png,89.1321,80.8998,5.5929,Jamur lain,Sooty mold,NO,original image class-code prefix 'Ej',YES,OBS0465,0.502083,1.209808,-0.077125,Gaussian perturbation; clipped to training-observed min/max
OBS0465,SRC0053,39a1b07018fad0b62efa032da710efbf07ce3efea5418a0de84156fe6419c06c,2,train,images/Ej (149).png,88.2156,80.7964,5.6823,Jamur lain,Sooty mold,NO,original image class-code prefix 'Ej',YES,OBS0465,-0.414366,1.106393,0.012283,Gaussian perturbation; clipped to training-observed min/max
OBS0466,SRC0041,2be1a8e32514f76e9c25db24a9e014b7368f54dd43b3acbc011bdea3c423dc29,0,train,images/Ej (15).jpg,93.19,69.47,6.37,Jamur lain,Sooty mold,NO,original image class-code prefix 'Ej',NO,OBS0466,0.0,0.0,0.0,original measurement
OBS0466,SRC0041,2be1a8e32514f76e9c25db24a9e014b7368f54dd43b3acbc011bdea3c423dc29,1,train,images/Ej (15).jpg,94.541,70.3643,6.3344,Jamur lain,Sooty mold,NO,original image class-code prefix 'Ej',YES,OBS0466,1.350966,0.894291,-0.035574,Gaussian perturbation; clipped to training-observed min/max
OBS0466,SRC0041,2be1a8e32514f76e9c25db24a9e014b7368f54dd43b3acbc011bdea3c423dc29,2,train,images/Ej (15).jpg,94.2466,69.161,6.4465,Jamur lain,Sooty mold,NO,original image class-code prefix 'Ej',YES,OBS0466,1.056613,-0.308983,0.076528,Gaussian perturbation; clipped to training-observed min/max
OBS0467,SRC0212,df17a9195f46a70f89170aee8ded7414435f345234fc3b2f99ba28bd7e51d242,0,train,images/Ej (15).png,96.93,78.25,4.91,Jamur lain,Sooty mold,NO,original image class-code prefix 'Ej',NO,OBS0467,0.0,0.0,0.0,original measurement
OBS0467,SRC0212,df17a9195f46a70f89170aee8ded7414435f345234fc3b2f99ba28bd7e51d242,1,train,images/Ej (15).png,98.0,79.5599,5.0932,Jamur lain,Sooty mold,NO,original image class-code prefix 'Ej',YES,OBS0467,2.224517,1.309913,0.18316,Gaussian perturbation; clipped to training-observed min/max
OBS0467,SRC0212,df17a9195f46a70f89170aee8ded7414435f345234fc3b2f99ba28bd7e51d242,2,train,images/Ej (15).png,95.0681,77.592,4.8887,Jamur lain,Sooty mold,NO,original image class-code prefix 'Ej',YES,OBS0467,-1.861898,-0.65805,-0.021308,Gaussian perturbation; clipped to training-observed min/max
OBS0468,SRC0125,8a53386bacc188c15719d764064a1d50bd6d52df0eeb8fbd2421666b593e2132,0,train,images/Ej (150).png,94.26,71.31,5.72,Jamur lain,Sooty mold,NO,original image class-code prefix 'Ej',NO,OBS0468,0.0,0.0,0.0,original measurement
OBS0468,SRC0125,8a53386bacc188c15719d764064a1d50bd6d52df0eeb8fbd2421666b593e2132,1,train,images/Ej (150).png,93.7797,71.7569,5.6906,Jamur lain,Sooty mold,NO,original image class-code prefix 'Ej',YES,OBS0468,-0.480349,0.446938,-0.029449,Gaussian perturbation; clipped to training-observed min/max
OBS0468,SRC0125,8a53386bacc188c15719d764064a1d50bd6d52df0eeb8fbd2421666b593e2132,2,train,images/Ej (150).png,95.5873,72.4917,5.7531,Jamur lain,Sooty mold,NO,original image class-code prefix 'Ej',YES,OBS0468,1.327329,1.181713,0.033078,Gaussian perturbation; clipped to training-observed min/max
OBS0469,SRC0041,2be1a8e32514f76e9c25db24a9e014b7368f54dd43b3acbc011bdea3c423dc29,0,train,images/Ej (16).jpg,89.86,82.81,6.13,Jamur lain,Sooty mold,NO,original image class-code prefix 'Ej',NO,OBS0469,0.0,0.0,0.0,original measurement
OBS0469,SRC0041,2be1a8e32514f76e9c25db24a9e014b7368f54dd43b3acbc011bdea3c423dc29,1,train,images/Ej (16).jpg,88.6453,83.4668,6.1839,Jamur lain,Sooty mold,NO,original image class-code prefix 'Ej',YES,OBS0469,-1.214656,0.656849,0.053943,Gaussian perturbation; clipped to training-observed min/max
OBS0469,SRC0041,2be1a8e32514f76e9c25db24a9e014b7368f54dd43b3acbc011bdea3c423dc29,2,train,images/Ej (16).jpg,90.2847,82.846,6.242,Jamur lain,Sooty mold,NO,original image class-code prefix 'Ej',YES,OBS0469,0.424663,0.036009,0.112027,Gaussian perturbation; clipped to training-observed min/max
OBS0470,SRC0212,df17a9195f46a70f89170aee8ded7414435f345234fc3b2f99ba28bd7e51d242,0,train,images/Ej (16).png,90.71,79.94,5.45,Jamur lain,Sooty mold,NO,original image class-code prefix 'Ej',NO,OBS0470,0.0,0.0,0.0,original measurement
OBS0470,SRC0212,df17a9195f46a70f89170aee8ded7414435f345234fc3b2f99ba28bd7e51d242,1,train,images/Ej (16).png,90.0519,79.5,5.5034,Jamur lain,Sooty mold,NO,original image class-code prefix 'Ej',YES,OBS0470,-0.658057,-0.440037,0.053364,Gaussian perturbation; clipped to training-observed min/max
OBS0470,SRC0212,df17a9195f46a70f89170aee8ded7414435f345234fc3b2f99ba28bd7e51d242,2,train,images/Ej (16).png,91.3469,80.9631,5.4273,Jamur lain,Sooty mold,NO,original image class-code prefix 'Ej',YES,OBS0470,0.63695,1.023117,-0.022721,Gaussian perturbation; clipped to training-observed min/max
OBS0471,SRC0041,2be1a8e32514f76e9c25db24a9e014b7368f54dd43b3acbc011bdea3c423dc29,0,train,images/Ej (17).jpg,87.86,71.96,5.64,Jamur lain,Sooty mold,NO,original image class-code prefix 'Ej',NO,OBS0471,0.0,0.0,0.0,original measurement
OBS0471,SRC0041,2be1a8e32514f76e9c25db24a9e014b7368f54dd43b3acbc011bdea3c423dc29,1,train,images/Ej (17).jpg,86.2824,70.4749,5.6054,Jamur lain,Sooty mold,NO,original image class-code prefix 'Ej',YES,OBS0471,-1.577647,-1.485099,-0.034614,Gaussian perturbation; clipped to training-observed min/max
OBS0471,SRC0041,2be1a8e32514f76e9c25db24a9e014b7368f54dd43b3acbc011bdea3c423dc29,2,train,images/Ej (17).jpg,88.8109,72.9107,5.4947,Jamur lain,Sooty mold,NO,original image class-code prefix 'Ej',YES,OBS0471,0.95091,0.950717,-0.145273,Gaussian perturbation; clipped to training-observed min/max
OBS0472,SRC0219,e55730bdca89470e92a31a102c82ac8f98cd151e84869795330af6b75639c7fe,0,train,images/Ej (17).png,73.5,81.63,7.0,Jamur lain,Sooty mold,NO,original image class-code prefix 'Ej',NO,OBS0472,0.0,0.0,0.0,original measurement
OBS0472,SRC0219,e55730bdca89470e92a31a102c82ac8f98cd151e84869795330af6b75639c7fe,1,train,images/Ej (17).png,74.1407,81.5253,6.9166,Jamur lain,Sooty mold,NO,original image class-code prefix 'Ej',YES,OBS0472,0.640675,-0.104672,-0.083368,Gaussian perturbation; clipped to training-observed min/max
OBS0472,SRC0219,e55730bdca89470e92a31a102c82ac8f98cd151e84869795330af6b75639c7fe,2,train,images/Ej (17).png,76.1289,81.9467,7.0662,Jamur lain,Sooty mold,NO,original image class-code prefix 'Ej',YES,OBS0472,2.62893,0.316749,0.066193,Gaussian perturbation; clipped to training-observed min/max
OBS0473,SRC0218,e53a6ee22ea25269a4d25155f491ac905265a5965b020b53c367a8301c0dc895,0,train,images/Ej (18).jpg,78.46,81.26,5.87,Jamur lain,Sooty mold,NO,original image class-code prefix 'Ej',NO,OBS0473,0.0,0.0,0.0,original measurement
OBS0473,SRC0218,e53a6ee22ea25269a4d25155f491ac905265a5965b020b53c367a8301c0dc895,1,train,images/Ej (18).jpg,81.541,80.5627,5.8383,Jamur lain,Sooty mold,NO,original image class-code prefix 'Ej',YES,OBS0473,3.081031,-0.697343,-0.031743,Gaussian perturbation; clipped to training-observed min/max
OBS0473,SRC0218,e53a6ee22ea25269a4d25155f491ac905265a5965b020b53c367a8301c0dc895,2,train,images/Ej (18).jpg,80.2468,79.6908,5.8759,Jamur lain,Sooty mold,NO,original image class-code prefix 'Ej',YES,OBS0473,1.786819,-1.569205,0.005917,Gaussian perturbation; clipped to training-observed min/max
OBS0474,SRC0219,e55730bdca89470e92a31a102c82ac8f98cd151e84869795330af6b75639c7fe,0,train,images/Ej (18).png,98.0,77.79,6.01,Jamur lain,Sooty mold,NO,original image class-code prefix 'Ej',NO,OBS0474,0.0,0.0,0.0,original measurement
OBS0474,SRC0219,e55730bdca89470e92a31a102c82ac8f98cd151e84869795330af6b75639c7fe,1,train,images/Ej (18).png,98.0,78.9542,6.0424,Jamur lain,Sooty mold,NO,original image class-code prefix 'Ej',YES,OBS0474,0.055458,1.164217,0.032431,Gaussian perturbation; clipped to training-observed min/max
OBS0474,SRC0219,e55730bdca89470e92a31a102c82ac8f98cd151e84869795330af6b75639c7fe,2,train,images/Ej (18).png,96.9042,78.9567,6.0776,Jamur lain,Sooty mold,NO,original image class-code prefix 'Ej',YES,OBS0474,-1.095816,1.166696,0.067612,Gaussian perturbation; clipped to training-observed min/max
OBS0475,SRC0218,e53a6ee22ea25269a4d25155f491ac905265a5965b020b53c367a8301c0dc895,0,train,images/Ej (19).jpg,98.0,72.55,5.72,Jamur lain,Sooty mold,NO,original image class-code prefix 'Ej',NO,OBS0475,0.0,0.0,0.0,original measurement
OBS0475,SRC0218,e53a6ee22ea25269a4d25155f491ac905265a5965b020b53c367a8301c0dc895,1,train,images/Ej (19).jpg,96.7388,71.7246,5.6779,Jamur lain,Sooty mold,NO,original image class-code prefix 'Ej',YES,OBS0475,-1.261205,-0.825364,-0.042065,Gaussian perturbation; clipped to training-observed min/max
OBS0475,SRC0218,e53a6ee22ea25269a4d25155f491ac905265a5965b020b53c367a8301c0dc895,2,train,images/Ej (19).jpg,96.6208,73.8276,5.6941,Jamur lain,Sooty mold,NO,original image class-code prefix 'Ej',YES,OBS0475,-1.379208,1.2776,-0.025907,Gaussian perturbation; clipped to training-observed min/max
OBS0476,SRC0219,e55730bdca89470e92a31a102c82ac8f98cd151e84869795330af6b75639c7fe,0,train,images/Ej (19).png,94.1,62.52,5.98,Jamur lain,Sooty mold,NO,original image class-code prefix 'Ej',NO,OBS0476,0.0,0.0,0.0,original measurement
OBS0476,SRC0219,e55730bdca89470e92a31a102c82ac8f98cd151e84869795330af6b75639c7fe,1,train,images/Ej (19).png,93.7666,61.2747,5.9484,Jamur lain,Sooty mold,NO,original image class-code prefix 'Ej',YES,OBS0476,-0.333396,-1.245307,-0.031563,Gaussian perturbation; clipped to training-observed min/max
OBS0476,SRC0219,e55730bdca89470e92a31a102c82ac8f98cd151e84869795330af6b75639c7fe,2,train,images/Ej (19).png,95.8819,63.4179,5.8506,Jamur lain,Sooty mold,NO,original image class-code prefix 'Ej',YES,OBS0476,1.781942,0.897946,-0.129392,Gaussian perturbation; clipped to training-observed min/max
OBS0477,SRC0178,be2608c3880a73d03c0edc98f1399febf81052a4f1c888b7fe35466f7e374599,0,train,images/Ej (2).jpg,96.86,72.76,5.69,Jamur lain,Sooty mold,NO,original image class-code prefix 'Ej',NO,OBS0477,0.0,0.0,0.0,original measurement
OBS0477,SRC0178,be2608c3880a73d03c0edc98f1399febf81052a4f1c888b7fe35466f7e374599,1,train,images/Ej (2).jpg,95.6724,73.5227,5.6502,Jamur lain,Sooty mold,NO,original image class-code prefix 'Ej',YES,OBS0477,-1.187649,0.762721,-0.03985,Gaussian perturbation; clipped to training-observed min/max
OBS0477,SRC0178,be2608c3880a73d03c0edc98f1399febf81052a4f1c888b7fe35466f7e374599,2,train,images/Ej (2).jpg,96.1961,71.7274,5.5835,Jamur lain,Sooty mold,NO,original image class-code prefix 'Ej',YES,OBS0477,-0.663887,-1.032591,-0.106486,Gaussian perturbation; clipped to training-observed min/max
OBS0478,SRC0006,07ca5e6fa475b57369a1d16f40f3f9cf4db0b360195c22105adbe4ad5e1ab005,0,train,images/Ej (2).png,94.14,73.91,5.89,Jamur lain,Sooty mold,NO,original image class-code prefix 'Ej',NO,OBS0478,0.0,0.0,0.0,original measurement
OBS0478,SRC0006,07ca5e6fa475b57369a1d16f40f3f9cf4db0b360195c22105adbe4ad5e1ab005,1,train,images/Ej (2).png,94.2543,73.4537,5.9812,Jamur lain,Sooty mold,NO,original image class-code prefix 'Ej',YES,OBS0478,0.114347,-0.456326,0.09123,Gaussian perturbation; clipped to training-observed min/max
OBS0478,SRC0006,07ca5e6fa475b57369a1d16f40f3f9cf4db0b360195c22105adbe4ad5e1ab005,2,train,images/Ej (2).png,94.06,72.7518,5.9455,Jamur lain,Sooty mold,NO,original image class-code prefix 'Ej',YES,OBS0478,-0.08005,-1.158205,0.055504,Gaussian perturbation; clipped to training-observed min/max
OBS0479,SRC0218,e53a6ee22ea25269a4d25155f491ac905265a5965b020b53c367a8301c0dc895,0,train,images/Ej (20).jpg,98.0,67.34,6.33,Jamur lain,Sooty mold,NO,original image class-code prefix 'Ej',NO,OBS0479,0.0,0.0,0.0,original measurement
OBS0479,SRC0218,e53a6ee22ea25269a4d25155f491ac905265a5965b020b53c367a8301c0dc895,1,train,images/Ej (20).jpg,98.0,66.4571,6.1938,Jamur lain,Sooty mold,NO,original image class-code prefix 'Ej',YES,OBS0479,1.615377,-0.882884,-0.136206,Gaussian perturbation; clipped to training-observed min/max
OBS0479,SRC0218,e53a6ee22ea25269a4d25155f491ac905265a5965b020b53c367a8301c0dc895,2,train,images/Ej (20).jpg,97.4252,65.7201,6.4613,Jamur lain,Sooty mold,NO,original image class-code prefix 'Ej',YES,OBS0479,-0.574759,-1.619892,0.131329,Gaussian perturbation; clipped to training-observed min/max
OBS0480,SRC0219,e55730bdca89470e92a31a102c82ac8f98cd151e84869795330af6b75639c7fe,0,train,images/Ej (20).png,98.0,71.8,6.29,Jamur lain,Sooty mold,NO,original image class-code prefix 'Ej',NO,OBS0480,0.0,0.0,0.0,original measurement
OBS0480,SRC0219,e55730bdca89470e92a31a102c82ac8f98cd151e84869795330af6b75639c7fe,1,train,images/Ej (20).png,96.3347,71.4068,6.4079,Jamur lain,Sooty mold,NO,original image class-code prefix 'Ej',YES,OBS0480,-1.665293,-0.393234,0.117882,Gaussian perturbation; clipped to training-observed min/max
OBS0480,SRC0219,e55730bdca89470e92a31a102c82ac8f98cd151e84869795330af6b75639c7fe,2,train,images/Ej (20).png,98.0,71.1836,6.2274,Jamur lain,Sooty mold,NO,original image class-code prefix 'Ej',YES,OBS0480,1.045455,-0.616394,-0.062645,Gaussian perturbation; clipped to training-observed min/max
OBS0481,SRC0218,e53a6ee22ea25269a4d25155f491ac905265a5965b020b53c367a8301c0dc895,0,train,images/Ej (21).jpg,94.93,72.31,5.54,Jamur lain,Sooty mold,NO,original image class-code prefix 'Ej',NO,OBS0481,0.0,0.0,0.0,original measurement
OBS0481,SRC0218,e53a6ee22ea25269a4d25155f491ac905265a5965b020b53c367a8301c0dc895,1,train,images/Ej (21).jpg,94.7122,72.0218,5.6597,Jamur lain,Sooty mold,NO,original image class-code prefix 'Ej',YES,OBS0481,-0.217796,-0.288186,0.119712,Gaussian perturbation; clipped to training-observed min/max
OBS0481,SRC0218,e53a6ee22ea25269a4d25155f491ac905265a5965b020b53c367a8301c0dc895,2,train,images/Ej (21).jpg,94.7444,70.69,5.6189,Jamur lain,Sooty mold,NO,original image class-code prefix 'Ej',YES,OBS0481,-0.185598,-1.619964,0.078862,Gaussian perturbation; clipped to training-observed min/max
OBS0482,SRC0074,5714a55d495bdc89716dd4794372f736d2d79bdd941d57f522db8adb3f4ec6a0,0,train,images/Ej (21).png,85.34,83.12,5.75,Jamur lain,Sooty mold,NO,original image class-code prefix 'Ej',NO,OBS0482,0.0,0.0,0.0,original measurement
OBS0482,SRC0074,5714a55d495bdc89716dd4794372f736d2d79bdd941d57f522db8adb3f4ec6a0,1,train,images/Ej (21).png,86.5838,82.8478,5.8118,Jamur lain,Sooty mold,NO,original image class-code prefix 'Ej',YES,OBS0482,1.243839,-0.272155,0.06177,Gaussian perturbation; clipped to training-observed min/max
OBS0482,SRC0074,5714a55d495bdc89716dd4794372f736d2d79bdd941d57f522db8adb3f4ec6a0,2,train,images/Ej (21).png,85.4015,81.6718,5.7435,Jamur lain,Sooty mold,NO,original image class-code prefix 'Ej',YES,OBS0482,0.061496,-1.448158,-0.006486,Gaussian perturbation; clipped to training-observed min/max
OBS0483,SRC0170,b8cf5397c0cd56256e25a7f095f914160c2aa569c84e49c6b49c3e6ad8fd61fc,0,train,images/Ej (22).jpg,83.1,78.92,6.48,Jamur lain,Sooty mold,NO,original image class-code prefix 'Ej',NO,OBS0483,0.0,0.0,0.0,original measurement
OBS0483,SRC0170,b8cf5397c0cd56256e25a7f095f914160c2aa569c84e49c6b49c3e6ad8fd61fc,1,train,images/Ej (22).jpg,81.7264,78.159,6.4049,Jamur lain,Sooty mold,NO,original image class-code prefix 'Ej',YES,OBS0483,-1.373614,-0.760986,-0.075112,Gaussian perturbation; clipped to training-observed min/max
OBS0483,SRC0170,b8cf5397c0cd56256e25a7f095f914160c2aa569c84e49c6b49c3e6ad8fd61fc,2,train,images/Ej (22).jpg,83.4994,79.1438,6.3744,Jamur lain,Sooty mold,NO,original image class-code prefix 'Ej',YES,OBS0483,0.399414,0.22378,-0.105574,Gaussian perturbation; clipped to training-observed min/max
OBS0484,SRC0198,d2e8458fd80bba8d356b16772581286d4180d75b8c7fb2564a680a53986bdfc7,0,train,images/Ej (22).png,94.79,79.13,6.5,Jamur lain,Sooty mold,NO,original image class-code prefix 'Ej',NO,OBS0484,0.0,0.0,0.0,original measurement
OBS0484,SRC0198,d2e8458fd80bba8d356b16772581286d4180d75b8c7fb2564a680a53986bdfc7,1,train,images/Ej (22).png,93.6862,79.1268,6.5371,Jamur lain,Sooty mold,NO,original image class-code prefix 'Ej',YES,OBS0484,-1.103826,-0.00323,0.037149,Gaussian perturbation; clipped to training-observed min/max
OBS0484,SRC0198,d2e8458fd80bba8d356b16772581286d4180d75b8c7fb2564a680a53986bdfc7,2,train,images/Ej (22).png,94.8767,76.4818,6.603,Jamur lain,Sooty mold,NO,original image class-code prefix 'Ej',YES,OBS0484,0.086689,-2.648153,0.102952,Gaussian perturbation; clipped to training-observed min/max
OBS0485,SRC0170,b8cf5397c0cd56256e25a7f095f914160c2aa569c84e49c6b49c3e6ad8fd61fc,0,train,images/Ej (23).jpg,90.03,77.13,6.23,Jamur lain,Sooty mold,NO,original image class-code prefix 'Ej',NO,OBS0485,0.0,0.0,0.0,original measurement
OBS0485,SRC0170,b8cf5397c0cd56256e25a7f095f914160c2aa569c84e49c6b49c3e6ad8fd61fc,1,train,images/Ej (23).jpg,92.1568,79.0306,6.2735,Jamur lain,Sooty mold,NO,original image class-code prefix 'Ej',YES,OBS0485,2.126774,1.900551,0.043528,Gaussian perturbation; clipped to training-observed min/max
OBS0485,SRC0170,b8cf5397c0cd56256e25a7f095f914160c2aa569c84e49c6b49c3e6ad8fd61fc,2,train,images/Ej (23).jpg,90.8364,76.345,6.2451,Jamur lain,Sooty mold,NO,original image class-code prefix 'Ej',YES,OBS0485,0.806383,-0.785031,0.015086,Gaussian perturbation; clipped to training-observed min/max
OBS0486,SRC0198,d2e8458fd80bba8d356b16772581286d4180d75b8c7fb2564a680a53986bdfc7,0,train,images/Ej (23).png,86.21,65.06,5.58,Jamur lain,Sooty mold,NO,original image class-code prefix 'Ej',NO,OBS0486,0.0,0.0,0.0,original measurement
OBS0486,SRC0198,d2e8458fd80bba8d356b16772581286d4180d75b8c7fb2564a680a53986bdfc7,1,train,images/Ej (23).png,84.8532,65.2061,5.4656,Jamur lain,Sooty mold,NO,original image class-code prefix 'Ej',YES,OBS0486,-1.356755,0.146112,-0.114375,Gaussian perturbation; clipped to training-observed min/max
OBS0486,SRC0198,d2e8458fd80bba8d356b16772581286d4180d75b8c7fb2564a680a53986bdfc7,2,train,images/Ej (23).png,86.9122,64.6345,5.6414,Jamur lain,Sooty mold,NO,original image class-code prefix 'Ej',YES,OBS0486,0.702242,-0.425467,0.061366,Gaussian perturbation; clipped to training-observed min/max
OBS0487,SRC0170,b8cf5397c0cd56256e25a7f095f914160c2aa569c84e49c6b49c3e6ad8fd61fc,0,train,images/Ej (24).jpg,85.53,71.48,5.46,Jamur lain,Sooty mold,NO,original image class-code prefix 'Ej',NO,OBS0487,0.0,0.0,0.0,original measurement
OBS0487,SRC0170,b8cf5397c0cd56256e25a7f095f914160c2aa569c84e49c6b49c3e6ad8fd61fc,1,train,images/Ej (24).jpg,85.7491,70.9285,5.5275,Jamur lain,Sooty mold,NO,original image class-code prefix 'Ej',YES,OBS0487,0.219089,-0.551471,0.067466,Gaussian perturbation; clipped to training-observed min/max
OBS0487,SRC0170,b8cf5397c0cd56256e25a7f095f914160c2aa569c84e49c6b49c3e6ad8fd61fc,2,train,images/Ej (24).jpg,84.1219,71.1622,5.417,Jamur lain,Sooty mold,NO,original image class-code prefix 'Ej',YES,OBS0487,-1.408086,-0.317823,-0.043004,Gaussian perturbation; clipped to training-observed min/max
OBS0488,SRC0198,d2e8458fd80bba8d356b16772581286d4180d75b8c7fb2564a680a53986bdfc7,0,train,images/Ej (24).png,86.18,71.13,5.46,Karat daun,Sooty mold,YES,original image class-code prefix 'Ej',NO,OBS0488,0.0,0.0,0.0,original measurement
OBS0488,SRC0198,d2e8458fd80bba8d356b16772581286d4180d75b8c7fb2564a680a53986bdfc7,1,train,images/Ej (24).png,87.0728,71.0394,5.4816,Karat daun,Sooty mold,YES,original image class-code prefix 'Ej',YES,OBS0488,0.892767,-0.090618,0.021601,Gaussian perturbation; clipped to training-observed min/max
OBS0488,SRC0198,d2e8458fd80bba8d356b16772581286d4180d75b8c7fb2564a680a53986bdfc7,2,train,images/Ej (24).png,86.8106,68.3147,5.3859,Karat daun,Sooty mold,YES,original image class-code prefix 'Ej',YES,OBS0488,0.630565,-2.815339,-0.074105,Gaussian perturbation; clipped to training-observed min/max
OBS0489,SRC0103,707f014c9f68227e19b14b19e354c5bab29d9018a241d5f4e6be9b64092c86e5,0,train,images/Ej (25).jpg,98.0,63.62,6.17,Jamur lain,Sooty mold,NO,original image class-code prefix 'Ej',NO,OBS0489,0.0,0.0,0.0,original measurement
OBS0489,SRC0103,707f014c9f68227e19b14b19e354c5bab29d9018a241d5f4e6be9b64092c86e5,1,train,images/Ej (25).jpg,98.0,64.835,6.2158,Jamur lain,Sooty mold,NO,original image class-code prefix 'Ej',YES,OBS0489,0.139116,1.214971,0.045807,Gaussian perturbation; clipped to training-observed min/max
OBS0489,SRC0103,707f014c9f68227e19b14b19e354c5bab29d9018a241d5f4e6be9b64092c86e5,2,train,images/Ej (25).jpg,98.0,63.3541,6.1781,Jamur lain,Sooty mold,NO,original image class-code prefix 'Ej',YES,OBS0489,1.572919,-0.265949,0.008054,Gaussian perturbation; clipped to training-observed min/max
OBS0490,SRC0198,d2e8458fd80bba8d356b16772581286d4180d75b8c7fb2564a680a53986bdfc7,0,train,images/Ej (25).png,96.99,83.61,6.34,Jamur lain,Sooty mold,NO,original image class-code prefix 'Ej',NO,OBS0490,0.0,0.0,0.0,original measurement
OBS0490,SRC0198,d2e8458fd80bba8d356b16772581286d4180d75b8c7fb2564a680a53986bdfc7,1,train,images/Ej (25).png,96.3902,83.0872,6.2736,Jamur lain,Sooty mold,NO,original image class-code prefix 'Ej',YES,OBS0490,-0.599759,-0.522807,-0.066435,Gaussian perturbation; clipped to training-observed min/max
OBS0490,SRC0198,d2e8458fd80bba8d356b16772581286d4180d75b8c7fb2564a680a53986bdfc7,2,train,images/Ej (25).png,96.3381,83.3814,6.2879,Jamur lain,Sooty mold,NO,original image class-code prefix 'Ej',YES,OBS0490,-0.651937,-0.228562,-0.052124,Gaussian perturbation; clipped to training-observed min/max
OBS0491,SRC0103,707f014c9f68227e19b14b19e354c5bab29d9018a241d5f4e6be9b64092c86e5,0,train,images/Ej (26).jpg,92.49,88.33,6.64,Jamur lain,Sooty mold,NO,original image class-code prefix 'Ej',NO,OBS0491,0.0,0.0,0.0,original measurement
OBS0491,SRC0103,707f014c9f68227e19b14b19e354c5bab29d9018a241d5f4e6be9b64092c86e5,1,train,images/Ej (26).jpg,92.5219,86.1476,6.6742,Jamur lain,Sooty mold,NO,original image class-code prefix 'Ej',YES,OBS0491,0.03189,-2.182361,0.034235,Gaussian perturbation; clipped to training-observed min/max
OBS0491,SRC0103,707f014c9f68227e19b14b19e354c5bab29d9018a241d5f4e6be9b64092c86e5,2,train,images/Ej (26).jpg,92.7029,88.8655,6.6029,Jamur lain,Sooty mold,NO,original image class-code prefix 'Ej',YES,OBS0491,0.212948,0.535475,-0.03708,Gaussian perturbation; clipped to training-observed min/max
OBS0492,SRC0198,d2e8458fd80bba8d356b16772581286d4180d75b8c7fb2564a680a53986bdfc7,0,train,images/Ej (26).png,98.0,82.19,6.0,Jamur lain,Sooty mold,NO,original image class-code prefix 'Ej',NO,OBS0492,0.0,0.0,0.0,original measurement
OBS0492,SRC0198,d2e8458fd80bba8d356b16772581286d4180d75b8c7fb2564a680a53986bdfc7,1,train,images/Ej (26).png,97.3901,83.3688,5.9876,Jamur lain,Sooty mold,NO,original image class-code prefix 'Ej',YES,OBS0492,-0.609864,1.178833,-0.01236,Gaussian perturbation; clipped to training-observed min/max
OBS0492,SRC0198,d2e8458fd80bba8d356b16772581286d4180d75b8c7fb2564a680a53986bdfc7,2,train,images/Ej (26).png,98.0,80.5027,5.9802,Jamur lain,Sooty mold,NO,original image class-code prefix 'Ej',YES,OBS0492,2.383859,-1.687341,-0.019789,Gaussian perturbation; clipped to training-observed min/max
OBS0493,SRC0103,707f014c9f68227e19b14b19e354c5bab29d9018a241d5f4e6be9b64092c86e5,0,train,images/Ej (27).jpg,94.96,77.23,6.0,Bercak daun,Sooty mold,YES,original image class-code prefix 'Ej',NO,OBS0493,0.0,0.0,0.0,original measurement
OBS0493,SRC0103,707f014c9f68227e19b14b19e354c5bab29d9018a241d5f4e6be9b64092c86e5,1,train,images/Ej (27).jpg,93.6072,76.2859,5.9368,Bercak daun,Sooty mold,YES,original image class-code prefix 'Ej',YES,OBS0493,-1.352848,-0.944093,-0.063199,Gaussian perturbation; clipped to training-observed min/max
OBS0493,SRC0103,707f014c9f68227e19b14b19e354c5bab29d9018a241d5f4e6be9b64092c86e5,2,train,images/Ej (27).jpg,94.3831,78.1694,5.9085,Bercak daun,Sooty mold,YES,original image class-code prefix 'Ej',YES,OBS0493,-0.576879,0.939411,-0.091512,Gaussian perturbation; clipped to training-observed min/max
OBS0494,SRC0074,5714a55d495bdc89716dd4794372f736d2d79bdd941d57f522db8adb3f4ec6a0,0,train,images/Ej (27).png,85.88,88.87,5.67,Jamur lain,Sooty mold,NO,original image class-code prefix 'Ej',NO,OBS0494,0.0,0.0,0.0,original measurement
OBS0494,SRC0074,5714a55d495bdc89716dd4794372f736d2d79bdd941d57f522db8adb3f4ec6a0,1,train,images/Ej (27).png,86.612,87.1409,5.6376,Jamur lain,Sooty mold,NO,original image class-code prefix 'Ej',YES,OBS0494,0.732014,-1.729065,-0.032442,Gaussian perturbation; clipped to training-observed min/max
OBS0494,SRC0074,5714a55d495bdc89716dd4794372f736d2d79bdd941d57f522db8adb3f4ec6a0,2,train,images/Ej (27).png,87.4638,89.4245,5.6918,Jamur lain,Sooty mold,NO,original image class-code prefix 'Ej',YES,OBS0494,1.583771,0.554451,0.021782,Gaussian perturbation; clipped to training-observed min/max
OBS0495,SRC0103,707f014c9f68227e19b14b19e354c5bab29d9018a241d5f4e6be9b64092c86e5,0,train,images/Ej (28).jpg,98.0,72.03,5.38,Jamur lain,Sooty mold,NO,original image class-code prefix 'Ej',NO,OBS0495,0.0,0.0,0.0,original measurement
OBS0495,SRC0103,707f014c9f68227e19b14b19e354c5bab29d9018a241d5f4e6be9b64092c86e5,1,train,images/Ej (28).jpg,98.0,72.7212,5.4302,Jamur lain,Sooty mold,NO,original image class-code prefix 'Ej',YES,OBS0495,0.756127,0.69117,0.05024,Gaussian perturbation; clipped to training-observed min/max
OBS0495,SRC0103,707f014c9f68227e19b14b19e354c5bab29d9018a241d5f4e6be9b64092c86e5,2,train,images/Ej (28).jpg,98.0,70.7839,5.3743,Jamur lain,Sooty mold,NO,original image class-code prefix 'Ej',YES,OBS0495,1.684396,-1.246145,-0.005659,Gaussian perturbation; clipped to training-observed min/max
OBS0496,SRC0198,d2e8458fd80bba8d356b16772581286d4180d75b8c7fb2564a680a53986bdfc7,0,train,images/Ej (28).png,94.43,72.77,7.0,Jamur lain,Sooty mold,NO,original image class-code prefix 'Ej',NO,OBS0496,0.0,0.0,0.0,original measurement
OBS0496,SRC0198,d2e8458fd80bba8d356b16772581286d4180d75b8c7fb2564a680a53986bdfc7,1,train,images/Ej (28).png,95.1947,73.6696,7.0446,Jamur lain,Sooty mold,NO,original image class-code prefix 'Ej',YES,OBS0496,0.764723,0.899571,0.044645,Gaussian perturbation; clipped to training-observed min/max
OBS0496,SRC0198,d2e8458fd80bba8d356b16772581286d4180d75b8c7fb2564a680a53986bdfc7,2,train,images/Ej (28).png,95.9978,72.1688,6.892,Jamur lain,Sooty mold,NO,original image class-code prefix 'Ej',YES,OBS0496,1.567844,-0.601194,-0.107978,Gaussian perturbation; clipped to training-observed min/max
OBS0497,SRC0147,a1a99633d874de4aa93e0409a6d2661fff0ad510c5837c7d7de587289607ad8e,0,train,images/Ej (29).jpg,84.37,71.5,4.97,Jamur lain,Sooty mold,NO,original image class-code prefix 'Ej',NO,OBS0497,0.0,0.0,0.0,original measurement
OBS0497,SRC0147,a1a99633d874de4aa93e0409a6d2661fff0ad510c5837c7d7de587289607ad8e,1,train,images/Ej (29).jpg,85.8969,71.499,4.9261,Jamur lain,Sooty mold,NO,original image class-code prefix 'Ej',YES,OBS0497,1.526864,-0.000964,-0.043895,Gaussian perturbation; clipped to training-observed min/max
OBS0497,SRC0147,a1a99633d874de4aa93e0409a6d2661fff0ad510c5837c7d7de587289607ad8e,2,train,images/Ej (29).jpg,84.4129,70.9813,5.0505,Jamur lain,Sooty mold,NO,original image class-code prefix 'Ej',YES,OBS0497,0.042912,-0.518731,0.080497,Gaussian perturbation; clipped to training-observed min/max
OBS0498,SRC0198,d2e8458fd80bba8d356b16772581286d4180d75b8c7fb2564a680a53986bdfc7,0,train,images/Ej (29).png,89.75,71.3,5.64,Jamur lain,Sooty mold,NO,original image class-code prefix 'Ej',NO,OBS0498,0.0,0.0,0.0,original measurement
OBS0498,SRC0198,d2e8458fd80bba8d356b16772581286d4180d75b8c7fb2564a680a53986bdfc7,1,train,images/Ej (29).png,90.8182,71.6741,5.6833,Jamur lain,Sooty mold,NO,original image class-code prefix 'Ej',YES,OBS0498,1.0682,0.374079,0.04327,Gaussian perturbation; clipped to training-observed min/max
OBS0498,SRC0198,d2e8458fd80bba8d356b16772581286d4180d75b8c7fb2564a680a53986bdfc7,2,train,images/Ej (29).png,89.7891,72.5318,5.4509,Jamur lain,Sooty mold,NO,original image class-code prefix 'Ej',YES,OBS0498,0.039129,1.231811,-0.189066,Gaussian perturbation; clipped to training-observed min/max
OBS0499,SRC0178,be2608c3880a73d03c0edc98f1399febf81052a4f1c888b7fe35466f7e374599,0,train,images/Ej (3).jpg,87.14,75.16,6.91,Jamur lain,Sooty mold,NO,original image class-code prefix 'Ej',NO,OBS0499,0.0,0.0,0.0,original measurement
OBS0499,SRC0178,be2608c3880a73d03c0edc98f1399febf81052a4f1c888b7fe35466f7e374599,1,train,images/Ej (3).jpg,85.7382,75.1121,6.8769,Jamur lain,Sooty mold,NO,original image class-code prefix 'Ej',YES,OBS0499,-1.401834,-0.047917,-0.033078,Gaussian perturbation; clipped to training-observed min/max
OBS0499,SRC0178,be2608c3880a73d03c0edc98f1399febf81052a4f1c888b7fe35466f7e374599,2,train,images/Ej (3).jpg,85.9994,75.904,6.8317,Jamur lain,Sooty mold,NO,original image class-code prefix 'Ej',YES,OBS0499,-1.140619,0.743962,-0.078271,Gaussian perturbation; clipped to training-observed min/max
OBS0500,SRC0015,0e3764b57080c34301d6fa281e878be5437952e504069a8823a1a4785a5f8d69,0,train,images/Ej (3).png,82.72,75.91,6.19,Jamur lain,Sooty mold,NO,original image class-code prefix 'Ej',NO,OBS0500,0.0,0.0,0.0,original measurement
OBS0500,SRC0015,0e3764b57080c34301d6fa281e878be5437952e504069a8823a1a4785a5f8d69,1,train,images/Ej (3).png,82.9808,76.0591,6.1946,Jamur lain,Sooty mold,NO,original image class-code prefix 'Ej',YES,OBS0500,0.260834,0.149148,0.004616,Gaussian perturbation; clipped to training-observed min/max
OBS0500,SRC0015,0e3764b57080c34301d6fa281e878be5437952e504069a8823a1a4785a5f8d69,2,train,images/Ej (3).png,81.725,75.6782,6.2882,Jamur lain,Sooty mold,NO,original image class-code prefix 'Ej',YES,OBS0500,-0.995022,-0.231799,0.098155,Gaussian perturbation; clipped to training-observed min/max
OBS0501,SRC0147,a1a99633d874de4aa93e0409a6d2661fff0ad510c5837c7d7de587289607ad8e,0,train,images/Ej (30).jpg,98.0,76.83,5.43,Jamur lain,Sooty mold,NO,original image class-code prefix 'Ej',NO,OBS0501,0.0,0.0,0.0,original measurement
OBS0501,SRC0147,a1a99633d874de4aa93e0409a6d2661fff0ad510c5837c7d7de587289607ad8e,1,train,images/Ej (30).jpg,98.0,77.9854,5.4236,Jamur lain,Sooty mold,NO,original image class-code prefix 'Ej',YES,OBS0501,0.652228,1.155406,-0.006407,Gaussian perturbation; clipped to training-observed min/max
OBS0501,SRC0147,a1a99633d874de4aa93e0409a6d2661fff0ad510c5837c7d7de587289607ad8e,2,train,images/Ej (30).jpg,95.9573,76.2702,5.4179,Jamur lain,Sooty mold,NO,original image class-code prefix 'Ej',YES,OBS0501,-2.04274,-0.559762,-0.012054,Gaussian perturbation; clipped to training-observed min/max
OBS0502,SRC0198,d2e8458fd80bba8d356b16772581286d4180d75b8c7fb2564a680a53986bdfc7,0,train,images/Ej (30).png,98.0,74.82,5.66,Jamur lain,Sooty mold,NO,original image class-code prefix 'Ej',NO,OBS0502,0.0,0.0,0.0,original measurement
OBS0502,SRC0198,d2e8458fd80bba8d356b16772581286d4180d75b8c7fb2564a680a53986bdfc7,1,train,images/Ej (30).png,98.0,76.1831,5.694,Jamur lain,Sooty mold,NO,original image class-code prefix 'Ej',YES,OBS0502,1.56181,1.363145,0.033988,Gaussian perturbation; clipped to training-observed min/max
OBS0502,SRC0198,d2e8458fd80bba8d356b16772581286d4180d75b8c7fb2564a680a53986bdfc7,2,train,images/Ej (30).png,96.9722,74.9741,5.6391,Jamur lain,Sooty mold,NO,original image class-code prefix 'Ej',YES,OBS0502,-1.027833,0.154137,-0.020939,Gaussian perturbation; clipped to training-observed min/max
OBS0503,SRC0147,a1a99633d874de4aa93e0409a6d2661fff0ad510c5837c7d7de587289607ad8e,0,train,images/Ej (31).jpg,83.55,79.18,5.91,Jamur lain,Sooty mold,NO,original image class-code prefix 'Ej',NO,OBS0503,0.0,0.0,0.0,original measurement
OBS0503,SRC0147,a1a99633d874de4aa93e0409a6d2661fff0ad510c5837c7d7de587289607ad8e,1,train,images/Ej (31).jpg,83.2578,77.6998,5.9471,Jamur lain,Sooty mold,NO,original image class-code prefix 'Ej',YES,OBS0503,-0.29221,-1.480227,0.037112,Gaussian perturbation; clipped to training-observed min/max
OBS0503,SRC0147,a1a99633d874de4aa93e0409a6d2661fff0ad510c5837c7d7de587289607ad8e,2,train,images/Ej (31).jpg,83.5142,80.1453,5.7931,Jamur lain,Sooty mold,NO,original image class-code prefix 'Ej',YES,OBS0503,-0.035811,0.965258,-0.11693,Gaussian perturbation; clipped to training-observed min/max
OBS0505,SRC0147,a1a99633d874de4aa93e0409a6d2661fff0ad510c5837c7d7de587289607ad8e,0,train,images/Ej (32).jpg,91.41,77.35,4.66,Jamur lain,Sooty mold,NO,original image class-code prefix 'Ej',NO,OBS0505,0.0,0.0,0.0,original measurement
OBS0505,SRC0147,a1a99633d874de4aa93e0409a6d2661fff0ad510c5837c7d7de587289607ad8e,1,train,images/Ej (32).jpg,90.0576,81.7255,4.5896,Jamur lain,Sooty mold,NO,original image class-code prefix 'Ej',YES,OBS0505,-1.352378,4.375527,-0.070404,Gaussian perturbation; clipped to training-observed min/max
OBS0505,SRC0147,a1a99633d874de4aa93e0409a6d2661fff0ad510c5837c7d7de587289607ad8e,2,train,images/Ej (32).jpg,91.7551,77.8753,4.5814,Jamur lain,Sooty mold,NO,original image class-code prefix 'Ej',YES,OBS0505,0.345099,0.525306,-0.078575,Gaussian perturbation; clipped to training-observed min/max
OBS0507,SRC0205,d76bb5fb3b7b324e40ed590eaf4533ad66c695b66b4893428631039be2d5b6ec,0,train,images/Ej (33).jpg,86.1,63.67,4.91,Jamur lain,Sooty mold,NO,original image class-code prefix 'Ej',NO,OBS0507,0.0,0.0,0.0,original measurement
OBS0507,SRC0205,d76bb5fb3b7b324e40ed590eaf4533ad66c695b66b4893428631039be2d5b6ec,1,train,images/Ej (33).jpg,88.1731,63.5913,4.922,Jamur lain,Sooty mold,NO,original image class-code prefix 'Ej',YES,OBS0507,2.073129,-0.078744,0.011958,Gaussian perturbation; clipped to training-observed min/max
OBS0507,SRC0205,d76bb5fb3b7b324e40ed590eaf4533ad66c695b66b4893428631039be2d5b6ec,2,train,images/Ej (33).jpg,88.2821,62.7208,4.871,Jamur lain,Sooty mold,NO,original image class-code prefix 'Ej',YES,OBS0507,2.182064,-0.949225,-0.039011,Gaussian perturbation; clipped to training-observed min/max
OBS0509,SRC0205,d76bb5fb3b7b324e40ed590eaf4533ad66c695b66b4893428631039be2d5b6ec,0,train,images/Ej (34).jpg,92.21,64.69,5.54,Jamur lain,Sooty mold,NO,original image class-code prefix 'Ej',NO,OBS0509,0.0,0.0,0.0,original measurement
OBS0509,SRC0205,d76bb5fb3b7b324e40ed590eaf4533ad66c695b66b4893428631039be2d5b6ec,1,train,images/Ej (34).jpg,91.7954,63.0428,5.5621,Jamur lain,Sooty mold,NO,original image class-code prefix 'Ej',YES,OBS0509,-0.414615,-1.647176,0.022067,Gaussian perturbation; clipped to training-observed min/max
OBS0509,SRC0205,d76bb5fb3b7b324e40ed590eaf4533ad66c695b66b4893428631039be2d5b6ec,2,train,images/Ej (34).jpg,92.7777,64.91,5.5925,Jamur lain,Sooty mold,NO,original image class-code prefix 'Ej',YES,OBS0509,0.567665,0.219984,0.052466,Gaussian perturbation; clipped to training-observed min/max
OBS0511,SRC0205,d76bb5fb3b7b324e40ed590eaf4533ad66c695b66b4893428631039be2d5b6ec,0,train,images/Ej (35).jpg,92.25,69.49,5.35,Jamur lain,Sooty mold,NO,original image class-code prefix 'Ej',NO,OBS0511,0.0,0.0,0.0,original measurement
OBS0511,SRC0205,d76bb5fb3b7b324e40ed590eaf4533ad66c695b66b4893428631039be2d5b6ec,1,train,images/Ej (35).jpg,93.2888,69.8964,5.3307,Jamur lain,Sooty mold,NO,original image class-code prefix 'Ej',YES,OBS0511,1.038785,0.406443,-0.019315,Gaussian perturbation; clipped to training-observed min/max
OBS0511,SRC0205,d76bb5fb3b7b324e40ed590eaf4533ad66c695b66b4893428631039be2d5b6ec,2,train,images/Ej (35).jpg,93.7145,68.654,5.4617,Jamur lain,Sooty mold,NO,original image class-code prefix 'Ej',YES,OBS0511,1.4645,-0.835997,0.111709,Gaussian perturbation; clipped to training-observed min/max
OBS0513,SRC0205,d76bb5fb3b7b324e40ed590eaf4533ad66c695b66b4893428631039be2d5b6ec,0,train,images/Ej (36).jpg,87.9,81.33,6.56,Jamur lain,Sooty mold,NO,original image class-code prefix 'Ej',NO,OBS0513,0.0,0.0,0.0,original measurement
OBS0513,SRC0205,d76bb5fb3b7b324e40ed590eaf4533ad66c695b66b4893428631039be2d5b6ec,1,train,images/Ej (36).jpg,87.6685,82.2478,6.7061,Jamur lain,Sooty mold,NO,original image class-code prefix 'Ej',YES,OBS0513,-0.231548,0.917763,0.146124,Gaussian perturbation; clipped to training-observed min/max
OBS0513,SRC0205,d76bb5fb3b7b324e40ed590eaf4533ad66c695b66b4893428631039be2d5b6ec,2,train,images/Ej (36).jpg,85.1822,81.0993,6.5277,Jamur lain,Sooty mold,NO,original image class-code prefix 'Ej',YES,OBS0513,-2.717757,-0.230712,-0.032316,Gaussian perturbation; clipped to training-observed min/max
OBS0520,SRC0134,93b8f7793750af49bf47a1f21eacc5b40bcb6c3c80cedd994d9ccfa65bbdb167,0,train,images/Ej (39).png,96.17,80.59,6.44,Jamur lain,Sooty mold,NO,original image class-code prefix 'Ej',NO,OBS0520,0.0,0.0,0.0,original measurement
OBS0520,SRC0134,93b8f7793750af49bf47a1f21eacc5b40bcb6c3c80cedd994d9ccfa65bbdb167,1,train,images/Ej (39).png,98.0,80.1018,6.6583,Jamur lain,Sooty mold,NO,original image class-code prefix 'Ej',YES,OBS0520,2.048864,-0.488187,0.218322,Gaussian perturbation; clipped to training-observed min/max
OBS0520,SRC0134,93b8f7793750af49bf47a1f21eacc5b40bcb6c3c80cedd994d9ccfa65bbdb167,2,train,images/Ej (39).png,94.3365,81.0094,6.4091,Jamur lain,Sooty mold,NO,original image class-code prefix 'Ej',YES,OBS0520,-1.833483,0.419407,-0.030904,Gaussian perturbation; clipped to training-observed min/max
OBS0521,SRC0180,bffa414b11382f99e6337b965d6f48c15ac94c56207c3d51dc0f93d7d12b695d,0,train,images/Ej (4).jpg,79.98,73.27,6.93,Jamur lain,Sooty mold,NO,original image class-code prefix 'Ej',NO,OBS0521,0.0,0.0,0.0,original measurement
OBS0521,SRC0180,bffa414b11382f99e6337b965d6f48c15ac94c56207c3d51dc0f93d7d12b695d,1,train,images/Ej (4).jpg,80.5861,72.5918,6.8939,Jamur lain,Sooty mold,NO,original image class-code prefix 'Ej',YES,OBS0521,0.606108,-0.678172,-0.036083,Gaussian perturbation; clipped to training-observed min/max
OBS0521,SRC0180,bffa414b11382f99e6337b965d6f48c15ac94c56207c3d51dc0f93d7d12b695d,2,train,images/Ej (4).jpg,77.7926,73.3998,6.8102,Jamur lain,Sooty mold,NO,original image class-code prefix 'Ej',YES,OBS0521,-2.187394,0.129808,-0.119834,Gaussian perturbation; clipped to training-observed min/max
OBS0522,SRC0015,0e3764b57080c34301d6fa281e878be5437952e504069a8823a1a4785a5f8d69,0,train,images/Ej (4).png,93.73,83.0,5.75,Jamur lain,Sooty mold,NO,original image class-code prefix 'Ej',NO,OBS0522,0.0,0.0,0.0,original measurement
OBS0522,SRC0015,0e3764b57080c34301d6fa281e878be5437952e504069a8823a1a4785a5f8d69,1,train,images/Ej (4).png,92.1584,83.1042,5.7403,Jamur lain,Sooty mold,NO,original image class-code prefix 'Ej',YES,OBS0522,-1.571603,0.104244,-0.009708,Gaussian perturbation; clipped to training-observed min/max
OBS0522,SRC0015,0e3764b57080c34301d6fa281e878be5437952e504069a8823a1a4785a5f8d69,2,train,images/Ej (4).png,94.9625,81.3762,5.7837,Jamur lain,Sooty mold,NO,original image class-code prefix 'Ej',YES,OBS0522,1.232508,-1.623756,0.033681,Gaussian perturbation; clipped to training-observed min/max
OBS0524,SRC0134,93b8f7793750af49bf47a1f21eacc5b40bcb6c3c80cedd994d9ccfa65bbdb167,0,train,images/Ej (40).png,95.32,70.55,5.05,Bercak daun,Sooty mold,YES,original image class-code prefix 'Ej',NO,OBS0524,0.0,0.0,0.0,original measurement
OBS0524,SRC0134,93b8f7793750af49bf47a1f21eacc5b40bcb6c3c80cedd994d9ccfa65bbdb167,1,train,images/Ej (40).png,95.707,70.1872,4.9857,Bercak daun,Sooty mold,YES,original image class-code prefix 'Ej',YES,OBS0524,0.387,-0.362845,-0.064291,Gaussian perturbation; clipped to training-observed min/max
OBS0524,SRC0134,93b8f7793750af49bf47a1f21eacc5b40bcb6c3c80cedd994d9ccfa65bbdb167,2,train,images/Ej (40).png,95.2251,71.6108,5.0201,Bercak daun,Sooty mold,YES,original image class-code prefix 'Ej',YES,OBS0524,-0.094911,1.060783,-0.0299,Gaussian perturbation; clipped to training-observed min/max
OBS0525,SRC0204,d6fa31d2346bcb5cc25af55e7987a9e27ac62eba0c873925401106e1f63c93fc,0,train,images/Ej (41).jpg,88.93,87.41,5.24,Jamur lain,Sooty mold,NO,original image class-code prefix 'Ej',NO,OBS0525,0.0,0.0,0.0,original measurement
OBS0525,SRC0204,d6fa31d2346bcb5cc25af55e7987a9e27ac62eba0c873925401106e1f63c93fc,1,train,images/Ej (41).jpg,89.9468,87.0814,5.378,Jamur lain,Sooty mold,NO,original image class-code prefix 'Ej',YES,OBS0525,1.016754,-0.32857,0.137984,Gaussian perturbation; clipped to training-observed min/max
OBS0525,SRC0204,d6fa31d2346bcb5cc25af55e7987a9e27ac62eba0c873925401106e1f63c93fc,2,train,images/Ej (41).jpg,88.9622,87.1993,5.1111,Jamur lain,Sooty mold,NO,original image class-code prefix 'Ej',YES,OBS0525,0.032164,-0.210651,-0.128866,Gaussian perturbation; clipped to training-observed min/max
OBS0526,SRC0134,93b8f7793750af49bf47a1f21eacc5b40bcb6c3c80cedd994d9ccfa65bbdb167,0,train,images/Ej (41).png,77.04,70.21,6.22,Jamur lain,Sooty mold,NO,original image class-code prefix 'Ej',NO,OBS0526,0.0,0.0,0.0,original measurement
OBS0526,SRC0134,93b8f7793750af49bf47a1f21eacc5b40bcb6c3c80cedd994d9ccfa65bbdb167,1,train,images/Ej (41).png,75.3274,70.6675,6.2018,Jamur lain,Sooty mold,NO,original image class-code prefix 'Ej',YES,OBS0526,-1.712582,0.457548,-0.018196,Gaussian perturbation; clipped to training-observed min/max
OBS0526,SRC0134,93b8f7793750af49bf47a1f21eacc5b40bcb6c3c80cedd994d9ccfa65bbdb167,2,train,images/Ej (41).png,77.3775,69.3884,6.208,Jamur lain,Sooty mold,NO,original image class-code prefix 'Ej',YES,OBS0526,0.337532,-0.82157,-0.012035,Gaussian perturbation; clipped to training-observed min/max
OBS0527,SRC0204,d6fa31d2346bcb5cc25af55e7987a9e27ac62eba0c873925401106e1f63c93fc,0,train,images/Ej (42).jpg,82.28,76.29,6.36,Jamur lain,Sooty mold,NO,original image class-code prefix 'Ej',NO,OBS0527,0.0,0.0,0.0,original measurement
OBS0527,SRC0204,d6fa31d2346bcb5cc25af55e7987a9e27ac62eba0c873925401106e1f63c93fc,1,train,images/Ej (42).jpg,81.5316,76.6442,6.3425,Jamur lain,Sooty mold,NO,original image class-code prefix 'Ej',YES,OBS0527,-0.748434,0.354238,-0.017453,Gaussian perturbation; clipped to training-observed min/max
OBS0527,SRC0204,d6fa31d2346bcb5cc25af55e7987a9e27ac62eba0c873925401106e1f63c93fc,2,train,images/Ej (42).jpg,84.5176,75.4643,6.4495,Jamur lain,Sooty mold,NO,original image class-code prefix 'Ej',YES,OBS0527,2.237582,-0.825693,0.089505,Gaussian perturbation; clipped to training-observed min/max
OBS0528,SRC0134,93b8f7793750af49bf47a1f21eacc5b40bcb6c3c80cedd994d9ccfa65bbdb167,0,train,images/Ej (42).png,91.44,70.87,6.06,Jamur lain,Sooty mold,NO,original image class-code prefix 'Ej',NO,OBS0528,0.0,0.0,0.0,original measurement
OBS0528,SRC0134,93b8f7793750af49bf47a1f21eacc5b40bcb6c3c80cedd994d9ccfa65bbdb167,1,train,images/Ej (42).png,90.1746,70.3116,5.9927,Jamur lain,Sooty mold,NO,original image class-code prefix 'Ej',YES,OBS0528,-1.265392,-0.558399,-0.067324,Gaussian perturbation; clipped to training-observed min/max
OBS0528,SRC0134,93b8f7793750af49bf47a1f21eacc5b40bcb6c3c80cedd994d9ccfa65bbdb167,2,train,images/Ej (42).png,92.9516,71.3944,6.071,Jamur lain,Sooty mold,NO,original image class-code prefix 'Ej',YES,OBS0528,1.511565,0.524387,0.010974,Gaussian perturbation; clipped to training-observed min/max
OBS0529,SRC0204,d6fa31d2346bcb5cc25af55e7987a9e27ac62eba0c873925401106e1f63c93fc,0,train,images/Ej (43).jpg,97.59,69.48,5.92,Jamur lain,Sooty mold,NO,original image class-code prefix 'Ej',NO,OBS0529,0.0,0.0,0.0,original measurement
OBS0529,SRC0204,d6fa31d2346bcb5cc25af55e7987a9e27ac62eba0c873925401106e1f63c93fc,1,train,images/Ej (43).jpg,97.8713,68.1788,6.0322,Jamur lain,Sooty mold,NO,original image class-code prefix 'Ej',YES,OBS0529,0.281346,-1.301242,0.112233,Gaussian perturbation; clipped to training-observed min/max
OBS0529,SRC0204,d6fa31d2346bcb5cc25af55e7987a9e27ac62eba0c873925401106e1f63c93fc,2,train,images/Ej (43).jpg,98.0,69.4388,5.9211,Jamur lain,Sooty mold,NO,original image class-code prefix 'Ej',YES,OBS0529,1.667435,-0.04116,0.001061,Gaussian perturbation; clipped to training-observed min/max
OBS0531,SRC0145,9fb749d635c0a45713998481fdc0b2ba89ed1e80bceb95b4ab2bca4952f0a99a,0,train,images/Ej (44).jpg,97.69,79.79,5.04,Jamur lain,Sooty mold,NO,original image class-code prefix 'Ej',NO,OBS0531,0.0,0.0,0.0,original measurement
OBS0531,SRC0145,9fb749d635c0a45713998481fdc0b2ba89ed1e80bceb95b4ab2bca4952f0a99a,1,train,images/Ej (44).jpg,98.0,79.5797,5.024,Jamur lain,Sooty mold,NO,original image class-code prefix 'Ej',YES,OBS0531,0.778963,-0.210305,-0.016014,Gaussian perturbation; clipped to training-observed min/max
OBS0531,SRC0145,9fb749d635c0a45713998481fdc0b2ba89ed1e80bceb95b4ab2bca4952f0a99a,2,train,images/Ej (44).jpg,97.0986,79.3749,5.0019,Jamur lain,Sooty mold,NO,original image class-code prefix 'Ej',YES,OBS0531,-0.591365,-0.415069,-0.038085,Gaussian perturbation; clipped to training-observed min/max
OBS0533,SRC0145,9fb749d635c0a45713998481fdc0b2ba89ed1e80bceb95b4ab2bca4952f0a99a,0,train,images/Ej (45).jpg,89.76,62.87,5.97,Jamur lain,Sooty mold,NO,original image class-code prefix 'Ej',NO,OBS0533,0.0,0.0,0.0,original measurement
OBS0533,SRC0145,9fb749d635c0a45713998481fdc0b2ba89ed1e80bceb95b4ab2bca4952f0a99a,1,train,images/Ej (45).jpg,90.6358,62.476,5.9357,Jamur lain,Sooty mold,NO,original image class-code prefix 'Ej',YES,OBS0533,0.875824,-0.393956,-0.034269,Gaussian perturbation; clipped to training-observed min/max
OBS0533,SRC0145,9fb749d635c0a45713998481fdc0b2ba89ed1e80bceb95b4ab2bca4952f0a99a,2,train,images/Ej (45).jpg,89.0078,61.0706,6.0948,Jamur lain,Sooty mold,NO,original image class-code prefix 'Ej',YES,OBS0533,-0.752187,-1.799396,0.124815,Gaussian perturbation; clipped to training-observed min/max
OBS0536,SRC0185,c4a788e9986c211ce28495f92dff66848ad4e84d70021a5a72262921f717bc2f,0,train,images/Ej (47).png,92.46,70.32,6.26,Jamur lain,Sooty mold,NO,original image class-code prefix 'Ej',NO,OBS0536,0.0,0.0,0.0,original measurement
OBS0536,SRC0185,c4a788e9986c211ce28495f92dff66848ad4e84d70021a5a72262921f717bc2f,1,train,images/Ej (47).png,93.0703,71.3598,6.2176,Jamur lain,Sooty mold,NO,original image class-code prefix 'Ej',YES,OBS0536,0.610315,1.039801,-0.042392,Gaussian perturbation; clipped to training-observed min/max
OBS0536,SRC0185,c4a788e9986c211ce28495f92dff66848ad4e84d70021a5a72262921f717bc2f,2,train,images/Ej (47).png,94.2086,70.4942,6.3762,Jamur lain,Sooty mold,NO,original image class-code prefix 'Ej',YES,OBS0536,1.748641,0.174243,0.116211,Gaussian perturbation; clipped to training-observed min/max
OBS0537,SRC0185,c4a788e9986c211ce28495f92dff66848ad4e84d70021a5a72262921f717bc2f,0,train,images/Ej (48).png,84.28,72.05,6.0,Jamur lain,Sooty mold,NO,original image class-code prefix 'Ej',NO,OBS0537,0.0,0.0,0.0,original measurement
OBS0537,SRC0185,c4a788e9986c211ce28495f92dff66848ad4e84d70021a5a72262921f717bc2f,1,train,images/Ej (48).png,84.264,71.9964,5.9578,Jamur lain,Sooty mold,NO,original image class-code prefix 'Ej',YES,OBS0537,-0.016048,-0.053598,-0.042236,Gaussian perturbation; clipped to training-observed min/max
OBS0537,SRC0185,c4a788e9986c211ce28495f92dff66848ad4e84d70021a5a72262921f717bc2f,2,train,images/Ej (48).png,84.373,72.32,6.1194,Jamur lain,Sooty mold,NO,original image class-code prefix 'Ej',YES,OBS0537,0.092984,0.269981,0.119416,Gaussian perturbation; clipped to training-observed min/max
OBS0538,SRC0185,c4a788e9986c211ce28495f92dff66848ad4e84d70021a5a72262921f717bc2f,0,train,images/Ej (49).png,90.71,83.09,5.73,Jamur lain,Sooty mold,NO,original image class-code prefix 'Ej',NO,OBS0538,0.0,0.0,0.0,original measurement
OBS0538,SRC0185,c4a788e9986c211ce28495f92dff66848ad4e84d70021a5a72262921f717bc2f,1,train,images/Ej (49).png,92.5577,83.1979,5.8275,Jamur lain,Sooty mold,NO,original image class-code prefix 'Ej',YES,OBS0538,1.847655,0.107936,0.097523,Gaussian perturbation; clipped to training-observed min/max
OBS0538,SRC0185,c4a788e9986c211ce28495f92dff66848ad4e84d70021a5a72262921f717bc2f,2,train,images/Ej (49).png,87.4488,82.5256,5.75,Jamur lain,Sooty mold,NO,original image class-code prefix 'Ej',YES,OBS0538,-3.261182,-0.564351,0.019977,Gaussian perturbation; clipped to training-observed min/max
OBS0539,SRC0180,bffa414b11382f99e6337b965d6f48c15ac94c56207c3d51dc0f93d7d12b695d,0,train,images/Ej (5).jpg,97.2,73.75,7.24,Jamur lain,Sooty mold,NO,original image class-code prefix 'Ej',NO,OBS0539,0.0,0.0,0.0,original measurement
OBS0539,SRC0180,bffa414b11382f99e6337b965d6f48c15ac94c56207c3d51dc0f93d7d12b695d,1,train,images/Ej (5).jpg,98.0,74.2577,7.2355,Jamur lain,Sooty mold,NO,original image class-code prefix 'Ej',YES,OBS0539,1.064546,0.507721,-0.004484,Gaussian perturbation; clipped to training-observed min/max
OBS0539,SRC0180,bffa414b11382f99e6337b965d6f48c15ac94c56207c3d51dc0f93d7d12b695d,2,train,images/Ej (5).jpg,96.6462,72.7903,7.3922,Jamur lain,Sooty mold,NO,original image class-code prefix 'Ej',YES,OBS0539,-0.553797,-0.959719,0.152157,Gaussian perturbation; clipped to training-observed min/max
OBS0540,SRC0015,0e3764b57080c34301d6fa281e878be5437952e504069a8823a1a4785a5f8d69,0,train,images/Ej (5).png,89.54,88.45,5.97,Jamur lain,Sooty mold,NO,original image class-code prefix 'Ej',NO,OBS0540,0.0,0.0,0.0,original measurement
OBS0540,SRC0015,0e3764b57080c34301d6fa281e878be5437952e504069a8823a1a4785a5f8d69,1,train,images/Ej (5).png,90.8867,90.0193,5.9708,Jamur lain,Sooty mold,NO,original image class-code prefix 'Ej',YES,OBS0540,1.346671,1.569333,0.000848,Gaussian perturbation; clipped to training-observed min/max
OBS0540,SRC0015,0e3764b57080c34301d6fa281e878be5437952e504069a8823a1a4785a5f8d69,2,train,images/Ej (5).png,88.8986,89.1156,5.968,Jamur lain,Sooty mold,NO,original image class-code prefix 'Ej',YES,OBS0540,-0.641363,0.665633,-0.00197,Gaussian perturbation; clipped to training-observed min/max
OBS0541,SRC0185,c4a788e9986c211ce28495f92dff66848ad4e84d70021a5a72262921f717bc2f,0,train,images/Ej (50).png,97.15,76.01,5.79,Jamur lain,Sooty mold,NO,original image class-code prefix 'Ej',NO,OBS0541,0.0,0.0,0.0,original measurement
OBS0541,SRC0185,c4a788e9986c211ce28495f92dff66848ad4e84d70021a5a72262921f717bc2f,1,train,images/Ej (50).png,96.9963,75.9802,5.7394,Jamur lain,Sooty mold,NO,original image class-code prefix 'Ej',YES,OBS0541,-0.153693,-0.029828,-0.050636,Gaussian perturbation; clipped to training-observed min/max
OBS0541,SRC0185,c4a788e9986c211ce28495f92dff66848ad4e84d70021a5a72262921f717bc2f,2,train,images/Ej (50).png,96.1043,75.7191,5.6792,Jamur lain,Sooty mold,NO,original image class-code prefix 'Ej',YES,OBS0541,-1.045698,-0.290885,-0.110834,Gaussian perturbation; clipped to training-observed min/max
OBS0542,SRC0185,c4a788e9986c211ce28495f92dff66848ad4e84d70021a5a72262921f717bc2f,0,train,images/Ej (51).png,88.32,69.58,5.76,Jamur lain,Sooty mold,NO,original image class-code prefix 'Ej',NO,OBS0542,0.0,0.0,0.0,original measurement
OBS0542,SRC0185,c4a788e9986c211ce28495f92dff66848ad4e84d70021a5a72262921f717bc2f,1,train,images/Ej (51).png,89.0379,70.5863,5.6984,Jamur lain,Sooty mold,NO,original image class-code prefix 'Ej',YES,OBS0542,0.7179,1.006261,-0.061563,Gaussian perturbation; clipped to training-observed min/max
OBS0542,SRC0185,c4a788e9986c211ce28495f92dff66848ad4e84d70021a5a72262921f717bc2f,2,train,images/Ej (51).png,86.1271,70.0523,5.7791,Jamur lain,Sooty mold,NO,original image class-code prefix 'Ej',YES,OBS0542,-2.192916,0.472295,0.019075,Gaussian perturbation; clipped to training-observed min/max
OBS0543,SRC0185,c4a788e9986c211ce28495f92dff66848ad4e84d70021a5a72262921f717bc2f,0,train,images/Ej (52).png,93.05,90.38,5.91,Jamur lain,Sooty mold,NO,original image class-code prefix 'Ej',NO,OBS0543,0.0,0.0,0.0,original measurement
OBS0543,SRC0185,c4a788e9986c211ce28495f92dff66848ad4e84d70021a5a72262921f717bc2f,1,train,images/Ej (52).png,93.0746,88.7787,5.7566,Jamur lain,Sooty mold,NO,original image class-code prefix 'Ej',YES,OBS0543,0.024608,-1.601314,-0.153419,Gaussian perturbation; clipped to training-observed min/max
OBS0543,SRC0185,c4a788e9986c211ce28495f92dff66848ad4e84d70021a5a72262921f717bc2f,2,train,images/Ej (52).png,95.1039,90.1203,5.9504,Jamur lain,Sooty mold,NO,original image class-code prefix 'Ej',YES,OBS0543,2.053871,-0.25969,0.040352,Gaussian perturbation; clipped to training-observed min/max
OBS0544,SRC0185,c4a788e9986c211ce28495f92dff66848ad4e84d70021a5a72262921f717bc2f,0,train,images/Ej (53).png,98.0,74.62,5.7,Jamur lain,Sooty mold,NO,original image class-code prefix 'Ej',NO,OBS0544,0.0,0.0,0.0,original measurement
OBS0544,SRC0185,c4a788e9986c211ce28495f92dff66848ad4e84d70021a5a72262921f717bc2f,1,train,images/Ej (53).png,97.9151,75.1162,5.5977,Jamur lain,Sooty mold,NO,original image class-code prefix 'Ej',YES,OBS0544,-0.0849,0.496248,-0.102261,Gaussian perturbation; clipped to training-observed min/max
OBS0544,SRC0185,c4a788e9986c211ce28495f92dff66848ad4e84d70021a5a72262921f717bc2f,2,train,images/Ej (53).png,97.4651,72.9936,5.613,Jamur lain,Sooty mold,NO,original image class-code prefix 'Ej',YES,OBS0544,-0.534851,-1.626436,-0.086972,Gaussian perturbation; clipped to training-observed min/max
OBS0545,SRC0185,c4a788e9986c211ce28495f92dff66848ad4e84d70021a5a72262921f717bc2f,0,train,images/Ej (54).png,77.25,83.77,5.95,Jamur lain,Sooty mold,NO,original image class-code prefix 'Ej',NO,OBS0545,0.0,0.0,0.0,original measurement
OBS0545,SRC0185,c4a788e9986c211ce28495f92dff66848ad4e84d70021a5a72262921f717bc2f,1,train,images/Ej (54).png,76.3992,81.6021,5.9131,Jamur lain,Sooty mold,NO,original image class-code prefix 'Ej',YES,OBS0545,-0.850824,-2.167859,-0.036896,Gaussian perturbation; clipped to training-observed min/max
OBS0545,SRC0185,c4a788e9986c211ce28495f92dff66848ad4e84d70021a5a72262921f717bc2f,2,train,images/Ej (54).png,76.3969,82.3465,5.9394,Jamur lain,Sooty mold,NO,original image class-code prefix 'Ej',YES,OBS0545,-0.853067,-1.423458,-0.010627,Gaussian perturbation; clipped to training-observed min/max
OBS0546,SRC0233,fb14cc1dbfce3a4a4da8a397703332e33c9f367203b33714a33e15d27cdbb283,0,train,images/Ej (55).png,84.7,76.94,6.21,Jamur lain,Sooty mold,NO,original image class-code prefix 'Ej',NO,OBS0546,0.0,0.0,0.0,original measurement
OBS0546,SRC0233,fb14cc1dbfce3a4a4da8a397703332e33c9f367203b33714a33e15d27cdbb283,1,train,images/Ej (55).png,84.6864,75.9356,6.371,Jamur lain,Sooty mold,NO,original image class-code prefix 'Ej',YES,OBS0546,-0.013609,-1.004368,0.160958,Gaussian perturbation; clipped to training-observed min/max
OBS0546,SRC0233,fb14cc1dbfce3a4a4da8a397703332e33c9f367203b33714a33e15d27cdbb283,2,train,images/Ej (55).png,85.5618,78.286,6.1837,Jamur lain,Sooty mold,NO,original image class-code prefix 'Ej',YES,OBS0546,0.861849,1.345988,-0.026271,Gaussian perturbation; clipped to training-observed min/max
OBS0547,SRC0233,fb14cc1dbfce3a4a4da8a397703332e33c9f367203b33714a33e15d27cdbb283,0,train,images/Ej (56).png,98.0,88.73,6.57,Jamur lain,Sooty mold,NO,original image class-code prefix 'Ej',NO,OBS0547,0.0,0.0,0.0,original measurement
OBS0547,SRC0233,fb14cc1dbfce3a4a4da8a397703332e33c9f367203b33714a33e15d27cdbb283,1,train,images/Ej (56).png,98.0,89.6487,6.4885,Jamur lain,Sooty mold,NO,original image class-code prefix 'Ej',YES,OBS0547,1.072319,0.91869,-0.081481,Gaussian perturbation; clipped to training-observed min/max
OBS0547,SRC0233,fb14cc1dbfce3a4a4da8a397703332e33c9f367203b33714a33e15d27cdbb283,2,train,images/Ej (56).png,97.1813,92.2283,6.5371,Jamur lain,Sooty mold,NO,original image class-code prefix 'Ej',YES,OBS0547,-0.818652,3.498267,-0.032897,Gaussian perturbation; clipped to training-observed min/max
OBS0548,SRC0233,fb14cc1dbfce3a4a4da8a397703332e33c9f367203b33714a33e15d27cdbb283,0,train,images/Ej (57).png,93.42,86.36,5.73,Jamur lain,Sooty mold,NO,original image class-code prefix 'Ej',NO,OBS0548,0.0,0.0,0.0,original measurement
OBS0548,SRC0233,fb14cc1dbfce3a4a4da8a397703332e33c9f367203b33714a33e15d27cdbb283,1,train,images/Ej (57).png,94.0042,86.1025,5.7965,Jamur lain,Sooty mold,NO,original image class-code prefix 'Ej',YES,OBS0548,0.584233,-0.257522,0.066512,Gaussian perturbation; clipped to training-observed min/max
OBS0548,SRC0233,fb14cc1dbfce3a4a4da8a397703332e33c9f367203b33714a33e15d27cdbb283,2,train,images/Ej (57).png,92.2265,85.1536,5.8207,Jamur lain,Sooty mold,NO,original image class-code prefix 'Ej',YES,OBS0548,-1.193502,-1.206351,0.090747,Gaussian perturbation; clipped to training-observed min/max
OBS0549,SRC0233,fb14cc1dbfce3a4a4da8a397703332e33c9f367203b33714a33e15d27cdbb283,0,train,images/Ej (58).png,91.12,78.76,4.76,Jamur lain,Sooty mold,NO,original image class-code prefix 'Ej',NO,OBS0549,0.0,0.0,0.0,original measurement
OBS0549,SRC0233,fb14cc1dbfce3a4a4da8a397703332e33c9f367203b33714a33e15d27cdbb283,1,train,images/Ej (58).png,91.3582,75.7869,4.7619,Jamur lain,Sooty mold,NO,original image class-code prefix 'Ej',YES,OBS0549,0.238239,-2.973145,0.001873,Gaussian perturbation; clipped to training-observed min/max
OBS0549,SRC0233,fb14cc1dbfce3a4a4da8a397703332e33c9f367203b33714a33e15d27cdbb283,2,train,images/Ej (58).png,90.9016,79.6128,4.7857,Jamur lain,Sooty mold,NO,original image class-code prefix 'Ej',YES,OBS0549,-0.218361,0.852802,0.025684,Gaussian perturbation; clipped to training-observed min/max
OBS0550,SRC0233,fb14cc1dbfce3a4a4da8a397703332e33c9f367203b33714a33e15d27cdbb283,0,train,images/Ej (59).png,90.68,73.92,6.52,Jamur lain,Sooty mold,NO,original image class-code prefix 'Ej',NO,OBS0550,0.0,0.0,0.0,original measurement
OBS0550,SRC0233,fb14cc1dbfce3a4a4da8a397703332e33c9f367203b33714a33e15d27cdbb283,1,train,images/Ej (59).png,91.0906,74.025,6.5432,Jamur lain,Sooty mold,NO,original image class-code prefix 'Ej',YES,OBS0550,0.410636,0.104957,0.023238,Gaussian perturbation; clipped to training-observed min/max
OBS0550,SRC0233,fb14cc1dbfce3a4a4da8a397703332e33c9f367203b33714a33e15d27cdbb283,2,train,images/Ej (59).png,89.2969,72.9421,6.4518,Jamur lain,Sooty mold,NO,original image class-code prefix 'Ej',YES,OBS0550,-1.383148,-0.97788,-0.068185,Gaussian perturbation; clipped to training-observed min/max
OBS0551,SRC0180,bffa414b11382f99e6337b965d6f48c15ac94c56207c3d51dc0f93d7d12b695d,0,train,images/Ej (6).jpg,88.85,77.02,5.4,Jamur lain,Sooty mold,NO,original image class-code prefix 'Ej',NO,OBS0551,0.0,0.0,0.0,original measurement
OBS0551,SRC0180,bffa414b11382f99e6337b965d6f48c15ac94c56207c3d51dc0f93d7d12b695d,1,train,images/Ej (6).jpg,87.2406,77.9659,5.4862,Jamur lain,Sooty mold,NO,original image class-code prefix 'Ej',YES,OBS0551,-1.609391,0.945905,0.086207,Gaussian perturbation; clipped to training-observed min/max
OBS0551,SRC0180,bffa414b11382f99e6337b965d6f48c15ac94c56207c3d51dc0f93d7d12b695d,2,train,images/Ej (6).jpg,89.5868,76.2985,5.357,Jamur lain,Sooty mold,NO,original image class-code prefix 'Ej',YES,OBS0551,0.736794,-0.721478,-0.04297,Gaussian perturbation; clipped to training-observed min/max
OBS0552,SRC0015,0e3764b57080c34301d6fa281e878be5437952e504069a8823a1a4785a5f8d69,0,train,images/Ej (6).png,89.87,67.47,6.61,Jamur lain,Sooty mold,NO,original image class-code prefix 'Ej',NO,OBS0552,0.0,0.0,0.0,original measurement
OBS0552,SRC0015,0e3764b57080c34301d6fa281e878be5437952e504069a8823a1a4785a5f8d69,1,train,images/Ej (6).png,89.3422,68.8055,6.6521,Jamur lain,Sooty mold,NO,original image class-code prefix 'Ej',YES,OBS0552,-0.52785,1.335478,0.04213,Gaussian perturbation; clipped to training-observed min/max
OBS0552,SRC0015,0e3764b57080c34301d6fa281e878be5437952e504069a8823a1a4785a5f8d69,2,train,images/Ej (6).png,91.9567,66.3065,6.5919,Jamur lain,Sooty mold,NO,original image class-code prefix 'Ej',YES,OBS0552,2.086692,-1.163493,-0.018051,Gaussian perturbation; clipped to training-observed min/max
OBS0553,SRC0233,fb14cc1dbfce3a4a4da8a397703332e33c9f367203b33714a33e15d27cdbb283,0,train,images/Ej (60).png,98.0,87.15,4.93,Jamur lain,Sooty mold,NO,original image class-code prefix 'Ej',NO,OBS0553,0.0,0.0,0.0,original measurement
OBS0553,SRC0233,fb14cc1dbfce3a4a4da8a397703332e33c9f367203b33714a33e15d27cdbb283,1,train,images/Ej (60).png,96.4872,85.4493,4.9176,Jamur lain,Sooty mold,NO,original image class-code prefix 'Ej',YES,OBS0553,-1.512816,-1.70069,-0.012421,Gaussian perturbation; clipped to training-observed min/max
OBS0553,SRC0233,fb14cc1dbfce3a4a4da8a397703332e33c9f367203b33714a33e15d27cdbb283,2,train,images/Ej (60).png,97.5972,86.5346,4.8072,Jamur lain,Sooty mold,NO,original image class-code prefix 'Ej',YES,OBS0553,-0.402847,-0.61538,-0.122778,Gaussian perturbation; clipped to training-observed min/max
OBS0554,SRC0233,fb14cc1dbfce3a4a4da8a397703332e33c9f367203b33714a33e15d27cdbb283,0,train,images/Ej (61).png,93.23,77.9,6.31,Jamur lain,Sooty mold,NO,original image class-code prefix 'Ej',NO,OBS0554,0.0,0.0,0.0,original measurement
OBS0554,SRC0233,fb14cc1dbfce3a4a4da8a397703332e33c9f367203b33714a33e15d27cdbb283,1,train,images/Ej (61).png,93.4661,77.5594,6.3832,Jamur lain,Sooty mold,NO,original image class-code prefix 'Ej',YES,OBS0554,0.236124,-0.340644,0.073189,Gaussian perturbation; clipped to training-observed min/max
OBS0554,SRC0233,fb14cc1dbfce3a4a4da8a397703332e33c9f367203b33714a33e15d27cdbb283,2,train,images/Ej (61).png,93.8906,76.3259,6.3417,Jamur lain,Sooty mold,NO,original image class-code prefix 'Ej',YES,OBS0554,0.660603,-1.57409,0.031655,Gaussian perturbation; clipped to training-observed min/max
OBS0555,SRC0233,fb14cc1dbfce3a4a4da8a397703332e33c9f367203b33714a33e15d27cdbb283,0,train,images/Ej (62).png,97.55,73.6,5.74,Jamur lain,Sooty mold,NO,original image class-code prefix 'Ej',NO,OBS0555,0.0,0.0,0.0,original measurement
OBS0555,SRC0233,fb14cc1dbfce3a4a4da8a397703332e33c9f367203b33714a33e15d27cdbb283,1,train,images/Ej (62).png,96.8314,75.439,5.7376,Jamur lain,Sooty mold,NO,original image class-code prefix 'Ej',YES,OBS0555,-0.718642,1.839007,-0.002367,Gaussian perturbation; clipped to training-observed min/max
OBS0555,SRC0233,fb14cc1dbfce3a4a4da8a397703332e33c9f367203b33714a33e15d27cdbb283,2,train,images/Ej (62).png,96.9458,73.1122,5.6199,Jamur lain,Sooty mold,NO,original image class-code prefix 'Ej',YES,OBS0555,-0.604216,-0.487849,-0.120072,Gaussian perturbation; clipped to training-observed min/max
OBS0556,SRC0055,3bb41c4608b8d512a2c783baee146ccf3fd0942141da623c9deaacea31a47b08,0,train,images/Ej (63).png,92.13,74.29,6.57,Bercak daun,Sooty mold,YES,original image class-code prefix 'Ej',NO,OBS0556,0.0,0.0,0.0,original measurement
OBS0556,SRC0055,3bb41c4608b8d512a2c783baee146ccf3fd0942141da623c9deaacea31a47b08,1,train,images/Ej (63).png,93.6593,76.8332,6.4316,Bercak daun,Sooty mold,YES,original image class-code prefix 'Ej',YES,OBS0556,1.529348,2.543226,-0.138384,Gaussian perturbation; clipped to training-observed min/max
OBS0556,SRC0055,3bb41c4608b8d512a2c783baee146ccf3fd0942141da623c9deaacea31a47b08,2,train,images/Ej (63).png,91.8278,74.1575,6.5225,Bercak daun,Sooty mold,YES,original image class-code prefix 'Ej',YES,OBS0556,-0.302152,-0.132486,-0.047542,Gaussian perturbation; clipped to training-observed min/max
OBS0557,SRC0055,3bb41c4608b8d512a2c783baee146ccf3fd0942141da623c9deaacea31a47b08,0,train,images/Ej (64).png,85.76,70.41,5.81,Jamur lain,Sooty mold,NO,original image class-code prefix 'Ej',NO,OBS0557,0.0,0.0,0.0,original measurement
OBS0557,SRC0055,3bb41c4608b8d512a2c783baee146ccf3fd0942141da623c9deaacea31a47b08,1,train,images/Ej (64).png,87.221,71.9069,5.7904,Jamur lain,Sooty mold,NO,original image class-code prefix 'Ej',YES,OBS0557,1.461044,1.496927,-0.019627,Gaussian perturbation; clipped to training-observed min/max
OBS0557,SRC0055,3bb41c4608b8d512a2c783baee146ccf3fd0942141da623c9deaacea31a47b08,2,train,images/Ej (64).png,88.2455,70.4493,5.7906,Jamur lain,Sooty mold,NO,original image class-code prefix 'Ej',YES,OBS0557,2.485539,0.039325,-0.019352,Gaussian perturbation; clipped to training-observed min/max
OBS0558,SRC0055,3bb41c4608b8d512a2c783baee146ccf3fd0942141da623c9deaacea31a47b08,0,train,images/Ej (65).png,92.21,73.36,5.71,Jamur lain,Sooty mold,NO,original image class-code prefix 'Ej',NO,OBS0558,0.0,0.0,0.0,original measurement
OBS0558,SRC0055,3bb41c4608b8d512a2c783baee146ccf3fd0942141da623c9deaacea31a47b08,1,train,images/Ej (65).png,92.5458,72.4648,5.8263,Jamur lain,Sooty mold,NO,original image class-code prefix 'Ej',YES,OBS0558,0.335764,-0.895239,0.116251,Gaussian perturbation; clipped to training-observed min/max
OBS0558,SRC0055,3bb41c4608b8d512a2c783baee146ccf3fd0942141da623c9deaacea31a47b08,2,train,images/Ej (65).png,92.95,72.9341,5.6952,Jamur lain,Sooty mold,NO,original image class-code prefix 'Ej',YES,OBS0558,0.739963,-0.425935,-0.014841,Gaussian perturbation; clipped to training-observed min/max
OBS0559,SRC0055,3bb41c4608b8d512a2c783baee146ccf3fd0942141da623c9deaacea31a47b08,0,train,images/Ej (66).png,96.88,81.85,5.38,Jamur lain,Sooty mold,NO,original image class-code prefix 'Ej',NO,OBS0559,0.0,0.0,0.0,original measurement
OBS0559,SRC0055,3bb41c4608b8d512a2c783baee146ccf3fd0942141da623c9deaacea31a47b08,1,train,images/Ej (66).png,95.7907,82.165,5.2765,Jamur lain,Sooty mold,NO,original image class-code prefix 'Ej',YES,OBS0559,-1.089327,0.315011,-0.103491,Gaussian perturbation; clipped to training-observed min/max
OBS0559,SRC0055,3bb41c4608b8d512a2c783baee146ccf3fd0942141da623c9deaacea31a47b08,2,train,images/Ej (66).png,96.8838,81.2294,5.4254,Jamur lain,Sooty mold,NO,original image class-code prefix 'Ej',YES,OBS0559,0.003804,-0.620646,0.045364,Gaussian perturbation; clipped to training-observed min/max
OBS0560,SRC0055,3bb41c4608b8d512a2c783baee146ccf3fd0942141da623c9deaacea31a47b08,0,train,images/Ej (67).png,88.48,68.47,6.37,Jamur lain,Sooty mold,NO,original image class-code prefix 'Ej',NO,OBS0560,0.0,0.0,0.0,original measurement
OBS0560,SRC0055,3bb41c4608b8d512a2c783baee146ccf3fd0942141da623c9deaacea31a47b08,1,train,images/Ej (67).png,89.7311,69.4143,6.3602,Jamur lain,Sooty mold,NO,original image class-code prefix 'Ej',YES,OBS0560,1.251082,0.944326,-0.009806,Gaussian perturbation; clipped to training-observed min/max
OBS0560,SRC0055,3bb41c4608b8d512a2c783baee146ccf3fd0942141da623c9deaacea31a47b08,2,train,images/Ej (67).png,87.6285,68.1104,6.3687,Jamur lain,Sooty mold,NO,original image class-code prefix 'Ej',YES,OBS0560,-0.851549,-0.359595,-0.001331,Gaussian perturbation; clipped to training-observed min/max
OBS0561,SRC0055,3bb41c4608b8d512a2c783baee146ccf3fd0942141da623c9deaacea31a47b08,0,train,images/Ej (68).png,92.65,73.96,6.06,Jamur lain,Sooty mold,NO,original image class-code prefix 'Ej',NO,OBS0561,0.0,0.0,0.0,original measurement
OBS0561,SRC0055,3bb41c4608b8d512a2c783baee146ccf3fd0942141da623c9deaacea31a47b08,1,train,images/Ej (68).png,93.2355,73.2782,5.9826,Jamur lain,Sooty mold,NO,original image class-code prefix 'Ej',YES,OBS0561,0.585502,-0.68181,-0.077382,Gaussian perturbation; clipped to training-observed min/max
OBS0561,SRC0055,3bb41c4608b8d512a2c783baee146ccf3fd0942141da623c9deaacea31a47b08,2,train,images/Ej (68).png,92.8581,75.5906,6.2098,Jamur lain,Sooty mold,NO,original image class-code prefix 'Ej',YES,OBS0561,0.208112,1.630563,0.149786,Gaussian perturbation; clipped to training-observed min/max
OBS0562,SRC0055,3bb41c4608b8d512a2c783baee146ccf3fd0942141da623c9deaacea31a47b08,0,train,images/Ej (69).png,98.0,75.82,6.45,Jamur lain,Sooty mold,NO,original image class-code prefix 'Ej',NO,OBS0562,0.0,0.0,0.0,original measurement
OBS0562,SRC0055,3bb41c4608b8d512a2c783baee146ccf3fd0942141da623c9deaacea31a47b08,1,train,images/Ej (69).png,98.0,74.6317,6.5627,Jamur lain,Sooty mold,NO,original image class-code prefix 'Ej',YES,OBS0562,0.95184,-1.188317,0.112687,Gaussian perturbation; clipped to training-observed min/max
OBS0562,SRC0055,3bb41c4608b8d512a2c783baee146ccf3fd0942141da623c9deaacea31a47b08,2,train,images/Ej (69).png,96.9852,74.8953,6.4842,Jamur lain,Sooty mold,NO,original image class-code prefix 'Ej',YES,OBS0562,-1.014792,-0.924686,0.034209,Gaussian perturbation; clipped to training-observed min/max
OBS0563,SRC0211,de2082330f14c2a788cf94b1ddfa09a3207d6aec06476c0e51aecd93cda7214a,0,train,images/Ej (7).jpg,98.0,83.58,6.88,Jamur lain,Sooty mold,NO,original image class-code prefix 'Ej',NO,OBS0563,0.0,0.0,0.0,original measurement
OBS0563,SRC0211,de2082330f14c2a788cf94b1ddfa09a3207d6aec06476c0e51aecd93cda7214a,1,train,images/Ej (7).jpg,96.3436,84.542,6.8757,Jamur lain,Sooty mold,NO,original image class-code prefix 'Ej',YES,OBS0563,-1.65639,0.962016,-0.00429,Gaussian perturbation; clipped to training-observed min/max
OBS0563,SRC0211,de2082330f14c2a788cf94b1ddfa09a3207d6aec06476c0e51aecd93cda7214a,2,train,images/Ej (7).jpg,98.0,82.5919,6.9477,Jamur lain,Sooty mold,NO,original image class-code prefix 'Ej',YES,OBS0563,0.478947,-0.988115,0.067714,Gaussian perturbation; clipped to training-observed min/max
OBS0564,SRC0033,2051b9f27dc9d6b31482afe02fa01eb0947a6eaa08d070b2e266169a04149c81,0,train,images/Ej (7).png,92.0,77.42,5.2,Jamur lain,Sooty mold,NO,original image class-code prefix 'Ej',NO,OBS0564,0.0,0.0,0.0,original measurement
OBS0564,SRC0033,2051b9f27dc9d6b31482afe02fa01eb0947a6eaa08d070b2e266169a04149c81,1,train,images/Ej (7).png,92.6157,76.984,5.2756,Jamur lain,Sooty mold,NO,original image class-code prefix 'Ej',YES,OBS0564,0.615748,-0.435994,0.075623,Gaussian perturbation; clipped to training-observed min/max
OBS0564,SRC0033,2051b9f27dc9d6b31482afe02fa01eb0947a6eaa08d070b2e266169a04149c81,2,train,images/Ej (7).png,88.8077,77.8548,5.1914,Jamur lain,Sooty mold,NO,original image class-code prefix 'Ej',YES,OBS0564,-3.192343,0.434774,-0.008603,Gaussian perturbation; clipped to training-observed min/max
OBS0565,SRC0055,3bb41c4608b8d512a2c783baee146ccf3fd0942141da623c9deaacea31a47b08,0,train,images/Ej (70).png,98.0,78.93,6.52,Jamur lain,Sooty mold,NO,original image class-code prefix 'Ej',NO,OBS0565,0.0,0.0,0.0,original measurement
OBS0565,SRC0055,3bb41c4608b8d512a2c783baee146ccf3fd0942141da623c9deaacea31a47b08,1,train,images/Ej (70).png,97.046,79.1427,6.56,Jamur lain,Sooty mold,NO,original image class-code prefix 'Ej',YES,OBS0565,-0.953999,0.212651,0.039984,Gaussian perturbation; clipped to training-observed min/max
OBS0565,SRC0055,3bb41c4608b8d512a2c783baee146ccf3fd0942141da623c9deaacea31a47b08,2,train,images/Ej (70).png,97.1156,78.7866,6.5167,Jamur lain,Sooty mold,NO,original image class-code prefix 'Ej',YES,OBS0565,-0.884355,-0.143432,-0.003314,Gaussian perturbation; clipped to training-observed min/max
OBS0566,SRC0116,7de6656396e55226466e79929876e1f9cb1d96f8f600e014e055b5ed650fd005,0,train,images/Ej (71).png,85.9,66.34,5.66,Jamur lain,Sooty mold,NO,original image class-code prefix 'Ej',NO,OBS0566,0.0,0.0,0.0,original measurement
OBS0566,SRC0116,7de6656396e55226466e79929876e1f9cb1d96f8f600e014e055b5ed650fd005,1,train,images/Ej (71).png,86.3715,67.8121,5.6229,Jamur lain,Sooty mold,NO,original image class-code prefix 'Ej',YES,OBS0566,0.47147,1.47213,-0.037116,Gaussian perturbation; clipped to training-observed min/max
OBS0566,SRC0116,7de6656396e55226466e79929876e1f9cb1d96f8f600e014e055b5ed650fd005,2,train,images/Ej (71).png,87.4803,64.7749,5.6841,Jamur lain,Sooty mold,NO,original image class-code prefix 'Ej',YES,OBS0566,1.580301,-1.565066,0.024062,Gaussian perturbation; clipped to training-observed min/max
OBS0567,SRC0116,7de6656396e55226466e79929876e1f9cb1d96f8f600e014e055b5ed650fd005,0,train,images/Ej (72).png,82.45,67.26,5.87,Jamur lain,Sooty mold,NO,original image class-code prefix 'Ej',NO,OBS0567,0.0,0.0,0.0,original measurement
OBS0567,SRC0116,7de6656396e55226466e79929876e1f9cb1d96f8f600e014e055b5ed650fd005,1,train,images/Ej (72).png,80.3865,67.3461,5.9278,Jamur lain,Sooty mold,NO,original image class-code prefix 'Ej',YES,OBS0567,-2.06353,0.086132,0.05778,Gaussian perturbation; clipped to training-observed min/max
OBS0567,SRC0116,7de6656396e55226466e79929876e1f9cb1d96f8f600e014e055b5ed650fd005,2,train,images/Ej (72).png,84.8776,67.3192,5.8101,Jamur lain,Sooty mold,NO,original image class-code prefix 'Ej',YES,OBS0567,2.427563,0.059228,-0.059865,Gaussian perturbation; clipped to training-observed min/max
OBS0568,SRC0116,7de6656396e55226466e79929876e1f9cb1d96f8f600e014e055b5ed650fd005,0,train,images/Ej (73).png,84.91,83.88,5.3,Jamur lain,Sooty mold,NO,original image class-code prefix 'Ej',NO,OBS0568,0.0,0.0,0.0,original measurement
OBS0568,SRC0116,7de6656396e55226466e79929876e1f9cb1d96f8f600e014e055b5ed650fd005,1,train,images/Ej (73).png,86.1418,83.9294,5.3079,Jamur lain,Sooty mold,NO,original image class-code prefix 'Ej',YES,OBS0568,1.231795,0.049389,0.007867,Gaussian perturbation; clipped to training-observed min/max
OBS0568,SRC0116,7de6656396e55226466e79929876e1f9cb1d96f8f600e014e055b5ed650fd005,2,train,images/Ej (73).png,86.0104,85.1913,5.1614,Jamur lain,Sooty mold,NO,original image class-code prefix 'Ej',YES,OBS0568,1.100421,1.3113,-0.13857,Gaussian perturbation; clipped to training-observed min/max
OBS0569,SRC0116,7de6656396e55226466e79929876e1f9cb1d96f8f600e014e055b5ed650fd005,0,train,images/Ej (74).png,79.36,69.96,5.92,Jamur lain,Sooty mold,NO,original image class-code prefix 'Ej',NO,OBS0569,0.0,0.0,0.0,original measurement
OBS0569,SRC0116,7de6656396e55226466e79929876e1f9cb1d96f8f600e014e055b5ed650fd005,1,train,images/Ej (74).png,79.4219,69.9403,5.8344,Jamur lain,Sooty mold,NO,original image class-code prefix 'Ej',YES,OBS0569,0.06186,-0.019675,-0.085566,Gaussian perturbation; clipped to training-observed min/max
OBS0569,SRC0116,7de6656396e55226466e79929876e1f9cb1d96f8f600e014e055b5ed650fd005,2,train,images/Ej (74).png,77.4113,69.8798,5.8829,Jamur lain,Sooty mold,NO,original image class-code prefix 'Ej',YES,OBS0569,-1.94868,-0.080215,-0.037099,Gaussian perturbation; clipped to training-observed min/max
OBS0570,SRC0116,7de6656396e55226466e79929876e1f9cb1d96f8f600e014e055b5ed650fd005,0,train,images/Ej (75).png,87.45,75.57,6.43,Jamur lain,Sooty mold,NO,original image class-code prefix 'Ej',NO,OBS0570,0.0,0.0,0.0,original measurement
OBS0570,SRC0116,7de6656396e55226466e79929876e1f9cb1d96f8f600e014e055b5ed650fd005,1,train,images/Ej (75).png,86.5804,75.4052,6.4019,Jamur lain,Sooty mold,NO,original image class-code prefix 'Ej',YES,OBS0570,-0.869638,-0.164842,-0.028082,Gaussian perturbation; clipped to training-observed min/max
OBS0570,SRC0116,7de6656396e55226466e79929876e1f9cb1d96f8f600e014e055b5ed650fd005,2,train,images/Ej (75).png,87.4711,77.4621,6.4276,Jamur lain,Sooty mold,NO,original image class-code prefix 'Ej',YES,OBS0570,0.021115,1.892149,-0.00241,Gaussian perturbation; clipped to training-observed min/max
OBS0571,SRC0116,7de6656396e55226466e79929876e1f9cb1d96f8f600e014e055b5ed650fd005,0,train,images/Ej (76).png,89.34,80.24,6.06,Jamur lain,Sooty mold,NO,original image class-code prefix 'Ej',NO,OBS0571,0.0,0.0,0.0,original measurement
OBS0571,SRC0116,7de6656396e55226466e79929876e1f9cb1d96f8f600e014e055b5ed650fd005,1,train,images/Ej (76).png,91.5964,81.7329,6.1374,Jamur lain,Sooty mold,NO,original image class-code prefix 'Ej',YES,OBS0571,2.256444,1.492918,0.077407,Gaussian perturbation; clipped to training-observed min/max
OBS0571,SRC0116,7de6656396e55226466e79929876e1f9cb1d96f8f600e014e055b5ed650fd005,2,train,images/Ej (76).png,88.4658,79.8879,5.9864,Jamur lain,Sooty mold,NO,original image class-code prefix 'Ej',YES,OBS0571,-0.874205,-0.352122,-0.073578,Gaussian perturbation; clipped to training-observed min/max
OBS0572,SRC0116,7de6656396e55226466e79929876e1f9cb1d96f8f600e014e055b5ed650fd005,0,train,images/Ej (77).png,98.0,75.2,6.98,Jamur lain,Sooty mold,NO,original image class-code prefix 'Ej',NO,OBS0572,0.0,0.0,0.0,original measurement
OBS0572,SRC0116,7de6656396e55226466e79929876e1f9cb1d96f8f600e014e055b5ed650fd005,1,train,images/Ej (77).png,98.0,75.1195,7.0153,Jamur lain,Sooty mold,NO,original image class-code prefix 'Ej',YES,OBS0572,0.49905,-0.080473,0.035336,Gaussian perturbation; clipped to training-observed min/max
OBS0572,SRC0116,7de6656396e55226466e79929876e1f9cb1d96f8f600e014e055b5ed650fd005,2,train,images/Ej (77).png,98.0,75.4014,6.9514,Jamur lain,Sooty mold,NO,original image class-code prefix 'Ej',YES,OBS0572,0.363029,0.201416,-0.028553,Gaussian perturbation; clipped to training-observed min/max
OBS0573,SRC0116,7de6656396e55226466e79929876e1f9cb1d96f8f600e014e055b5ed650fd005,0,train,images/Ej (78).png,90.59,80.91,5.64,Jamur lain,Sooty mold,NO,original image class-code prefix 'Ej',NO,OBS0573,0.0,0.0,0.0,original measurement
OBS0573,SRC0116,7de6656396e55226466e79929876e1f9cb1d96f8f600e014e055b5ed650fd005,1,train,images/Ej (78).png,89.4224,80.38,5.6973,Jamur lain,Sooty mold,NO,original image class-code prefix 'Ej',YES,OBS0573,-1.16759,-0.530022,0.057329,Gaussian perturbation; clipped to training-observed min/max
OBS0573,SRC0116,7de6656396e55226466e79929876e1f9cb1d96f8f600e014e055b5ed650fd005,2,train,images/Ej (78).png,90.3933,80.838,5.7094,Jamur lain,Sooty mold,NO,original image class-code prefix 'Ej',YES,OBS0573,-0.196659,-0.07203,0.069425,Gaussian perturbation; clipped to training-observed min/max
OBS0575,SRC0211,de2082330f14c2a788cf94b1ddfa09a3207d6aec06476c0e51aecd93cda7214a,0,train,images/Ej (8).jpg,95.82,67.83,5.49,Jamur lain,Sooty mold,NO,original image class-code prefix 'Ej',NO,OBS0575,0.0,0.0,0.0,original measurement
OBS0575,SRC0211,de2082330f14c2a788cf94b1ddfa09a3207d6aec06476c0e51aecd93cda7214a,1,train,images/Ej (8).jpg,96.4051,66.0602,5.4836,Jamur lain,Sooty mold,NO,original image class-code prefix 'Ej',YES,OBS0575,0.585092,-1.769769,-0.006433,Gaussian perturbation; clipped to training-observed min/max
OBS0575,SRC0211,de2082330f14c2a788cf94b1ddfa09a3207d6aec06476c0e51aecd93cda7214a,2,train,images/Ej (8).jpg,94.7744,67.765,5.5212,Jamur lain,Sooty mold,NO,original image class-code prefix 'Ej',YES,OBS0575,-1.045554,-0.06502,0.031222,Gaussian perturbation; clipped to training-observed min/max
OBS0576,SRC0033,2051b9f27dc9d6b31482afe02fa01eb0947a6eaa08d070b2e266169a04149c81,0,train,images/Ej (8).png,74.13,82.12,6.46,Jamur lain,Sooty mold,NO,original image class-code prefix 'Ej',NO,OBS0576,0.0,0.0,0.0,original measurement
OBS0576,SRC0033,2051b9f27dc9d6b31482afe02fa01eb0947a6eaa08d070b2e266169a04149c81,1,train,images/Ej (8).png,74.7413,84.1165,6.4199,Jamur lain,Sooty mold,NO,original image class-code prefix 'Ej',YES,OBS0576,0.611298,1.996542,-0.040065,Gaussian perturbation; clipped to training-observed min/max
OBS0576,SRC0033,2051b9f27dc9d6b31482afe02fa01eb0947a6eaa08d070b2e266169a04149c81,2,train,images/Ej (8).png,73.7761,82.8088,6.537,Jamur lain,Sooty mold,NO,original image class-code prefix 'Ej',YES,OBS0576,-0.353932,0.688834,0.076959,Gaussian perturbation; clipped to training-observed min/max
OBS0584,SRC0074,5714a55d495bdc89716dd4794372f736d2d79bdd941d57f522db8adb3f4ec6a0,0,train,images/Ej (87).png,98.0,70.9,5.19,Jamur lain,Sooty mold,NO,original image class-code prefix 'Ej',NO,OBS0584,0.0,0.0,0.0,original measurement
OBS0584,SRC0074,5714a55d495bdc89716dd4794372f736d2d79bdd941d57f522db8adb3f4ec6a0,1,train,images/Ej (87).png,96.7623,71.7241,5.2432,Jamur lain,Sooty mold,NO,original image class-code prefix 'Ej',YES,OBS0584,-1.237709,0.824061,0.053238,Gaussian perturbation; clipped to training-observed min/max
OBS0584,SRC0074,5714a55d495bdc89716dd4794372f736d2d79bdd941d57f522db8adb3f4ec6a0,2,train,images/Ej (87).png,97.8196,70.5627,5.2486,Jamur lain,Sooty mold,NO,original image class-code prefix 'Ej',YES,OBS0584,-0.180428,-0.337322,0.058612,Gaussian perturbation; clipped to training-observed min/max
OBS0585,SRC0074,5714a55d495bdc89716dd4794372f736d2d79bdd941d57f522db8adb3f4ec6a0,0,train,images/Ej (88).png,89.28,66.62,6.59,Sehat,Sooty mold,YES,original image class-code prefix 'Ej',NO,OBS0585,0.0,0.0,0.0,original measurement
OBS0585,SRC0074,5714a55d495bdc89716dd4794372f736d2d79bdd941d57f522db8adb3f4ec6a0,1,train,images/Ej (88).png,89.7926,67.1008,6.5315,Sehat,Sooty mold,YES,original image class-code prefix 'Ej',YES,OBS0585,0.512604,0.480844,-0.058543,Gaussian perturbation; clipped to training-observed min/max
OBS0585,SRC0074,5714a55d495bdc89716dd4794372f736d2d79bdd941d57f522db8adb3f4ec6a0,2,train,images/Ej (88).png,87.2132,66.5072,6.5683,Sehat,Sooty mold,YES,original image class-code prefix 'Ej',YES,OBS0585,-2.066764,-0.112804,-0.021688,Gaussian perturbation; clipped to training-observed min/max
OBS0586,SRC0074,5714a55d495bdc89716dd4794372f736d2d79bdd941d57f522db8adb3f4ec6a0,0,train,images/Ej (89).png,96.02,67.82,6.43,Jamur lain,Sooty mold,NO,original image class-code prefix 'Ej',NO,OBS0586,0.0,0.0,0.0,original measurement
OBS0586,SRC0074,5714a55d495bdc89716dd4794372f736d2d79bdd941d57f522db8adb3f4ec6a0,1,train,images/Ej (89).png,96.5698,66.9026,6.4808,Jamur lain,Sooty mold,NO,original image class-code prefix 'Ej',YES,OBS0586,0.549778,-0.917416,0.050776,Gaussian perturbation; clipped to training-observed min/max
OBS0586,SRC0074,5714a55d495bdc89716dd4794372f736d2d79bdd941d57f522db8adb3f4ec6a0,2,train,images/Ej (89).png,96.5115,66.9318,6.5056,Jamur lain,Sooty mold,NO,original image class-code prefix 'Ej',YES,OBS0586,0.491531,-0.888155,0.075602,Gaussian perturbation; clipped to training-observed min/max
OBS0587,SRC0211,de2082330f14c2a788cf94b1ddfa09a3207d6aec06476c0e51aecd93cda7214a,0,train,images/Ej (9).jpg,85.89,89.85,5.06,Jamur lain,Sooty mold,NO,original image class-code prefix 'Ej',NO,OBS0587,0.0,0.0,0.0,original measurement
OBS0587,SRC0211,de2082330f14c2a788cf94b1ddfa09a3207d6aec06476c0e51aecd93cda7214a,1,train,images/Ej (9).jpg,85.4785,89.0142,5.0801,Jamur lain,Sooty mold,NO,original image class-code prefix 'Ej',YES,OBS0587,-0.4115,-0.835763,0.020069,Gaussian perturbation; clipped to training-observed min/max
OBS0587,SRC0211,de2082330f14c2a788cf94b1ddfa09a3207d6aec06476c0e51aecd93cda7214a,2,train,images/Ej (9).jpg,85.8723,88.7639,5.1096,Jamur lain,Sooty mold,NO,original image class-code prefix 'Ej',YES,OBS0587,-0.017655,-1.086064,0.049611,Gaussian perturbation; clipped to training-observed min/max
OBS0588,SRC0033,2051b9f27dc9d6b31482afe02fa01eb0947a6eaa08d070b2e266169a04149c81,0,train,images/Ej (9).png,89.23,64.81,6.03,Jamur lain,Sooty mold,NO,original image class-code prefix 'Ej',NO,OBS0588,0.0,0.0,0.0,original measurement
OBS0588,SRC0033,2051b9f27dc9d6b31482afe02fa01eb0947a6eaa08d070b2e266169a04149c81,1,train,images/Ej (9).png,89.219,63.9001,5.8897,Jamur lain,Sooty mold,NO,original image class-code prefix 'Ej',YES,OBS0588,-0.010986,-0.909856,-0.140317,Gaussian perturbation; clipped to training-observed min/max
OBS0588,SRC0033,2051b9f27dc9d6b31482afe02fa01eb0947a6eaa08d070b2e266169a04149c81,2,train,images/Ej (9).png,89.7417,64.9288,6.0396,Jamur lain,Sooty mold,NO,original image class-code prefix 'Ej',YES,OBS0588,0.511701,0.118829,0.009551,Gaussian perturbation; clipped to training-observed min/max
OBS0589,SRC0053,39a1b07018fad0b62efa032da710efbf07ce3efea5418a0de84156fe6419c06c,0,train,images/Ej (90).png,94.6,72.81,5.86,Sehat,Sooty mold,YES,original image class-code prefix 'Ej',NO,OBS0589,0.0,0.0,0.0,original measurement
OBS0589,SRC0053,39a1b07018fad0b62efa032da710efbf07ce3efea5418a0de84156fe6419c06c,1,train,images/Ej (90).png,96.2522,69.8213,5.9615,Sehat,Sooty mold,YES,original image class-code prefix 'Ej',YES,OBS0589,1.652189,-2.988738,0.101537,Gaussian perturbation; clipped to training-observed min/max
OBS0589,SRC0053,39a1b07018fad0b62efa032da710efbf07ce3efea5418a0de84156fe6419c06c,2,train,images/Ej (90).png,96.2366,71.6339,5.9412,Sehat,Sooty mold,YES,original image class-code prefix 'Ej',YES,OBS0589,1.636559,-1.176091,0.081174,Gaussian perturbation; clipped to training-observed min/max
OBS0590,SRC0053,39a1b07018fad0b62efa032da710efbf07ce3efea5418a0de84156fe6419c06c,0,train,images/Ej (91).png,86.25,72.96,5.78,Jamur lain,Sooty mold,NO,original image class-code prefix 'Ej',NO,OBS0590,0.0,0.0,0.0,original measurement
OBS0590,SRC0053,39a1b07018fad0b62efa032da710efbf07ce3efea5418a0de84156fe6419c06c,1,train,images/Ej (91).png,85.2756,71.709,5.7719,Jamur lain,Sooty mold,NO,original image class-code prefix 'Ej',YES,OBS0590,-0.974352,-1.251007,-0.008112,Gaussian perturbation; clipped to training-observed min/max
OBS0590,SRC0053,39a1b07018fad0b62efa032da710efbf07ce3efea5418a0de84156fe6419c06c,2,train,images/Ej (91).png,88.4432,73.394,5.784,Jamur lain,Sooty mold,NO,original image class-code prefix 'Ej',YES,OBS0590,2.193182,0.434001,0.003988,Gaussian perturbation; clipped to training-observed min/max
OBS0591,SRC0053,39a1b07018fad0b62efa032da710efbf07ce3efea5418a0de84156fe6419c06c,0,train,images/Ej (92).png,92.15,80.85,6.37,Jamur lain,Sooty mold,NO,original image class-code prefix 'Ej',NO,OBS0591,0.0,0.0,0.0,original measurement
OBS0591,SRC0053,39a1b07018fad0b62efa032da710efbf07ce3efea5418a0de84156fe6419c06c,1,train,images/Ej (92).png,93.2128,80.103,6.4898,Jamur lain,Sooty mold,NO,original image class-code prefix 'Ej',YES,OBS0591,1.062814,-0.746997,0.119801,Gaussian perturbation; clipped to training-observed min/max
OBS0591,SRC0053,39a1b07018fad0b62efa032da710efbf07ce3efea5418a0de84156fe6419c06c,2,train,images/Ej (92).png,94.0347,81.3651,6.3069,Jamur lain,Sooty mold,NO,original image class-code prefix 'Ej',YES,OBS0591,1.884745,0.515052,-0.063061,Gaussian perturbation; clipped to training-observed min/max
OBS0592,SRC0053,39a1b07018fad0b62efa032da710efbf07ce3efea5418a0de84156fe6419c06c,0,train,images/Ej (93).png,92.54,84.17,5.53,Karat daun,Sooty mold,YES,original image class-code prefix 'Ej',NO,OBS0592,0.0,0.0,0.0,original measurement
OBS0592,SRC0053,39a1b07018fad0b62efa032da710efbf07ce3efea5418a0de84156fe6419c06c,1,train,images/Ej (93).png,93.8264,84.5236,5.5815,Karat daun,Sooty mold,YES,original image class-code prefix 'Ej',YES,OBS0592,1.286419,0.35363,0.051493,Gaussian perturbation; clipped to training-observed min/max
OBS0592,SRC0053,39a1b07018fad0b62efa032da710efbf07ce3efea5418a0de84156fe6419c06c,2,train,images/Ej (93).png,93.9039,84.6937,5.4578,Karat daun,Sooty mold,YES,original image class-code prefix 'Ej',YES,OBS0592,1.36388,0.523722,-0.072203,Gaussian perturbation; clipped to training-observed min/max
OBS0593,SRC0053,39a1b07018fad0b62efa032da710efbf07ce3efea5418a0de84156fe6419c06c,0,train,images/Ej (94).png,96.62,80.97,5.4,Jamur lain,Sooty mold,NO,original image class-code prefix 'Ej',NO,OBS0593,0.0,0.0,0.0,original measurement
OBS0593,SRC0053,39a1b07018fad0b62efa032da710efbf07ce3efea5418a0de84156fe6419c06c,1,train,images/Ej (94).png,98.0,81.3051,5.4259,Jamur lain,Sooty mold,NO,original image class-code prefix 'Ej',YES,OBS0593,1.788386,0.335127,0.025933,Gaussian perturbation; clipped to training-observed min/max
OBS0593,SRC0053,39a1b07018fad0b62efa032da710efbf07ce3efea5418a0de84156fe6419c06c,2,train,images/Ej (94).png,97.3581,81.3441,5.4598,Jamur lain,Sooty mold,NO,original image class-code prefix 'Ej',YES,OBS0593,0.738114,0.37408,0.059836,Gaussian perturbation; clipped to training-observed min/max
OBS0594,SRC0053,39a1b07018fad0b62efa032da710efbf07ce3efea5418a0de84156fe6419c06c,0,train,images/Ej (95).png,96.9,67.59,6.24,Jamur lain,Sooty mold,NO,original image class-code prefix 'Ej',NO,OBS0594,0.0,0.0,0.0,original measurement
OBS0594,SRC0053,39a1b07018fad0b62efa032da710efbf07ce3efea5418a0de84156fe6419c06c,1,train,images/Ej (95).png,97.137,67.3769,6.196,Jamur lain,Sooty mold,NO,original image class-code prefix 'Ej',YES,OBS0594,0.23695,-0.213107,-0.044015,Gaussian perturbation; clipped to training-observed min/max
OBS0594,SRC0053,39a1b07018fad0b62efa032da710efbf07ce3efea5418a0de84156fe6419c06c,2,train,images/Ej (95).png,96.2864,67.2442,6.3192,Jamur lain,Sooty mold,NO,original image class-code prefix 'Ej',YES,OBS0594,-0.61359,-0.345801,0.079155,Gaussian perturbation; clipped to training-observed min/max
OBS0595,SRC0053,39a1b07018fad0b62efa032da710efbf07ce3efea5418a0de84156fe6419c06c,0,train,images/Ej (96).png,98.0,76.28,5.54,Jamur lain,Sooty mold,NO,original image class-code prefix 'Ej',NO,OBS0595,0.0,0.0,0.0,original measurement
OBS0595,SRC0053,39a1b07018fad0b62efa032da710efbf07ce3efea5418a0de84156fe6419c06c,1,train,images/Ej (96).png,97.5957,76.1467,5.5319,Jamur lain,Sooty mold,NO,original image class-code prefix 'Ej',YES,OBS0595,-0.404272,-0.133293,-0.008085,Gaussian perturbation; clipped to training-observed min/max
OBS0595,SRC0053,39a1b07018fad0b62efa032da710efbf07ce3efea5418a0de84156fe6419c06c,2,train,images/Ej (96).png,98.0,77.0588,5.698,Jamur lain,Sooty mold,NO,original image class-code prefix 'Ej',YES,OBS0595,0.640641,0.778777,0.157956,Gaussian perturbation; clipped to training-observed min/max
OBS0599,SRC0142,9e2bc47782e6d66cbe757e1c067db8fecd05a6c11a82ac67dcbca4df37b67a1a,0,train,images/K (1).jpg,72.49,49.95,5.56,Karat daun,Coffee rust,NO,original image class-code prefix 'K',NO,OBS0599,0.0,0.0,0.0,original measurement
OBS0599,SRC0142,9e2bc47782e6d66cbe757e1c067db8fecd05a6c11a82ac67dcbca4df37b67a1a,1,train,images/K (1).jpg,70.8183,49.6765,5.6058,Karat daun,Coffee rust,NO,original image class-code prefix 'K',YES,OBS0599,-1.671676,-0.27354,0.045842,Gaussian perturbation; clipped to training-observed min/max
OBS0599,SRC0142,9e2bc47782e6d66cbe757e1c067db8fecd05a6c11a82ac67dcbca4df37b67a1a,2,train,images/K (1).jpg,70.4679,52.0396,5.5507,Karat daun,Coffee rust,NO,original image class-code prefix 'K',YES,OBS0599,-2.022146,2.089609,-0.009289,Gaussian perturbation; clipped to training-observed min/max
OBS0601,SRC0052,37f8fcbdcd5eb4e094d8bb170eb8481a56e73ce6a14d1033b4aa7b27ff80ac34,0,train,images/K (10).jpg,88.53,56.95,4.3,Karat daun,Coffee rust,NO,original image class-code prefix 'K',NO,OBS0601,0.0,0.0,0.0,original measurement
OBS0601,SRC0052,37f8fcbdcd5eb4e094d8bb170eb8481a56e73ce6a14d1033b4aa7b27ff80ac34,1,train,images/K (10).jpg,87.5772,58.1149,4.16,Karat daun,Coffee rust,NO,original image class-code prefix 'K',YES,OBS0601,-0.952798,1.164906,-0.175841,Gaussian perturbation; clipped to training-observed min/max
OBS0601,SRC0052,37f8fcbdcd5eb4e094d8bb170eb8481a56e73ce6a14d1033b4aa7b27ff80ac34,2,train,images/K (10).jpg,88.7847,55.7602,4.2988,Karat daun,Coffee rust,NO,original image class-code prefix 'K',YES,OBS0601,0.254688,-1.189799,-0.001193,Gaussian perturbation; clipped to training-observed min/max
OBS0602,SRC0020,14fa3d0b8c415d9e74e830e08b7b7c90882de31d793baf8d4dad18aa8f4aa2e2,0,train,images/K (10).png,71.68,56.78,4.99,Karat daun,Coffee rust,NO,original image class-code prefix 'K',NO,OBS0602,0.0,0.0,0.0,original measurement
OBS0602,SRC0020,14fa3d0b8c415d9e74e830e08b7b7c90882de31d793baf8d4dad18aa8f4aa2e2,1,train,images/K (10).png,72.1289,57.731,5.0229,Karat daun,Coffee rust,NO,original image class-code prefix 'K',YES,OBS0602,0.448869,0.951039,0.032906,Gaussian perturbation; clipped to training-observed min/max
OBS0602,SRC0020,14fa3d0b8c415d9e74e830e08b7b7c90882de31d793baf8d4dad18aa8f4aa2e2,2,train,images/K (10).png,74.1837,56.8544,4.9626,Karat daun,Coffee rust,NO,original image class-code prefix 'K',YES,OBS0602,2.503667,0.074373,-0.027354,Gaussian perturbation; clipped to training-observed min/max
OBS0603,SRC0143,9e44391b17333c04da623bef5873675b7369ef68b65acfe1430a41bc23486114,0,train,images/K (100).png,86.6,48.85,5.53,Karat daun,Coffee rust,NO,original image class-code prefix 'K',NO,OBS0603,0.0,0.0,0.0,original measurement
OBS0603,SRC0143,9e44391b17333c04da623bef5873675b7369ef68b65acfe1430a41bc23486114,1,train,images/K (100).png,88.0713,48.7716,5.5635,Karat daun,Coffee rust,NO,original image class-code prefix 'K',YES,OBS0603,1.471342,-0.078364,0.033457,Gaussian perturbation; clipped to training-observed min/max
OBS0603,SRC0143,9e44391b17333c04da623bef5873675b7369ef68b65acfe1430a41bc23486114,2,train,images/K (100).png,81.8753,49.3939,5.524,Karat daun,Coffee rust,NO,original image class-code prefix 'K',YES,OBS0603,-4.72473,0.543892,-0.005981,Gaussian perturbation; clipped to training-observed min/max
OBS0604,SRC0056,3c57e5cfa5a921ad001501b0c33424715c894ee9a0d3a22447e98c77aa287156,0,train,images/K (101).png,84.7,43.51,4.84,Karat daun,Coffee rust,NO,original image class-code prefix 'K',NO,OBS0604,0.0,0.0,0.0,original measurement
OBS0604,SRC0056,3c57e5cfa5a921ad001501b0c33424715c894ee9a0d3a22447e98c77aa287156,1,train,images/K (101).png,84.1781,42.7224,4.9123,Karat daun,Coffee rust,NO,original image class-code prefix 'K',YES,OBS0604,-0.521881,-0.787615,0.072252,Gaussian perturbation; clipped to training-observed min/max
OBS0604,SRC0056,3c57e5cfa5a921ad001501b0c33424715c894ee9a0d3a22447e98c77aa287156,2,train,images/K (101).png,82.25,47.289,4.9323,Karat daun,Coffee rust,NO,original image class-code prefix 'K',YES,OBS0604,-2.450002,3.778997,0.09233,Gaussian perturbation; clipped to training-observed min/max
OBS0605,SRC0056,3c57e5cfa5a921ad001501b0c33424715c894ee9a0d3a22447e98c77aa287156,0,train,images/K (102).png,80.08,48.79,4.73,Karat daun,Coffee rust,NO,original image class-code prefix 'K',NO,OBS0605,0.0,0.0,0.0,original measurement
OBS0605,SRC0056,3c57e5cfa5a921ad001501b0c33424715c894ee9a0d3a22447e98c77aa287156,1,train,images/K (102).png,80.5238,51.0704,4.752,Karat daun,Coffee rust,NO,original image class-code prefix 'K',YES,OBS0605,0.443763,2.280449,0.021972,Gaussian perturbation; clipped to training-observed min/max
OBS0605,SRC0056,3c57e5cfa5a921ad001501b0c33424715c894ee9a0d3a22447e98c77aa287156,2,train,images/K (102).png,79.006,50.0225,4.5991,Karat daun,Coffee rust,NO,original image class-code prefix 'K',YES,OBS0605,-1.073962,1.232497,-0.130883,Gaussian perturbation; clipped to training-observed min/max
OBS0606,SRC0056,3c57e5cfa5a921ad001501b0c33424715c894ee9a0d3a22447e98c77aa287156,0,train,images/K (103).png,95.91,44.43,5.49,Karat daun,Coffee rust,NO,original image class-code prefix 'K',NO,OBS0606,0.0,0.0,0.0,original measurement
OBS0606,SRC0056,3c57e5cfa5a921ad001501b0c33424715c894ee9a0d3a22447e98c77aa287156,1,train,images/K (103).png,96.6301,45.8677,5.5328,Karat daun,Coffee rust,NO,original image class-code prefix 'K',YES,OBS0606,0.720079,1.437721,0.042797,Gaussian perturbation; clipped to training-observed min/max
OBS0606,SRC0056,3c57e5cfa5a921ad001501b0c33424715c894ee9a0d3a22447e98c77aa287156,2,train,images/K (103).png,94.1686,44.6761,5.4802,Karat daun,Coffee rust,NO,original image class-code prefix 'K',YES,OBS0606,-1.741446,0.246142,-0.009847,Gaussian perturbation; clipped to training-observed min/max
OBS0607,SRC0056,3c57e5cfa5a921ad001501b0c33424715c894ee9a0d3a22447e98c77aa287156,0,train,images/K (104).png,75.59,46.0,5.35,Karat daun,Coffee rust,NO,original image class-code prefix 'K',NO,OBS0607,0.0,0.0,0.0,original measurement
OBS0607,SRC0056,3c57e5cfa5a921ad001501b0c33424715c894ee9a0d3a22447e98c77aa287156,1,train,images/K (104).png,74.6993,43.2256,5.2552,Karat daun,Coffee rust,NO,original image class-code prefix 'K',YES,OBS0607,-0.890653,-2.774374,-0.09484,Gaussian perturbation; clipped to training-observed min/max
OBS0607,SRC0056,3c57e5cfa5a921ad001501b0c33424715c894ee9a0d3a22447e98c77aa287156,2,train,images/K (104).png,74.9891,47.3507,5.5703,Karat daun,Coffee rust,NO,original image class-code prefix 'K',YES,OBS0607,-0.600881,1.350664,0.220252,Gaussian perturbation; clipped to training-observed min/max
OBS0608,SRC0160,ac1d3085997068a5d2a9c79868cca525f9d47405cb21d01c3ba375ee0ec7c67c,0,train,images/K (105).png,68.0,55.35,5.18,Karat daun,Coffee rust,NO,original image class-code prefix 'K',NO,OBS0608,0.0,0.0,0.0,original measurement
OBS0608,SRC0160,ac1d3085997068a5d2a9c79868cca525f9d47405cb21d01c3ba375ee0ec7c67c,1,train,images/K (105).png,69.0281,54.4041,5.1463,Karat daun,Coffee rust,NO,original image class-code prefix 'K',YES,OBS0608,1.028147,-0.945911,-0.033683,Gaussian perturbation; clipped to training-observed min/max
OBS0608,SRC0160,ac1d3085997068a5d2a9c79868cca525f9d47405cb21d01c3ba375ee0ec7c67c,2,train,images/K (105).png,69.2986,56.0865,5.2113,Karat daun,Coffee rust,NO,original image class-code prefix 'K',YES,OBS0608,1.298624,0.736549,0.031273,Gaussian perturbation; clipped to training-observed min/max
OBS0609,SRC0160,ac1d3085997068a5d2a9c79868cca525f9d47405cb21d01c3ba375ee0ec7c67c,0,train,images/K (106).png,69.24,58.82,4.65,Karat daun,Coffee rust,NO,original image class-code prefix 'K',NO,OBS0609,0.0,0.0,0.0,original measurement
OBS0609,SRC0160,ac1d3085997068a5d2a9c79868cca525f9d47405cb21d01c3ba375ee0ec7c67c,1,train,images/K (106).png,69.5257,60.2592,4.8289,Karat daun,Coffee rust,NO,original image class-code prefix 'K',YES,OBS0609,0.285711,1.43915,0.178876,Gaussian perturbation; clipped to training-observed min/max
OBS0609,SRC0160,ac1d3085997068a5d2a9c79868cca525f9d47405cb21d01c3ba375ee0ec7c67c,2,train,images/K (106).png,69.2515,59.0105,4.6904,Karat daun,Coffee rust,NO,original image class-code prefix 'K',YES,OBS0609,0.011523,0.190536,0.040354,Gaussian perturbation; clipped to training-observed min/max
OBS0610,SRC0160,ac1d3085997068a5d2a9c79868cca525f9d47405cb21d01c3ba375ee0ec7c67c,0,train,images/K (107).png,93.44,53.33,5.69,Karat daun,Coffee rust,NO,original image class-code prefix 'K',NO,OBS0610,0.0,0.0,0.0,original measurement
OBS0610,SRC0160,ac1d3085997068a5d2a9c79868cca525f9d47405cb21d01c3ba375ee0ec7c67c,1,train,images/K (107).png,92.8854,50.6988,5.7295,Karat daun,Coffee rust,NO,original image class-code prefix 'K',YES,OBS0610,-0.554589,-2.631154,0.039498,Gaussian perturbation; clipped to training-observed min/max
OBS0610,SRC0160,ac1d3085997068a5d2a9c79868cca525f9d47405cb21d01c3ba375ee0ec7c67c,2,train,images/K (107).png,92.5597,54.9099,5.7046,Karat daun,Coffee rust,NO,original image class-code prefix 'K',YES,OBS0610,-0.880295,1.579924,0.014594,Gaussian perturbation; clipped to training-observed min/max
OBS0611,SRC0160,ac1d3085997068a5d2a9c79868cca525f9d47405cb21d01c3ba375ee0ec7c67c,0,train,images/K (108).png,88.07,53.43,5.97,Karat daun,Coffee rust,NO,original image class-code prefix 'K',NO,OBS0611,0.0,0.0,0.0,original measurement
OBS0611,SRC0160,ac1d3085997068a5d2a9c79868cca525f9d47405cb21d01c3ba375ee0ec7c67c,1,train,images/K (108).png,89.8669,52.4009,6.0605,Karat daun,Coffee rust,NO,original image class-code prefix 'K',YES,OBS0611,1.796909,-1.029071,0.090495,Gaussian perturbation; clipped to training-observed min/max
OBS0611,SRC0160,ac1d3085997068a5d2a9c79868cca525f9d47405cb21d01c3ba375ee0ec7c67c,2,train,images/K (108).png,86.112,54.5552,5.951,Karat daun,Coffee rust,NO,original image class-code prefix 'K',YES,OBS0611,-1.957957,1.125199,-0.01898,Gaussian perturbation; clipped to training-observed min/max
OBS0612,SRC0032,1f4a5dba120f0547358f21f5f526b5135c2f8e580fe0d5143dcb500cded76ee5,0,train,images/K (109).png,81.37,64.37,5.67,Jamur lain,Coffee rust,YES,original image class-code prefix 'K',NO,OBS0612,0.0,0.0,0.0,original measurement
OBS0612,SRC0032,1f4a5dba120f0547358f21f5f526b5135c2f8e580fe0d5143dcb500cded76ee5,1,train,images/K (109).png,82.4949,63.9403,5.7246,Jamur lain,Coffee rust,YES,original image class-code prefix 'K',YES,OBS0612,1.124918,-0.429736,0.054597,Gaussian perturbation; clipped to training-observed min/max
OBS0612,SRC0032,1f4a5dba120f0547358f21f5f526b5135c2f8e580fe0d5143dcb500cded76ee5,2,train,images/K (109).png,81.9732,64.8298,5.7054,Jamur lain,Coffee rust,YES,original image class-code prefix 'K',YES,OBS0612,0.603161,0.459786,0.035414,Gaussian perturbation; clipped to training-observed min/max
OBS0613,SRC0052,37f8fcbdcd5eb4e094d8bb170eb8481a56e73ce6a14d1033b4aa7b27ff80ac34,0,train,images/K (11).jpg,77.97,50.6,5.4,Karat daun,Coffee rust,NO,original image class-code prefix 'K',NO,OBS0613,0.0,0.0,0.0,original measurement
OBS0613,SRC0052,37f8fcbdcd5eb4e094d8bb170eb8481a56e73ce6a14d1033b4aa7b27ff80ac34,1,train,images/K (11).jpg,79.9865,49.9264,5.5123,Karat daun,Coffee rust,NO,original image class-code prefix 'K',YES,OBS0613,2.016523,-0.673558,0.112273,Gaussian perturbation; clipped to training-observed min/max
OBS0613,SRC0052,37f8fcbdcd5eb4e094d8bb170eb8481a56e73ce6a14d1033b4aa7b27ff80ac34,2,train,images/K (11).jpg,77.5451,52.0483,5.5872,Karat daun,Coffee rust,NO,original image class-code prefix 'K',YES,OBS0613,-0.424942,1.448339,0.187178,Gaussian perturbation; clipped to training-observed min/max
OBS0614,SRC0020,14fa3d0b8c415d9e74e830e08b7b7c90882de31d793baf8d4dad18aa8f4aa2e2,0,train,images/K (11).png,69.7,66.26,4.76,Karat daun,Coffee rust,NO,original image class-code prefix 'K',NO,OBS0614,0.0,0.0,0.0,original measurement
OBS0614,SRC0020,14fa3d0b8c415d9e74e830e08b7b7c90882de31d793baf8d4dad18aa8f4aa2e2,1,train,images/K (11).png,68.742,63.6728,4.7731,Karat daun,Coffee rust,NO,original image class-code prefix 'K',YES,OBS0614,-0.957986,-2.587239,0.013098,Gaussian perturbation; clipped to training-observed min/max
OBS0614,SRC0020,14fa3d0b8c415d9e74e830e08b7b7c90882de31d793baf8d4dad18aa8f4aa2e2,2,train,images/K (11).png,68.87,65.6282,4.7337,Karat daun,Coffee rust,NO,original image class-code prefix 'K',YES,OBS0614,-0.830027,-0.631777,-0.026341,Gaussian perturbation; clipped to training-observed min/max
OBS0615,SRC0032,1f4a5dba120f0547358f21f5f526b5135c2f8e580fe0d5143dcb500cded76ee5,0,train,images/K (110).png,94.85,55.2,5.0,Karat daun,Coffee rust,NO,original image class-code prefix 'K',NO,OBS0615,0.0,0.0,0.0,original measurement
OBS0615,SRC0032,1f4a5dba120f0547358f21f5f526b5135c2f8e580fe0d5143dcb500cded76ee5,1,train,images/K (110).png,94.2095,56.9172,5.09,Karat daun,Coffee rust,NO,original image class-code prefix 'K',YES,OBS0615,-0.640546,1.717204,0.090031,Gaussian perturbation; clipped to training-observed min/max
OBS0615,SRC0032,1f4a5dba120f0547358f21f5f526b5135c2f8e580fe0d5143dcb500cded76ee5,2,train,images/K (110).png,96.2409,57.9746,4.9383,Karat daun,Coffee rust,NO,original image class-code prefix 'K',YES,OBS0615,1.390923,2.774562,-0.061662,Gaussian perturbation; clipped to training-observed min/max
OBS0616,SRC0032,1f4a5dba120f0547358f21f5f526b5135c2f8e580fe0d5143dcb500cded76ee5,0,train,images/K (111).png,78.01,35.65,5.24,Karat daun,Coffee rust,NO,original image class-code prefix 'K',NO,OBS0616,0.0,0.0,0.0,original measurement
OBS0616,SRC0032,1f4a5dba120f0547358f21f5f526b5135c2f8e580fe0d5143dcb500cded76ee5,1,train,images/K (111).png,75.0139,38.0783,5.26,Karat daun,Coffee rust,NO,original image class-code prefix 'K',YES,OBS0616,-2.996138,2.428259,0.020038,Gaussian perturbation; clipped to training-observed min/max
OBS0616,SRC0032,1f4a5dba120f0547358f21f5f526b5135c2f8e580fe0d5143dcb500cded76ee5,2,train,images/K (111).png,77.9432,33.4865,5.1319,Karat daun,Coffee rust,NO,original image class-code prefix 'K',YES,OBS0616,-0.06682,-2.163498,-0.108136,Gaussian perturbation; clipped to training-observed min/max
OBS0617,SRC0032,1f4a5dba120f0547358f21f5f526b5135c2f8e580fe0d5143dcb500cded76ee5,0,train,images/K (112).png,83.69,56.71,5.23,Karat daun,Coffee rust,NO,original image class-code prefix 'K',NO,OBS0617,0.0,0.0,0.0,original measurement
OBS0617,SRC0032,1f4a5dba120f0547358f21f5f526b5135c2f8e580fe0d5143dcb500cded76ee5,1,train,images/K (112).png,84.5203,56.5382,5.0578,Karat daun,Coffee rust,NO,original image class-code prefix 'K',YES,OBS0617,0.830284,-0.171771,-0.17223,Gaussian perturbation; clipped to training-observed min/max
OBS0617,SRC0032,1f4a5dba120f0547358f21f5f526b5135c2f8e580fe0d5143dcb500cded76ee5,2,train,images/K (112).png,82.5614,57.969,5.3323,Karat daun,Coffee rust,NO,original image class-code prefix 'K',YES,OBS0617,-1.128576,1.258958,0.102294,Gaussian perturbation; clipped to training-observed min/max
OBS0618,SRC0146,a151a9e5e52191f5e97b51e7933f1c70c235c54d3f577442e3be6ad7274ee6f6,0,train,images/K (113).png,87.06,56.23,5.95,Karat daun,Coffee rust,NO,original image class-code prefix 'K',NO,OBS0618,0.0,0.0,0.0,original measurement
OBS0618,SRC0146,a151a9e5e52191f5e97b51e7933f1c70c235c54d3f577442e3be6ad7274ee6f6,1,train,images/K (113).png,87.317,59.6308,6.0321,Karat daun,Coffee rust,NO,original image class-code prefix 'K',YES,OBS0618,0.256989,3.400796,0.082138,Gaussian perturbation; clipped to training-observed min/max
OBS0618,SRC0146,a151a9e5e52191f5e97b51e7933f1c70c235c54d3f577442e3be6ad7274ee6f6,2,train,images/K (113).png,89.2323,57.83,6.0165,Karat daun,Coffee rust,NO,original image class-code prefix 'K',YES,OBS0618,2.172318,1.599952,0.066499,Gaussian perturbation; clipped to training-observed min/max
OBS0619,SRC0146,a151a9e5e52191f5e97b51e7933f1c70c235c54d3f577442e3be6ad7274ee6f6,0,train,images/K (114).png,86.4,56.65,5.57,Karat daun,Coffee rust,NO,original image class-code prefix 'K',NO,OBS0619,0.0,0.0,0.0,original measurement
OBS0619,SRC0146,a151a9e5e52191f5e97b51e7933f1c70c235c54d3f577442e3be6ad7274ee6f6,1,train,images/K (114).png,84.793,54.7296,5.5107,Karat daun,Coffee rust,NO,original image class-code prefix 'K',YES,OBS0619,-1.607042,-1.920431,-0.059308,Gaussian perturbation; clipped to training-observed min/max
OBS0619,SRC0146,a151a9e5e52191f5e97b51e7933f1c70c235c54d3f577442e3be6ad7274ee6f6,2,train,images/K (114).png,86.71,56.6513,5.6,Karat daun,Coffee rust,NO,original image class-code prefix 'K',YES,OBS0619,0.310029,0.001297,0.029976,Gaussian perturbation; clipped to training-observed min/max
OBS0620,SRC0146,a151a9e5e52191f5e97b51e7933f1c70c235c54d3f577442e3be6ad7274ee6f6,0,train,images/K (115).png,80.6,57.96,4.58,Karat daun,Coffee rust,NO,original image class-code prefix 'K',NO,OBS0620,0.0,0.0,0.0,original measurement
OBS0620,SRC0146,a151a9e5e52191f5e97b51e7933f1c70c235c54d3f577442e3be6ad7274ee6f6,1,train,images/K (115).png,80.576,58.5333,4.659,Karat daun,Coffee rust,NO,original image class-code prefix 'K',YES,OBS0620,-0.023997,0.573314,0.079004,Gaussian perturbation; clipped to training-observed min/max
OBS0620,SRC0146,a151a9e5e52191f5e97b51e7933f1c70c235c54d3f577442e3be6ad7274ee6f6,2,train,images/K (115).png,80.6095,57.6144,4.3703,Karat daun,Coffee rust,NO,original image class-code prefix 'K',YES,OBS0620,0.00954,-0.345582,-0.209704,Gaussian perturbation; clipped to training-observed min/max
OBS0621,SRC0146,a151a9e5e52191f5e97b51e7933f1c70c235c54d3f577442e3be6ad7274ee6f6,0,train,images/K (116).png,76.85,51.01,5.46,Karat daun,Coffee rust,NO,original image class-code prefix 'K',NO,OBS0621,0.0,0.0,0.0,original measurement
OBS0621,SRC0146,a151a9e5e52191f5e97b51e7933f1c70c235c54d3f577442e3be6ad7274ee6f6,1,train,images/K (116).png,77.8967,50.082,5.3873,Karat daun,Coffee rust,NO,original image class-code prefix 'K',YES,OBS0621,1.04666,-0.928004,-0.072731,Gaussian perturbation; clipped to training-observed min/max
OBS0621,SRC0146,a151a9e5e52191f5e97b51e7933f1c70c235c54d3f577442e3be6ad7274ee6f6,2,train,images/K (116).png,77.8912,52.1121,5.5144,Karat daun,Coffee rust,NO,original image class-code prefix 'K',YES,OBS0621,1.041225,1.102131,0.054397,Gaussian perturbation; clipped to training-observed min/max
OBS0625,SRC0052,37f8fcbdcd5eb4e094d8bb170eb8481a56e73ce6a14d1033b4aa7b27ff80ac34,0,train,images/K (12).jpg,89.91,49.8,6.17,Karat daun,Coffee rust,NO,original image class-code prefix 'K',NO,OBS0625,0.0,0.0,0.0,original measurement
OBS0625,SRC0052,37f8fcbdcd5eb4e094d8bb170eb8481a56e73ce6a14d1033b4aa7b27ff80ac34,1,train,images/K (12).jpg,91.0536,48.4871,6.1517,Karat daun,Coffee rust,NO,original image class-code prefix 'K',YES,OBS0625,1.143609,-1.312873,-0.018336,Gaussian perturbation; clipped to training-observed min/max
OBS0625,SRC0052,37f8fcbdcd5eb4e094d8bb170eb8481a56e73ce6a14d1033b4aa7b27ff80ac34,2,train,images/K (12).jpg,89.25,51.8758,6.2391,Karat daun,Coffee rust,NO,original image class-code prefix 'K',YES,OBS0625,-0.660011,2.075815,0.069104,Gaussian perturbation; clipped to training-observed min/max
OBS0626,SRC0020,14fa3d0b8c415d9e74e830e08b7b7c90882de31d793baf8d4dad18aa8f4aa2e2,0,train,images/K (12).png,76.56,55.14,6.55,Karat daun,Coffee rust,NO,original image class-code prefix 'K',NO,OBS0626,0.0,0.0,0.0,original measurement
OBS0626,SRC0020,14fa3d0b8c415d9e74e830e08b7b7c90882de31d793baf8d4dad18aa8f4aa2e2,1,train,images/K (12).png,76.2673,56.1497,6.58,Karat daun,Coffee rust,NO,original image class-code prefix 'K',YES,OBS0626,-0.29273,1.009747,0.029976,Gaussian perturbation; clipped to training-observed min/max
OBS0626,SRC0020,14fa3d0b8c415d9e74e830e08b7b7c90882de31d793baf8d4dad18aa8f4aa2e2,2,train,images/K (12).png,76.4191,55.7003,6.618,Karat daun,Coffee rust,NO,original image class-code prefix 'K',YES,OBS0626,-0.140924,0.560257,0.068047,Gaussian perturbation; clipped to training-observed min/max
OBS0636,SRC0046,339806d265fd09a6fbe4c18f31274821bdeed6825c0ae740ea9b3c64b049d357,0,train,images/K (129).png,66.06,58.83,5.27,Karat daun,Coffee rust,NO,original image class-code prefix 'K',NO,OBS0636,0.0,0.0,0.0,original measurement
OBS0636,SRC0046,339806d265fd09a6fbe4c18f31274821bdeed6825c0ae740ea9b3c64b049d357,1,train,images/K (129).png,65.8894,57.3294,5.2984,Karat daun,Coffee rust,NO,original image class-code prefix 'K',YES,OBS0636,-0.170582,-1.500587,0.028367,Gaussian perturbation; clipped to training-observed min/max
OBS0636,SRC0046,339806d265fd09a6fbe4c18f31274821bdeed6825c0ae740ea9b3c64b049d357,2,train,images/K (129).png,65.7431,57.4556,5.2085,Karat daun,Coffee rust,NO,original image class-code prefix 'K',YES,OBS0636,-0.316872,-1.374421,-0.061458,Gaussian perturbation; clipped to training-observed min/max
OBS0637,SRC0060,441b10e8f33d9695341f6a8d56c716fd3afe8366be49b0105fd0c9c12d33e85a,0,train,images/K (13).jpg,83.29,46.55,5.43,Karat daun,Coffee rust,NO,original image class-code prefix 'K',NO,OBS0637,0.0,0.0,0.0,original measurement
OBS0637,SRC0060,441b10e8f33d9695341f6a8d56c716fd3afe8366be49b0105fd0c9c12d33e85a,1,train,images/K (13).jpg,82.9907,46.5826,5.4749,Karat daun,Coffee rust,NO,original image class-code prefix 'K',YES,OBS0637,-0.29935,0.032598,0.044935,Gaussian perturbation; clipped to training-observed min/max
OBS0637,SRC0060,441b10e8f33d9695341f6a8d56c716fd3afe8366be49b0105fd0c9c12d33e85a,2,train,images/K (13).jpg,83.035,47.0899,5.4001,Karat daun,Coffee rust,NO,original image class-code prefix 'K',YES,OBS0637,-0.254973,0.539888,-0.02987,Gaussian perturbation; clipped to training-observed min/max
OBS0639,SRC0046,339806d265fd09a6fbe4c18f31274821bdeed6825c0ae740ea9b3c64b049d357,0,train,images/K (130).png,70.66,46.73,5.09,Karat daun,Coffee rust,NO,original image class-code prefix 'K',NO,OBS0639,0.0,0.0,0.0,original measurement
OBS0639,SRC0046,339806d265fd09a6fbe4c18f31274821bdeed6825c0ae740ea9b3c64b049d357,1,train,images/K (130).png,71.3148,47.2137,5.1355,Karat daun,Coffee rust,NO,original image class-code prefix 'K',YES,OBS0639,0.654792,0.483686,0.045534,Gaussian perturbation; clipped to training-observed min/max
OBS0639,SRC0046,339806d265fd09a6fbe4c18f31274821bdeed6825c0ae740ea9b3c64b049d357,2,train,images/K (130).png,72.3846,46.3906,4.9625,Karat daun,Coffee rust,NO,original image class-code prefix 'K',YES,OBS0639,1.724575,-0.339403,-0.127461,Gaussian perturbation; clipped to training-observed min/max
OBS0640,SRC0046,339806d265fd09a6fbe4c18f31274821bdeed6825c0ae740ea9b3c64b049d357,0,train,images/K (131).png,71.92,46.68,4.61,Karat daun,Coffee rust,NO,original image class-code prefix 'K',NO,OBS0640,0.0,0.0,0.0,original measurement
OBS0640,SRC0046,339806d265fd09a6fbe4c18f31274821bdeed6825c0ae740ea9b3c64b049d357,1,train,images/K (131).png,71.8266,47.6513,4.612,Karat daun,Coffee rust,NO,original image class-code prefix 'K',YES,OBS0640,-0.093447,0.971318,0.001995,Gaussian perturbation; clipped to training-observed min/max
OBS0640,SRC0046,339806d265fd09a6fbe4c18f31274821bdeed6825c0ae740ea9b3c64b049d357,2,train,images/K (131).png,72.3017,44.6128,4.5433,Karat daun,Coffee rust,NO,original image class-code prefix 'K',YES,OBS0640,0.381738,-2.06719,-0.066731,Gaussian perturbation; clipped to training-observed min/max
OBS0641,SRC0046,339806d265fd09a6fbe4c18f31274821bdeed6825c0ae740ea9b3c64b049d357,0,train,images/K (132).png,79.08,50.73,5.41,Karat daun,Coffee rust,NO,original image class-code prefix 'K',NO,OBS0641,0.0,0.0,0.0,original measurement
OBS0641,SRC0046,339806d265fd09a6fbe4c18f31274821bdeed6825c0ae740ea9b3c64b049d357,1,train,images/K (132).png,79.7265,51.6633,5.35,Karat daun,Coffee rust,NO,original image class-code prefix 'K',YES,OBS0641,0.646461,0.933342,-0.060034,Gaussian perturbation; clipped to training-observed min/max
OBS0641,SRC0046,339806d265fd09a6fbe4c18f31274821bdeed6825c0ae740ea9b3c64b049d357,2,train,images/K (132).png,79.5204,49.8768,5.3178,Karat daun,Coffee rust,NO,original image class-code prefix 'K',YES,OBS0641,0.440413,-0.853208,-0.092196,Gaussian perturbation; clipped to training-observed min/max
OBS0642,SRC0129,8f243d41aa7253b9097f30bb4776ee05bee6d5ac2353883644e504ed494e397e,0,train,images/K (133).png,89.05,50.73,5.3,Karat daun,Coffee rust,NO,original image class-code prefix 'K',NO,OBS0642,0.0,0.0,0.0,original measurement
OBS0642,SRC0129,8f243d41aa7253b9097f30bb4776ee05bee6d5ac2353883644e504ed494e397e,1,train,images/K (133).png,89.1352,50.9904,5.3317,Karat daun,Coffee rust,NO,original image class-code prefix 'K',YES,OBS0642,0.08521,0.260439,0.031711,Gaussian perturbation; clipped to training-observed min/max
OBS0642,SRC0129,8f243d41aa7253b9097f30bb4776ee05bee6d5ac2353883644e504ed494e397e,2,train,images/K (133).png,89.9261,52.7425,5.3759,Karat daun,Coffee rust,NO,original image class-code prefix 'K',YES,OBS0642,0.876054,2.012538,0.0759,Gaussian perturbation; clipped to training-observed min/max
OBS0643,SRC0129,8f243d41aa7253b9097f30bb4776ee05bee6d5ac2353883644e504ed494e397e,0,train,images/K (134).png,78.6,61.56,5.43,Sehat,Coffee rust,YES,original image class-code prefix 'K',NO,OBS0643,0.0,0.0,0.0,original measurement
OBS0643,SRC0129,8f243d41aa7253b9097f30bb4776ee05bee6d5ac2353883644e504ed494e397e,1,train,images/K (134).png,78.167,62.6876,5.3126,Sehat,Coffee rust,YES,original image class-code prefix 'K',YES,OBS0643,-0.433018,1.127627,-0.117401,Gaussian perturbation; clipped to training-observed min/max
OBS0643,SRC0129,8f243d41aa7253b9097f30bb4776ee05bee6d5ac2353883644e504ed494e397e,2,train,images/K (134).png,78.7208,62.8242,5.4843,Sehat,Coffee rust,YES,original image class-code prefix 'K',YES,OBS0643,0.120831,1.264174,0.054333,Gaussian perturbation; clipped to training-observed min/max
OBS0644,SRC0129,8f243d41aa7253b9097f30bb4776ee05bee6d5ac2353883644e504ed494e397e,0,train,images/K (135).png,65.81,48.62,5.93,Karat daun,Coffee rust,NO,original image class-code prefix 'K',NO,OBS0644,0.0,0.0,0.0,original measurement
OBS0644,SRC0129,8f243d41aa7253b9097f30bb4776ee05bee6d5ac2353883644e504ed494e397e,1,train,images/K (135).png,66.8039,50.912,5.8707,Karat daun,Coffee rust,NO,original image class-code prefix 'K',YES,OBS0644,0.993889,2.292047,-0.059259,Gaussian perturbation; clipped to training-observed min/max
OBS0644,SRC0129,8f243d41aa7253b9097f30bb4776ee05bee6d5ac2353883644e504ed494e397e,2,train,images/K (135).png,66.7637,48.508,6.0192,Karat daun,Coffee rust,NO,original image class-code prefix 'K',YES,OBS0644,0.953733,-0.112005,0.089173,Gaussian perturbation; clipped to training-observed min/max
OBS0645,SRC0129,8f243d41aa7253b9097f30bb4776ee05bee6d5ac2353883644e504ed494e397e,0,train,images/K (136).png,78.45,52.89,5.24,Karat daun,Coffee rust,NO,original image class-code prefix 'K',NO,OBS0645,0.0,0.0,0.0,original measurement
OBS0645,SRC0129,8f243d41aa7253b9097f30bb4776ee05bee6d5ac2353883644e504ed494e397e,1,train,images/K (136).png,78.5911,53.8285,5.3637,Karat daun,Coffee rust,NO,original image class-code prefix 'K',YES,OBS0645,0.141143,0.938498,0.123742,Gaussian perturbation; clipped to training-observed min/max
OBS0645,SRC0129,8f243d41aa7253b9097f30bb4776ee05bee6d5ac2353883644e504ed494e397e,2,train,images/K (136).png,79.2071,52.6382,5.2106,Karat daun,Coffee rust,NO,original image class-code prefix 'K',YES,OBS0645,0.757099,-0.251779,-0.029414,Gaussian perturbation; clipped to training-observed min/max
OBS0646,SRC0229,f5f9654758ed1c85ece35d46648978a46d7909a6dfd807e22ed5a403aa3bfade,0,train,images/K (137).png,80.47,54.49,5.61,Karat daun,Coffee rust,NO,original image class-code prefix 'K',NO,OBS0646,0.0,0.0,0.0,original measurement
OBS0646,SRC0229,f5f9654758ed1c85ece35d46648978a46d7909a6dfd807e22ed5a403aa3bfade,1,train,images/K (137).png,79.6372,55.7357,5.715,Karat daun,Coffee rust,NO,original image class-code prefix 'K',YES,OBS0646,-0.832844,1.245737,0.104985,Gaussian perturbation; clipped to training-observed min/max
OBS0646,SRC0229,f5f9654758ed1c85ece35d46648978a46d7909a6dfd807e22ed5a403aa3bfade,2,train,images/K (137).png,80.1768,52.3188,5.5593,Karat daun,Coffee rust,NO,original image class-code prefix 'K',YES,OBS0646,-0.293176,-2.171241,-0.050681,Gaussian perturbation; clipped to training-observed min/max
OBS0647,SRC0229,f5f9654758ed1c85ece35d46648978a46d7909a6dfd807e22ed5a403aa3bfade,0,train,images/K (138).png,61.95,37.47,4.44,Karat daun,Coffee rust,NO,original image class-code prefix 'K',NO,OBS0647,0.0,0.0,0.0,original measurement
OBS0647,SRC0229,f5f9654758ed1c85ece35d46648978a46d7909a6dfd807e22ed5a403aa3bfade,1,train,images/K (138).png,62.4708,36.3339,4.2833,Karat daun,Coffee rust,NO,original image class-code prefix 'K',YES,OBS0647,0.520786,-1.136139,-0.15668,Gaussian perturbation; clipped to training-observed min/max
OBS0647,SRC0229,f5f9654758ed1c85ece35d46648978a46d7909a6dfd807e22ed5a403aa3bfade,2,train,images/K (138).png,61.4167,35.0218,4.466,Karat daun,Coffee rust,NO,original image class-code prefix 'K',YES,OBS0647,-0.533312,-2.448227,0.026035,Gaussian perturbation; clipped to training-observed min/max
OBS0648,SRC0229,f5f9654758ed1c85ece35d46648978a46d7909a6dfd807e22ed5a403aa3bfade,0,train,images/K (139).png,77.66,41.61,5.08,Karat daun,Coffee rust,NO,original image class-code prefix 'K',NO,OBS0648,0.0,0.0,0.0,original measurement
OBS0648,SRC0229,f5f9654758ed1c85ece35d46648978a46d7909a6dfd807e22ed5a403aa3bfade,1,train,images/K (139).png,77.1787,41.6823,5.1837,Karat daun,Coffee rust,NO,original image class-code prefix 'K',YES,OBS0648,-0.481289,0.072321,0.103733,Gaussian perturbation; clipped to training-observed min/max
OBS0648,SRC0229,f5f9654758ed1c85ece35d46648978a46d7909a6dfd807e22ed5a403aa3bfade,2,train,images/K (139).png,76.5705,39.0325,5.0777,Karat daun,Coffee rust,NO,original image class-code prefix 'K',YES,OBS0648,-1.089523,-2.577484,-0.002269,Gaussian perturbation; clipped to training-observed min/max
OBS0649,SRC0060,441b10e8f33d9695341f6a8d56c716fd3afe8366be49b0105fd0c9c12d33e85a,0,train,images/K (14).jpg,80.6,40.74,5.43,Karat daun,Coffee rust,NO,original image class-code prefix 'K',NO,OBS0649,0.0,0.0,0.0,original measurement
OBS0649,SRC0060,441b10e8f33d9695341f6a8d56c716fd3afe8366be49b0105fd0c9c12d33e85a,1,train,images/K (14).jpg,81.1628,39.0245,5.4005,Karat daun,Coffee rust,NO,original image class-code prefix 'K',YES,OBS0649,0.562756,-1.715452,-0.029477,Gaussian perturbation; clipped to training-observed min/max
OBS0649,SRC0060,441b10e8f33d9695341f6a8d56c716fd3afe8366be49b0105fd0c9c12d33e85a,2,train,images/K (14).jpg,80.1834,40.7734,5.3808,Karat daun,Coffee rust,NO,original image class-code prefix 'K',YES,OBS0649,-0.416637,0.033384,-0.04924,Gaussian perturbation; clipped to training-observed min/max
OBS0651,SRC0229,f5f9654758ed1c85ece35d46648978a46d7909a6dfd807e22ed5a403aa3bfade,0,train,images/K (140).png,87.82,44.4,5.07,Karat daun,Coffee rust,NO,original image class-code prefix 'K',NO,OBS0651,0.0,0.0,0.0,original measurement
OBS0651,SRC0229,f5f9654758ed1c85ece35d46648978a46d7909a6dfd807e22ed5a403aa3bfade,1,train,images/K (140).png,91.0162,44.0851,5.0849,Karat daun,Coffee rust,NO,original image class-code prefix 'K',YES,OBS0651,3.196156,-0.314936,0.014922,Gaussian perturbation; clipped to training-observed min/max
OBS0651,SRC0229,f5f9654758ed1c85ece35d46648978a46d7909a6dfd807e22ed5a403aa3bfade,2,train,images/K (140).png,87.2383,41.2283,5.1805,Karat daun,Coffee rust,NO,original image class-code prefix 'K',YES,OBS0651,-0.581702,-3.171728,0.110472,Gaussian perturbation; clipped to training-observed min/max
OBS0652,SRC0144,9e72ea65dc1e9d88569c8e244bf4ba865fdf8338df803822aebbb5469150ff9c,0,train,images/K (141).png,88.94,71.62,5.34,Sehat,Coffee rust,YES,original image class-code prefix 'K',NO,OBS0652,0.0,0.0,0.0,original measurement
OBS0652,SRC0144,9e72ea65dc1e9d88569c8e244bf4ba865fdf8338df803822aebbb5469150ff9c,1,train,images/K (141).png,85.1518,73.2482,5.2343,Sehat,Coffee rust,YES,original image class-code prefix 'K',YES,OBS0652,-3.78816,1.628182,-0.105714,Gaussian perturbation; clipped to training-observed min/max
OBS0652,SRC0144,9e72ea65dc1e9d88569c8e244bf4ba865fdf8338df803822aebbb5469150ff9c,2,train,images/K (141).png,87.3093,71.4893,5.5157,Sehat,Coffee rust,YES,original image class-code prefix 'K',YES,OBS0652,-1.630706,-0.130679,0.175672,Gaussian perturbation; clipped to training-observed min/max
OBS0653,SRC0144,9e72ea65dc1e9d88569c8e244bf4ba865fdf8338df803822aebbb5469150ff9c,0,train,images/K (142).png,79.03,46.12,4.54,Karat daun,Coffee rust,NO,original image class-code prefix 'K',NO,OBS0653,0.0,0.0,0.0,original measurement
OBS0653,SRC0144,9e72ea65dc1e9d88569c8e244bf4ba865fdf8338df803822aebbb5469150ff9c,1,train,images/K (142).png,79.4135,45.8905,4.4786,Karat daun,Coffee rust,NO,original image class-code prefix 'K',YES,OBS0653,0.383523,-0.22951,-0.061419,Gaussian perturbation; clipped to training-observed min/max
OBS0653,SRC0144,9e72ea65dc1e9d88569c8e244bf4ba865fdf8338df803822aebbb5469150ff9c,2,train,images/K (142).png,79.8109,45.6759,4.5971,Karat daun,Coffee rust,NO,original image class-code prefix 'K',YES,OBS0653,0.780868,-0.444108,0.057104,Gaussian perturbation; clipped to training-observed min/max
OBS0654,SRC0144,9e72ea65dc1e9d88569c8e244bf4ba865fdf8338df803822aebbb5469150ff9c,0,train,images/K (143).png,74.88,48.27,4.94,Bercak daun,Coffee rust,YES,original image class-code prefix 'K',NO,OBS0654,0.0,0.0,0.0,original measurement
OBS0654,SRC0144,9e72ea65dc1e9d88569c8e244bf4ba865fdf8338df803822aebbb5469150ff9c,1,train,images/K (143).png,72.5238,48.9041,4.9654,Bercak daun,Coffee rust,YES,original image class-code prefix 'K',YES,OBS0654,-2.356172,0.63413,0.025439,Gaussian perturbation; clipped to training-observed min/max
OBS0654,SRC0144,9e72ea65dc1e9d88569c8e244bf4ba865fdf8338df803822aebbb5469150ff9c,2,train,images/K (143).png,73.2477,47.0308,4.9282,Bercak daun,Coffee rust,YES,original image class-code prefix 'K',YES,OBS0654,-1.632269,-1.239162,-0.01179,Gaussian perturbation; clipped to training-observed min/max
OBS0655,SRC0144,9e72ea65dc1e9d88569c8e244bf4ba865fdf8338df803822aebbb5469150ff9c,0,train,images/K (144).png,98.0,59.47,5.59,Karat daun,Coffee rust,NO,original image class-code prefix 'K',NO,OBS0655,0.0,0.0,0.0,original measurement
OBS0655,SRC0144,9e72ea65dc1e9d88569c8e244bf4ba865fdf8338df803822aebbb5469150ff9c,1,train,images/K (144).png,97.4162,59.818,5.4752,Karat daun,Coffee rust,NO,original image class-code prefix 'K',YES,OBS0655,-0.583811,0.348031,-0.114774,Gaussian perturbation; clipped to training-observed min/max
OBS0655,SRC0144,9e72ea65dc1e9d88569c8e244bf4ba865fdf8338df803822aebbb5469150ff9c,2,train,images/K (144).png,96.9385,62.0068,5.5226,Karat daun,Coffee rust,NO,original image class-code prefix 'K',YES,OBS0655,-1.061477,2.536807,-0.06739,Gaussian perturbation; clipped to training-observed min/max
OBS0656,SRC0030,1ce7c199ef319293388e0b0ba902b5e3f329d27f6566d7e07fc17e1bedd7215a,0,train,images/K (145).png,80.67,60.7,5.34,Karat daun,Coffee rust,NO,original image class-code prefix 'K',NO,OBS0656,0.0,0.0,0.0,original measurement
OBS0656,SRC0030,1ce7c199ef319293388e0b0ba902b5e3f329d27f6566d7e07fc17e1bedd7215a,1,train,images/K (145).png,80.1587,60.4875,5.3177,Karat daun,Coffee rust,NO,original image class-code prefix 'K',YES,OBS0656,-0.511329,-0.212491,-0.022279,Gaussian perturbation; clipped to training-observed min/max
OBS0656,SRC0030,1ce7c199ef319293388e0b0ba902b5e3f329d27f6566d7e07fc17e1bedd7215a,2,train,images/K (145).png,82.1183,60.0134,5.4084,Karat daun,Coffee rust,NO,original image class-code prefix 'K',YES,OBS0656,1.448279,-0.686606,0.068394,Gaussian perturbation; clipped to training-observed min/max
OBS0657,SRC0030,1ce7c199ef319293388e0b0ba902b5e3f329d27f6566d7e07fc17e1bedd7215a,0,train,images/K (146).png,78.1,59.64,5.14,Karat daun,Coffee rust,NO,original image class-code prefix 'K',NO,OBS0657,0.0,0.0,0.0,original measurement
OBS0657,SRC0030,1ce7c199ef319293388e0b0ba902b5e3f329d27f6566d7e07fc17e1bedd7215a,1,train,images/K (146).png,77.0735,60.5677,5.1229,Karat daun,Coffee rust,NO,original image class-code prefix 'K',YES,OBS0657,-1.026543,0.927694,-0.017126,Gaussian perturbation; clipped to training-observed min/max
OBS0657,SRC0030,1ce7c199ef319293388e0b0ba902b5e3f329d27f6566d7e07fc17e1bedd7215a,2,train,images/K (146).png,77.8903,59.5337,5.184,Karat daun,Coffee rust,NO,original image class-code prefix 'K',YES,OBS0657,-0.209714,-0.106343,0.04402,Gaussian perturbation; clipped to training-observed min/max
OBS0658,SRC0030,1ce7c199ef319293388e0b0ba902b5e3f329d27f6566d7e07fc17e1bedd7215a,0,train,images/K (147).png,82.33,56.31,5.18,Karat daun,Coffee rust,NO,original image class-code prefix 'K',NO,OBS0658,0.0,0.0,0.0,original measurement
OBS0658,SRC0030,1ce7c199ef319293388e0b0ba902b5e3f329d27f6566d7e07fc17e1bedd7215a,1,train,images/K (147).png,80.8978,55.1455,5.343,Karat daun,Coffee rust,NO,original image class-code prefix 'K',YES,OBS0658,-1.432155,-1.164541,0.162978,Gaussian perturbation; clipped to training-observed min/max
OBS0658,SRC0030,1ce7c199ef319293388e0b0ba902b5e3f329d27f6566d7e07fc17e1bedd7215a,2,train,images/K (147).png,82.9378,55.8769,5.2314,Karat daun,Coffee rust,NO,original image class-code prefix 'K',YES,OBS0658,0.60779,-0.433058,0.051367,Gaussian perturbation; clipped to training-observed min/max
OBS0659,SRC0030,1ce7c199ef319293388e0b0ba902b5e3f329d27f6566d7e07fc17e1bedd7215a,0,train,images/K (148).png,78.98,61.13,5.03,Karat daun,Coffee rust,NO,original image class-code prefix 'K',NO,OBS0659,0.0,0.0,0.0,original measurement
OBS0659,SRC0030,1ce7c199ef319293388e0b0ba902b5e3f329d27f6566d7e07fc17e1bedd7215a,1,train,images/K (148).png,78.9078,58.4283,5.0429,Karat daun,Coffee rust,NO,original image class-code prefix 'K',YES,OBS0659,-0.072165,-2.701686,0.012906,Gaussian perturbation; clipped to training-observed min/max
OBS0659,SRC0030,1ce7c199ef319293388e0b0ba902b5e3f329d27f6566d7e07fc17e1bedd7215a,2,train,images/K (148).png,78.8338,61.549,4.968,Karat daun,Coffee rust,NO,original image class-code prefix 'K',YES,OBS0659,-0.146249,0.418961,-0.061978,Gaussian perturbation; clipped to training-observed min/max
OBS0660,SRC0126,8a595ee569cf856b900d65c7b69182d6578561f9eb3f51d32f034a3033095327,0,train,images/K (149).png,77.93,57.7,5.02,Karat daun,Coffee rust,NO,original image class-code prefix 'K',NO,OBS0660,0.0,0.0,0.0,original measurement
OBS0660,SRC0126,8a595ee569cf856b900d65c7b69182d6578561f9eb3f51d32f034a3033095327,1,train,images/K (149).png,77.6655,59.0706,5.0079,Karat daun,Coffee rust,NO,original image class-code prefix 'K',YES,OBS0660,-0.264542,1.37055,-0.012068,Gaussian perturbation; clipped to training-observed min/max
OBS0660,SRC0126,8a595ee569cf856b900d65c7b69182d6578561f9eb3f51d32f034a3033095327,2,train,images/K (149).png,77.4152,58.1381,4.9885,Karat daun,Coffee rust,NO,original image class-code prefix 'K',YES,OBS0660,-0.514756,0.438064,-0.031533,Gaussian perturbation; clipped to training-observed min/max
OBS0661,SRC0060,441b10e8f33d9695341f6a8d56c716fd3afe8366be49b0105fd0c9c12d33e85a,0,train,images/K (15).jpg,72.94,58.28,5.44,Karat daun,Coffee rust,NO,original image class-code prefix 'K',NO,OBS0661,0.0,0.0,0.0,original measurement
OBS0661,SRC0060,441b10e8f33d9695341f6a8d56c716fd3afe8366be49b0105fd0c9c12d33e85a,1,train,images/K (15).jpg,74.2214,58.0706,5.4691,Karat daun,Coffee rust,NO,original image class-code prefix 'K',YES,OBS0661,1.281432,-0.209406,0.02907,Gaussian perturbation; clipped to training-observed min/max
OBS0661,SRC0060,441b10e8f33d9695341f6a8d56c716fd3afe8366be49b0105fd0c9c12d33e85a,2,train,images/K (15).jpg,72.095,56.7826,5.4975,Karat daun,Coffee rust,NO,original image class-code prefix 'K',YES,OBS0661,-0.844952,-1.497357,0.057545,Gaussian perturbation; clipped to training-observed min/max
OBS0663,SRC0126,8a595ee569cf856b900d65c7b69182d6578561f9eb3f51d32f034a3033095327,0,train,images/K (150).png,81.34,45.15,5.34,Karat daun,Coffee rust,NO,original image class-code prefix 'K',NO,OBS0663,0.0,0.0,0.0,original measurement
OBS0663,SRC0126,8a595ee569cf856b900d65c7b69182d6578561f9eb3f51d32f034a3033095327,1,train,images/K (150).png,81.6544,45.9149,5.3989,Karat daun,Coffee rust,NO,original image class-code prefix 'K',YES,OBS0663,0.314392,0.764926,0.058935,Gaussian perturbation; clipped to training-observed min/max
OBS0663,SRC0126,8a595ee569cf856b900d65c7b69182d6578561f9eb3f51d32f034a3033095327,2,train,images/K (150).png,79.5769,45.2937,5.1795,Karat daun,Coffee rust,NO,original image class-code prefix 'K',YES,OBS0663,-1.763113,0.143743,-0.160465,Gaussian perturbation; clipped to training-observed min/max
OBS0664,SRC0158,a9d6e0046b50fef4e6d1737c47d29d5a388bc84e36a751a519586b173c07a2b7,0,train,images/K (16).jpg,78.04,52.87,4.74,Karat daun,Coffee rust,NO,original image class-code prefix 'K',NO,OBS0664,0.0,0.0,0.0,original measurement
OBS0664,SRC0158,a9d6e0046b50fef4e6d1737c47d29d5a388bc84e36a751a519586b173c07a2b7,1,train,images/K (16).jpg,78.6632,51.5672,4.7774,Karat daun,Coffee rust,NO,original image class-code prefix 'K',YES,OBS0664,0.623232,-1.302755,0.037385,Gaussian perturbation; clipped to training-observed min/max
OBS0664,SRC0158,a9d6e0046b50fef4e6d1737c47d29d5a388bc84e36a751a519586b173c07a2b7,2,train,images/K (16).jpg,78.9111,52.2226,4.7382,Karat daun,Coffee rust,NO,original image class-code prefix 'K',YES,OBS0664,0.871145,-0.647359,-0.001844,Gaussian perturbation; clipped to training-observed min/max
OBS0666,SRC0158,a9d6e0046b50fef4e6d1737c47d29d5a388bc84e36a751a519586b173c07a2b7,0,train,images/K (17).jpg,81.6,51.66,5.42,Karat daun,Coffee rust,NO,original image class-code prefix 'K',NO,OBS0666,0.0,0.0,0.0,original measurement
OBS0666,SRC0158,a9d6e0046b50fef4e6d1737c47d29d5a388bc84e36a751a519586b173c07a2b7,1,train,images/K (17).jpg,83.0668,49.6753,5.4715,Karat daun,Coffee rust,NO,original image class-code prefix 'K',YES,OBS0666,1.466779,-1.984677,0.051491,Gaussian perturbation; clipped to training-observed min/max
OBS0666,SRC0158,a9d6e0046b50fef4e6d1737c47d29d5a388bc84e36a751a519586b173c07a2b7,2,train,images/K (17).jpg,81.7421,52.7978,5.2878,Karat daun,Coffee rust,NO,original image class-code prefix 'K',YES,OBS0666,0.142052,1.137774,-0.132151,Gaussian perturbation; clipped to training-observed min/max
OBS0667,SRC0177,bdb7f802eaf3e32f9a07302c1f379bdf1aaf929e7d7c0ae722f4a6c8472b8ab2,0,train,images/K (17).png,73.85,53.07,4.81,Karat daun,Coffee rust,NO,original image class-code prefix 'K',NO,OBS0667,0.0,0.0,0.0,original measurement
OBS0667,SRC0177,bdb7f802eaf3e32f9a07302c1f379bdf1aaf929e7d7c0ae722f4a6c8472b8ab2,1,train,images/K (17).png,73.8542,54.395,4.9187,Karat daun,Coffee rust,NO,original image class-code prefix 'K',YES,OBS0667,0.004244,1.325036,0.108733,Gaussian perturbation; clipped to training-observed min/max
OBS0667,SRC0177,bdb7f802eaf3e32f9a07302c1f379bdf1aaf929e7d7c0ae722f4a6c8472b8ab2,2,train,images/K (17).png,72.9269,52.7346,4.9573,Karat daun,Coffee rust,NO,original image class-code prefix 'K',YES,OBS0667,-0.923105,-0.335443,0.147313,Gaussian perturbation; clipped to training-observed min/max
OBS0668,SRC0158,a9d6e0046b50fef4e6d1737c47d29d5a388bc84e36a751a519586b173c07a2b7,0,train,images/K (18).jpg,87.0,60.37,4.63,Karat daun,Coffee rust,NO,original image class-code prefix 'K',NO,OBS0668,0.0,0.0,0.0,original measurement
OBS0668,SRC0158,a9d6e0046b50fef4e6d1737c47d29d5a388bc84e36a751a519586b173c07a2b7,1,train,images/K (18).jpg,85.2962,60.3151,4.6442,Karat daun,Coffee rust,NO,original image class-code prefix 'K',YES,OBS0668,-1.703776,-0.054898,0.014194,Gaussian perturbation; clipped to training-observed min/max
OBS0668,SRC0158,a9d6e0046b50fef4e6d1737c47d29d5a388bc84e36a751a519586b173c07a2b7,2,train,images/K (18).jpg,87.2099,59.2489,4.7072,Karat daun,Coffee rust,NO,original image class-code prefix 'K',YES,OBS0668,0.209915,-1.121095,0.077158,Gaussian perturbation; clipped to training-observed min/max
OBS0669,SRC0177,bdb7f802eaf3e32f9a07302c1f379bdf1aaf929e7d7c0ae722f4a6c8472b8ab2,0,train,images/K (18).png,60.22,53.4,5.43,Karat daun,Coffee rust,NO,original image class-code prefix 'K',NO,OBS0669,0.0,0.0,0.0,original measurement
OBS0669,SRC0177,bdb7f802eaf3e32f9a07302c1f379bdf1aaf929e7d7c0ae722f4a6c8472b8ab2,1,train,images/K (18).png,61.2862,55.5794,5.3666,Karat daun,Coffee rust,NO,original image class-code prefix 'K',YES,OBS0669,1.06624,2.179367,-0.063437,Gaussian perturbation; clipped to training-observed min/max
OBS0669,SRC0177,bdb7f802eaf3e32f9a07302c1f379bdf1aaf929e7d7c0ae722f4a6c8472b8ab2,2,train,images/K (18).png,59.642,54.7159,5.5752,Karat daun,Coffee rust,NO,original image class-code prefix 'K',YES,OBS0669,-0.578033,1.315912,0.145226,Gaussian perturbation; clipped to training-observed min/max
OBS0670,SRC0158,a9d6e0046b50fef4e6d1737c47d29d5a388bc84e36a751a519586b173c07a2b7,0,train,images/K (19).jpg,89.08,56.19,4.96,Karat daun,Coffee rust,NO,original image class-code prefix 'K',NO,OBS0670,0.0,0.0,0.0,original measurement
OBS0670,SRC0158,a9d6e0046b50fef4e6d1737c47d29d5a388bc84e36a751a519586b173c07a2b7,1,train,images/K (19).jpg,89.068,54.3564,4.9427,Karat daun,Coffee rust,NO,original image class-code prefix 'K',YES,OBS0670,-0.011969,-1.833632,-0.017286,Gaussian perturbation; clipped to training-observed min/max
OBS0670,SRC0158,a9d6e0046b50fef4e6d1737c47d29d5a388bc84e36a751a519586b173c07a2b7,2,train,images/K (19).jpg,90.2377,57.0037,5.049,Karat daun,Coffee rust,NO,original image class-code prefix 'K',YES,OBS0670,1.157657,0.813722,0.089036,Gaussian perturbation; clipped to training-observed min/max
OBS0671,SRC0177,bdb7f802eaf3e32f9a07302c1f379bdf1aaf929e7d7c0ae722f4a6c8472b8ab2,0,train,images/K (19).png,83.4,39.14,5.83,Karat daun,Coffee rust,NO,original image class-code prefix 'K',NO,OBS0671,0.0,0.0,0.0,original measurement
OBS0671,SRC0177,bdb7f802eaf3e32f9a07302c1f379bdf1aaf929e7d7c0ae722f4a6c8472b8ab2,1,train,images/K (19).png,85.7099,38.6224,5.7576,Karat daun,Coffee rust,NO,original image class-code prefix 'K',YES,OBS0671,2.309912,-0.517582,-0.072355,Gaussian perturbation; clipped to training-observed min/max
OBS0671,SRC0177,bdb7f802eaf3e32f9a07302c1f379bdf1aaf929e7d7c0ae722f4a6c8472b8ab2,2,train,images/K (19).png,81.9568,38.9927,5.9115,Karat daun,Coffee rust,NO,original image class-code prefix 'K',YES,OBS0671,-1.443249,-0.147339,0.081526,Gaussian perturbation; clipped to training-observed min/max
OBS0672,SRC0142,9e2bc47782e6d66cbe757e1c067db8fecd05a6c11a82ac67dcbca4df37b67a1a,0,train,images/K (2).jpg,62.77,49.53,5.39,Karat daun,Coffee rust,NO,original image class-code prefix 'K',NO,OBS0672,0.0,0.0,0.0,original measurement
OBS0672,SRC0142,9e2bc47782e6d66cbe757e1c067db8fecd05a6c11a82ac67dcbca4df37b67a1a,1,train,images/K (2).jpg,64.8426,49.7925,5.3912,Karat daun,Coffee rust,NO,original image class-code prefix 'K',YES,OBS0672,2.072618,0.262525,0.001179,Gaussian perturbation; clipped to training-observed min/max
OBS0672,SRC0142,9e2bc47782e6d66cbe757e1c067db8fecd05a6c11a82ac67dcbca4df37b67a1a,2,train,images/K (2).jpg,62.6105,51.0017,5.329,Karat daun,Coffee rust,NO,original image class-code prefix 'K',YES,OBS0672,-0.159463,1.471665,-0.060961,Gaussian perturbation; clipped to training-observed min/max
OBS0674,SRC0083,5fa3d0f6b9994608f3a7f9fefa9ad6ef279555d50a8dce42af177bd84bd5d5d6,0,train,images/K (20).jpg,78.56,42.54,4.57,Karat daun,Coffee rust,NO,original image class-code prefix 'K',NO,OBS0674,0.0,0.0,0.0,original measurement
OBS0674,SRC0083,5fa3d0f6b9994608f3a7f9fefa9ad6ef279555d50a8dce42af177bd84bd5d5d6,1,train,images/K (20).jpg,78.4341,42.4471,4.5678,Karat daun,Coffee rust,NO,original image class-code prefix 'K',YES,OBS0674,-0.125915,-0.09287,-0.002173,Gaussian perturbation; clipped to training-observed min/max
OBS0674,SRC0083,5fa3d0f6b9994608f3a7f9fefa9ad6ef279555d50a8dce42af177bd84bd5d5d6,2,train,images/K (20).jpg,80.7299,41.4696,4.7664,Karat daun,Coffee rust,NO,original image class-code prefix 'K',YES,OBS0674,2.169861,-1.070366,0.196422,Gaussian perturbation; clipped to training-observed min/max
OBS0675,SRC0177,bdb7f802eaf3e32f9a07302c1f379bdf1aaf929e7d7c0ae722f4a6c8472b8ab2,0,train,images/K (20).png,74.28,45.93,5.66,Bercak daun,Coffee rust,YES,original image class-code prefix 'K',NO,OBS0675,0.0,0.0,0.0,original measurement
OBS0675,SRC0177,bdb7f802eaf3e32f9a07302c1f379bdf1aaf929e7d7c0ae722f4a6c8472b8ab2,1,train,images/K (20).png,73.4936,44.9454,5.6071,Bercak daun,Coffee rust,YES,original image class-code prefix 'K',YES,OBS0675,-0.786364,-0.984586,-0.05287,Gaussian perturbation; clipped to training-observed min/max
OBS0675,SRC0177,bdb7f802eaf3e32f9a07302c1f379bdf1aaf929e7d7c0ae722f4a6c8472b8ab2,2,train,images/K (20).png,75.0585,45.9131,5.7497,Bercak daun,Coffee rust,YES,original image class-code prefix 'K',YES,OBS0675,0.778475,-0.016898,0.089698,Gaussian perturbation; clipped to training-observed min/max
OBS0676,SRC0083,5fa3d0f6b9994608f3a7f9fefa9ad6ef279555d50a8dce42af177bd84bd5d5d6,0,train,images/K (21).jpg,72.28,51.79,5.51,Karat daun,Coffee rust,NO,original image class-code prefix 'K',NO,OBS0676,0.0,0.0,0.0,original measurement
OBS0676,SRC0083,5fa3d0f6b9994608f3a7f9fefa9ad6ef279555d50a8dce42af177bd84bd5d5d6,1,train,images/K (21).jpg,71.2916,49.7821,5.4803,Karat daun,Coffee rust,NO,original image class-code prefix 'K',YES,OBS0676,-0.988398,-2.00786,-0.029675,Gaussian perturbation; clipped to training-observed min/max
OBS0676,SRC0083,5fa3d0f6b9994608f3a7f9fefa9ad6ef279555d50a8dce42af177bd84bd5d5d6,2,train,images/K (21).jpg,72.6157,50.0263,5.5015,Karat daun,Coffee rust,NO,original image class-code prefix 'K',YES,OBS0676,0.335729,-1.763705,-0.008521,Gaussian perturbation; clipped to training-observed min/max
OBS0677,SRC0231,f8223788c036bcba10a433ffddef7cc6320e556c8d074ba1454a7ce76976dcba,0,train,images/K (21).png,70.09,61.73,4.83,Karat daun,Coffee rust,NO,original image class-code prefix 'K',NO,OBS0677,0.0,0.0,0.0,original measurement
OBS0677,SRC0231,f8223788c036bcba10a433ffddef7cc6320e556c8d074ba1454a7ce76976dcba,1,train,images/K (21).png,70.7327,60.762,4.7641,Karat daun,Coffee rust,NO,original image class-code prefix 'K',YES,OBS0677,0.642698,-0.967989,-0.065918,Gaussian perturbation; clipped to training-observed min/max
OBS0677,SRC0231,f8223788c036bcba10a433ffddef7cc6320e556c8d074ba1454a7ce76976dcba,2,train,images/K (21).png,68.7758,61.5579,4.8665,Karat daun,Coffee rust,NO,original image class-code prefix 'K',YES,OBS0677,-1.31421,-0.172144,0.036506,Gaussian perturbation; clipped to training-observed min/max
OBS0678,SRC0083,5fa3d0f6b9994608f3a7f9fefa9ad6ef279555d50a8dce42af177bd84bd5d5d6,0,train,images/K (22).jpg,91.48,54.28,5.45,Karat daun,Coffee rust,NO,original image class-code prefix 'K',NO,OBS0678,0.0,0.0,0.0,original measurement
OBS0678,SRC0083,5fa3d0f6b9994608f3a7f9fefa9ad6ef279555d50a8dce42af177bd84bd5d5d6,1,train,images/K (22).jpg,94.7771,55.6783,5.3491,Karat daun,Coffee rust,NO,original image class-code prefix 'K',YES,OBS0678,3.297067,1.398255,-0.100936,Gaussian perturbation; clipped to training-observed min/max
OBS0678,SRC0083,5fa3d0f6b9994608f3a7f9fefa9ad6ef279555d50a8dce42af177bd84bd5d5d6,2,train,images/K (22).jpg,89.6358,54.1477,5.5758,Karat daun,Coffee rust,NO,original image class-code prefix 'K',YES,OBS0678,-1.844157,-0.132335,0.125759,Gaussian perturbation; clipped to training-observed min/max
OBS0679,SRC0231,f8223788c036bcba10a433ffddef7cc6320e556c8d074ba1454a7ce76976dcba,0,train,images/K (22).png,86.56,42.49,4.16,Karat daun,Coffee rust,NO,original image class-code prefix 'K',NO,OBS0679,0.0,0.0,0.0,original measurement
OBS0679,SRC0231,f8223788c036bcba10a433ffddef7cc6320e556c8d074ba1454a7ce76976dcba,1,train,images/K (22).png,87.3486,41.8572,4.2401,Karat daun,Coffee rust,NO,original image class-code prefix 'K',YES,OBS0679,0.788565,-0.632787,0.080131,Gaussian perturbation; clipped to training-observed min/max
OBS0679,SRC0231,f8223788c036bcba10a433ffddef7cc6320e556c8d074ba1454a7ce76976dcba,2,train,images/K (22).png,88.2128,44.2441,4.16,Karat daun,Coffee rust,NO,original image class-code prefix 'K',YES,OBS0679,1.652822,1.754089,-0.085313,Gaussian perturbation; clipped to training-observed min/max
OBS0680,SRC0076,59412c0e7eee92f636e85e5a54390fef5215c144ff2886930550d23316a1a3d6,0,train,images/K (23).jpg,84.63,60.08,5.21,Karat daun,Coffee rust,NO,original image class-code prefix 'K',NO,OBS0680,0.0,0.0,0.0,original measurement
OBS0680,SRC0076,59412c0e7eee92f636e85e5a54390fef5215c144ff2886930550d23316a1a3d6,1,train,images/K (23).jpg,85.1549,58.5426,5.1456,Karat daun,Coffee rust,NO,original image class-code prefix 'K',YES,OBS0680,0.524903,-1.537411,-0.064437,Gaussian perturbation; clipped to training-observed min/max
OBS0680,SRC0076,59412c0e7eee92f636e85e5a54390fef5215c144ff2886930550d23316a1a3d6,2,train,images/K (23).jpg,83.0957,59.7657,5.0951,Karat daun,Coffee rust,NO,original image class-code prefix 'K',YES,OBS0680,-1.534324,-0.314343,-0.114881,Gaussian perturbation; clipped to training-observed min/max
OBS0681,SRC0231,f8223788c036bcba10a433ffddef7cc6320e556c8d074ba1454a7ce76976dcba,0,train,images/K (23).png,87.35,58.99,4.7,Karat daun,Coffee rust,NO,original image class-code prefix 'K',NO,OBS0681,0.0,0.0,0.0,original measurement
OBS0681,SRC0231,f8223788c036bcba10a433ffddef7cc6320e556c8d074ba1454a7ce76976dcba,1,train,images/K (23).png,88.2799,58.9752,4.6308,Karat daun,Coffee rust,NO,original image class-code prefix 'K',YES,OBS0681,0.92991,-0.014789,-0.069157,Gaussian perturbation; clipped to training-observed min/max
OBS0681,SRC0231,f8223788c036bcba10a433ffddef7cc6320e556c8d074ba1454a7ce76976dcba,2,train,images/K (23).png,87.9325,60.8269,4.7276,Karat daun,Coffee rust,NO,original image class-code prefix 'K',YES,OBS0681,0.582526,1.836896,0.027631,Gaussian perturbation; clipped to training-observed min/max
OBS0682,SRC0076,59412c0e7eee92f636e85e5a54390fef5215c144ff2886930550d23316a1a3d6,0,train,images/K (24).jpg,68.69,57.52,4.65,Karat daun,Coffee rust,NO,original image class-code prefix 'K',NO,OBS0682,0.0,0.0,0.0,original measurement
OBS0682,SRC0076,59412c0e7eee92f636e85e5a54390fef5215c144ff2886930550d23316a1a3d6,1,train,images/K (24).jpg,67.9896,57.1794,4.6417,Karat daun,Coffee rust,NO,original image class-code prefix 'K',YES,OBS0682,-0.700392,-0.340625,-0.00833,Gaussian perturbation; clipped to training-observed min/max
OBS0682,SRC0076,59412c0e7eee92f636e85e5a54390fef5215c144ff2886930550d23316a1a3d6,2,train,images/K (24).jpg,67.8482,55.4659,4.6197,Karat daun,Coffee rust,NO,original image class-code prefix 'K',YES,OBS0682,-0.841841,-2.054075,-0.03028,Gaussian perturbation; clipped to training-observed min/max
OBS0683,SRC0231,f8223788c036bcba10a433ffddef7cc6320e556c8d074ba1454a7ce76976dcba,0,train,images/K (24).png,72.2,50.9,4.48,Karat daun,Coffee rust,NO,original image class-code prefix 'K',NO,OBS0683,0.0,0.0,0.0,original measurement
OBS0683,SRC0231,f8223788c036bcba10a433ffddef7cc6320e556c8d074ba1454a7ce76976dcba,1,train,images/K (24).png,73.6913,49.9073,4.3256,Karat daun,Coffee rust,NO,original image class-code prefix 'K',YES,OBS0683,1.491265,-0.992688,-0.154427,Gaussian perturbation; clipped to training-observed min/max
OBS0683,SRC0231,f8223788c036bcba10a433ffddef7cc6320e556c8d074ba1454a7ce76976dcba,2,train,images/K (24).png,72.0935,52.2234,4.3422,Karat daun,Coffee rust,NO,original image class-code prefix 'K',YES,OBS0683,-0.106538,1.323369,-0.137794,Gaussian perturbation; clipped to training-observed min/max
OBS0684,SRC0076,59412c0e7eee92f636e85e5a54390fef5215c144ff2886930550d23316a1a3d6,0,train,images/K (25).jpg,78.92,43.88,5.64,Karat daun,Coffee rust,NO,original image class-code prefix 'K',NO,OBS0684,0.0,0.0,0.0,original measurement
OBS0684,SRC0076,59412c0e7eee92f636e85e5a54390fef5215c144ff2886930550d23316a1a3d6,1,train,images/K (25).jpg,79.148,44.3737,5.6829,Karat daun,Coffee rust,NO,original image class-code prefix 'K',YES,OBS0684,0.228044,0.493735,0.042949,Gaussian perturbation; clipped to training-observed min/max
OBS0684,SRC0076,59412c0e7eee92f636e85e5a54390fef5215c144ff2886930550d23316a1a3d6,2,train,images/K (25).jpg,79.5885,44.6098,5.5133,Karat daun,Coffee rust,NO,original image class-code prefix 'K',YES,OBS0684,0.668514,0.729766,-0.126715,Gaussian perturbation; clipped to training-observed min/max
OBS0685,SRC0206,d94295ee13a9e7e9eb45b964e6b559eb17b8dbd869392fe209854230db136f89,0,train,images/K (25).png,68.55,52.09,5.04,Karat daun,Coffee rust,NO,original image class-code prefix 'K',NO,OBS0685,0.0,0.0,0.0,original measurement
OBS0685,SRC0206,d94295ee13a9e7e9eb45b964e6b559eb17b8dbd869392fe209854230db136f89,1,train,images/K (25).png,69.2893,53.743,5.0223,Karat daun,Coffee rust,NO,original image class-code prefix 'K',YES,OBS0685,0.73927,1.653016,-0.017732,Gaussian perturbation; clipped to training-observed min/max
OBS0685,SRC0206,d94295ee13a9e7e9eb45b964e6b559eb17b8dbd869392fe209854230db136f89,2,train,images/K (25).png,68.9957,50.8727,5.1442,Karat daun,Coffee rust,NO,original image class-code prefix 'K',YES,OBS0685,0.445704,-1.217299,0.104238,Gaussian perturbation; clipped to training-observed min/max
OBS0686,SRC0024,17b325a72cd0b1f0475f7ccffb12281aedf18f104554312d60f238178b0e50e1,0,train,images/K (26).jpg,85.65,57.24,5.8,Karat daun,Coffee rust,NO,original image class-code prefix 'K',NO,OBS0686,0.0,0.0,0.0,original measurement
OBS0686,SRC0024,17b325a72cd0b1f0475f7ccffb12281aedf18f104554312d60f238178b0e50e1,1,train,images/K (26).jpg,84.9079,59.2194,5.7696,Karat daun,Coffee rust,NO,original image class-code prefix 'K',YES,OBS0686,-0.742057,1.97938,-0.030395,Gaussian perturbation; clipped to training-observed min/max
OBS0686,SRC0024,17b325a72cd0b1f0475f7ccffb12281aedf18f104554312d60f238178b0e50e1,2,train,images/K (26).jpg,86.4633,56.5999,5.9502,Karat daun,Coffee rust,NO,original image class-code prefix 'K',YES,OBS0686,0.813318,-0.640102,0.15022,Gaussian perturbation; clipped to training-observed min/max
OBS0687,SRC0206,d94295ee13a9e7e9eb45b964e6b559eb17b8dbd869392fe209854230db136f89,0,train,images/K (26).png,79.3,63.16,4.69,Karat daun,Coffee rust,NO,original image class-code prefix 'K',NO,OBS0687,0.0,0.0,0.0,original measurement
OBS0687,SRC0206,d94295ee13a9e7e9eb45b964e6b559eb17b8dbd869392fe209854230db136f89,1,train,images/K (26).png,76.9334,63.6032,4.5236,Karat daun,Coffee rust,NO,original image class-code prefix 'K',YES,OBS0687,-2.366561,0.443182,-0.166356,Gaussian perturbation; clipped to training-observed min/max
OBS0687,SRC0206,d94295ee13a9e7e9eb45b964e6b559eb17b8dbd869392fe209854230db136f89,2,train,images/K (26).png,77.8543,65.4304,4.7626,Karat daun,Coffee rust,NO,original image class-code prefix 'K',YES,OBS0687,-1.445732,2.270392,0.072642,Gaussian perturbation; clipped to training-observed min/max
OBS0688,SRC0024,17b325a72cd0b1f0475f7ccffb12281aedf18f104554312d60f238178b0e50e1,0,train,images/K (27).jpg,77.17,63.29,4.36,Karat daun,Coffee rust,NO,original image class-code prefix 'K',NO,OBS0688,0.0,0.0,0.0,original measurement
OBS0688,SRC0024,17b325a72cd0b1f0475f7ccffb12281aedf18f104554312d60f238178b0e50e1,1,train,images/K (27).jpg,74.7574,63.2828,4.3104,Karat daun,Coffee rust,NO,original image class-code prefix 'K',YES,OBS0688,-2.412649,-0.007237,-0.049574,Gaussian perturbation; clipped to training-observed min/max
OBS0688,SRC0024,17b325a72cd0b1f0475f7ccffb12281aedf18f104554312d60f238178b0e50e1,2,train,images/K (27).jpg,77.8538,65.5105,4.4123,Karat daun,Coffee rust,NO,original image class-code prefix 'K',YES,OBS0688,0.683756,2.220489,0.052312,Gaussian perturbation; clipped to training-observed min/max
OBS0689,SRC0206,d94295ee13a9e7e9eb45b964e6b559eb17b8dbd869392fe209854230db136f89,0,train,images/K (27).png,80.09,49.9,4.5,Karat daun,Coffee rust,NO,original image class-code prefix 'K',NO,OBS0689,0.0,0.0,0.0,original measurement
OBS0689,SRC0206,d94295ee13a9e7e9eb45b964e6b559eb17b8dbd869392fe209854230db136f89,1,train,images/K (27).png,80.6116,50.5096,4.4126,Karat daun,Coffee rust,NO,original image class-code prefix 'K',YES,OBS0689,0.521583,0.609649,-0.087401,Gaussian perturbation; clipped to training-observed min/max
OBS0689,SRC0206,d94295ee13a9e7e9eb45b964e6b559eb17b8dbd869392fe209854230db136f89,2,train,images/K (27).png,80.9314,51.0053,4.451,Karat daun,Coffee rust,NO,original image class-code prefix 'K',YES,OBS0689,0.841362,1.105315,-0.048988,Gaussian perturbation; clipped to training-observed min/max
OBS0691,SRC0206,d94295ee13a9e7e9eb45b964e6b559eb17b8dbd869392fe209854230db136f89,0,train,images/K (28).png,79.46,51.59,4.93,Karat daun,Coffee rust,NO,original image class-code prefix 'K',NO,OBS0691,0.0,0.0,0.0,original measurement
OBS0691,SRC0206,d94295ee13a9e7e9eb45b964e6b559eb17b8dbd869392fe209854230db136f89,1,train,images/K (28).png,78.689,53.33,4.9467,Karat daun,Coffee rust,NO,original image class-code prefix 'K',YES,OBS0691,-0.77098,1.739977,0.01673,Gaussian perturbation; clipped to training-observed min/max
OBS0691,SRC0206,d94295ee13a9e7e9eb45b964e6b559eb17b8dbd869392fe209854230db136f89,2,train,images/K (28).png,78.0952,51.0811,4.8934,Karat daun,Coffee rust,NO,original image class-code prefix 'K',YES,OBS0691,-1.364782,-0.508902,-0.036601,Gaussian perturbation; clipped to training-observed min/max
OBS0693,SRC0179,bf213f08b17fb5948534bbd2790c85bb915d4c2b50214536394c0c74b5bcc548,0,train,images/K (29).png,70.12,52.16,5.46,Karat daun,Coffee rust,NO,original image class-code prefix 'K',NO,OBS0693,0.0,0.0,0.0,original measurement
OBS0693,SRC0179,bf213f08b17fb5948534bbd2790c85bb915d4c2b50214536394c0c74b5bcc548,1,train,images/K (29).png,70.0426,52.0727,5.4401,Karat daun,Coffee rust,NO,original image class-code prefix 'K',YES,OBS0693,-0.077416,-0.087256,-0.019942,Gaussian perturbation; clipped to training-observed min/max
OBS0693,SRC0179,bf213f08b17fb5948534bbd2790c85bb915d4c2b50214536394c0c74b5bcc548,2,train,images/K (29).png,72.1287,53.1587,5.5786,Karat daun,Coffee rust,NO,original image class-code prefix 'K',YES,OBS0693,2.008724,0.998737,0.118639,Gaussian perturbation; clipped to training-observed min/max
OBS0694,SRC0142,9e2bc47782e6d66cbe757e1c067db8fecd05a6c11a82ac67dcbca4df37b67a1a,0,train,images/K (3).jpg,85.95,45.28,5.16,Karat daun,Coffee rust,NO,original image class-code prefix 'K',NO,OBS0694,0.0,0.0,0.0,original measurement
OBS0694,SRC0142,9e2bc47782e6d66cbe757e1c067db8fecd05a6c11a82ac67dcbca4df37b67a1a,1,train,images/K (3).jpg,83.9164,45.4134,5.254,Karat daun,Coffee rust,NO,original image class-code prefix 'K',YES,OBS0694,-2.033583,0.133368,0.093982,Gaussian perturbation; clipped to training-observed min/max
OBS0694,SRC0142,9e2bc47782e6d66cbe757e1c067db8fecd05a6c11a82ac67dcbca4df37b67a1a,2,train,images/K (3).jpg,86.8205,44.4648,5.0995,Karat daun,Coffee rust,NO,original image class-code prefix 'K',YES,OBS0694,0.870494,-0.815217,-0.060477,Gaussian perturbation; clipped to training-observed min/max
OBS0697,SRC0179,bf213f08b17fb5948534bbd2790c85bb915d4c2b50214536394c0c74b5bcc548,0,train,images/K (30).png,84.52,52.76,5.13,Karat daun,Coffee rust,NO,original image class-code prefix 'K',NO,OBS0697,0.0,0.0,0.0,original measurement
OBS0697,SRC0179,bf213f08b17fb5948534bbd2790c85bb915d4c2b50214536394c0c74b5bcc548,1,train,images/K (30).png,85.672,52.505,5.1819,Karat daun,Coffee rust,NO,original image class-code prefix 'K',YES,OBS0697,1.152023,-0.255017,0.051864,Gaussian perturbation; clipped to training-observed min/max
OBS0697,SRC0179,bf213f08b17fb5948534bbd2790c85bb915d4c2b50214536394c0c74b5bcc548,2,train,images/K (30).png,84.7079,52.6188,5.1396,Karat daun,Coffee rust,NO,original image class-code prefix 'K',YES,OBS0697,0.187937,-0.141167,0.009638,Gaussian perturbation; clipped to training-observed min/max
OBS0699,SRC0179,bf213f08b17fb5948534bbd2790c85bb915d4c2b50214536394c0c74b5bcc548,0,train,images/K (31).png,83.59,45.54,5.0,Karat daun,Coffee rust,NO,original image class-code prefix 'K',NO,OBS0699,0.0,0.0,0.0,original measurement
OBS0699,SRC0179,bf213f08b17fb5948534bbd2790c85bb915d4c2b50214536394c0c74b5bcc548,1,train,images/K (31).png,82.5945,47.5814,5.0439,Karat daun,Coffee rust,NO,original image class-code prefix 'K',YES,OBS0699,-0.995523,2.04142,0.043854,Gaussian perturbation; clipped to training-observed min/max
OBS0699,SRC0179,bf213f08b17fb5948534bbd2790c85bb915d4c2b50214536394c0c74b5bcc548,2,train,images/K (31).png,85.2692,44.905,4.9568,Karat daun,Coffee rust,NO,original image class-code prefix 'K',YES,OBS0699,1.679205,-0.635036,-0.043243,Gaussian perturbation; clipped to training-observed min/max
OBS0700,SRC0119,8152ebd57b1ca7112be165a0ab474303d205298f56158cb9fb937cf3fd9b3497,0,train,images/K (32).jpg,79.51,34.51,5.22,Karat daun,Coffee rust,NO,original image class-code prefix 'K',NO,OBS0700,0.0,0.0,0.0,original measurement
OBS0700,SRC0119,8152ebd57b1ca7112be165a0ab474303d205298f56158cb9fb937cf3fd9b3497,1,train,images/K (32).jpg,79.1269,33.4761,5.2743,Karat daun,Coffee rust,NO,original image class-code prefix 'K',YES,OBS0700,-0.383093,-1.033909,0.054252,Gaussian perturbation; clipped to training-observed min/max
OBS0700,SRC0119,8152ebd57b1ca7112be165a0ab474303d205298f56158cb9fb937cf3fd9b3497,2,train,images/K (32).jpg,80.365,33.8942,5.1944,Karat daun,Coffee rust,NO,original image class-code prefix 'K',YES,OBS0700,0.855008,-0.615761,-0.025573,Gaussian perturbation; clipped to training-observed min/max
OBS0701,SRC0179,bf213f08b17fb5948534bbd2790c85bb915d4c2b50214536394c0c74b5bcc548,0,train,images/K (32).png,79.84,50.62,4.55,Karat daun,Coffee rust,NO,original image class-code prefix 'K',NO,OBS0701,0.0,0.0,0.0,original measurement
OBS0701,SRC0179,bf213f08b17fb5948534bbd2790c85bb915d4c2b50214536394c0c74b5bcc548,1,train,images/K (32).png,80.2919,49.7169,4.5173,Karat daun,Coffee rust,NO,original image class-code prefix 'K',YES,OBS0701,0.451923,-0.903107,-0.032746,Gaussian perturbation; clipped to training-observed min/max
OBS0701,SRC0179,bf213f08b17fb5948534bbd2790c85bb915d4c2b50214536394c0c74b5bcc548,2,train,images/K (32).png,81.7126,49.7241,4.5087,Karat daun,Coffee rust,NO,original image class-code prefix 'K',YES,OBS0701,1.872585,-0.895892,-0.041346,Gaussian perturbation; clipped to training-observed min/max
OBS0702,SRC0119,8152ebd57b1ca7112be165a0ab474303d205298f56158cb9fb937cf3fd9b3497,0,train,images/K (33).jpg,88.08,64.66,4.63,Karat daun,Coffee rust,NO,original image class-code prefix 'K',NO,OBS0702,0.0,0.0,0.0,original measurement
OBS0702,SRC0119,8152ebd57b1ca7112be165a0ab474303d205298f56158cb9fb937cf3fd9b3497,1,train,images/K (33).jpg,91.0857,62.1084,4.5353,Karat daun,Coffee rust,NO,original image class-code prefix 'K',YES,OBS0702,3.005676,-2.551646,-0.09475,Gaussian perturbation; clipped to training-observed min/max
OBS0702,SRC0119,8152ebd57b1ca7112be165a0ab474303d205298f56158cb9fb937cf3fd9b3497,2,train,images/K (33).jpg,90.2368,64.1685,4.67,Karat daun,Coffee rust,NO,original image class-code prefix 'K',YES,OBS0702,2.156763,-0.491458,0.039986,Gaussian perturbation; clipped to training-observed min/max
OBS0703,SRC0028,1c0cc2b2db6879fd45028408d0933279d776e1539d73c8d2bc7cdc441fbdafae,0,train,images/K (33).png,78.13,64.96,5.19,Karat daun,Coffee rust,NO,original image class-code prefix 'K',NO,OBS0703,0.0,0.0,0.0,original measurement
OBS0703,SRC0028,1c0cc2b2db6879fd45028408d0933279d776e1539d73c8d2bc7cdc441fbdafae,1,train,images/K (33).png,80.6736,64.0996,5.1427,Karat daun,Coffee rust,NO,original image class-code prefix 'K',YES,OBS0703,2.543589,-0.860444,-0.047321,Gaussian perturbation; clipped to training-observed min/max
OBS0703,SRC0028,1c0cc2b2db6879fd45028408d0933279d776e1539d73c8d2bc7cdc441fbdafae,2,train,images/K (33).png,78.6229,64.869,5.148,Karat daun,Coffee rust,NO,original image class-code prefix 'K',YES,OBS0703,0.492944,-0.090988,-0.041994,Gaussian perturbation; clipped to training-observed min/max
OBS0705,SRC0028,1c0cc2b2db6879fd45028408d0933279d776e1539d73c8d2bc7cdc441fbdafae,0,train,images/K (34).png,66.54,50.14,5.24,Karat daun,Coffee rust,NO,original image class-code prefix 'K',NO,OBS0705,0.0,0.0,0.0,original measurement
OBS0705,SRC0028,1c0cc2b2db6879fd45028408d0933279d776e1539d73c8d2bc7cdc441fbdafae,1,train,images/K (34).png,66.38,48.5462,5.2773,Karat daun,Coffee rust,NO,original image class-code prefix 'K',YES,OBS0705,-0.159988,-1.593753,0.037258,Gaussian perturbation; clipped to training-observed min/max
OBS0705,SRC0028,1c0cc2b2db6879fd45028408d0933279d776e1539d73c8d2bc7cdc441fbdafae,2,train,images/K (34).png,67.5414,49.9463,5.2221,Karat daun,Coffee rust,NO,original image class-code prefix 'K',YES,OBS0705,1.001393,-0.193742,-0.017905,Gaussian perturbation; clipped to training-observed min/max
OBS0707,SRC0028,1c0cc2b2db6879fd45028408d0933279d776e1539d73c8d2bc7cdc441fbdafae,0,train,images/K (35).png,67.43,47.45,5.2,Karat daun,Coffee rust,NO,original image class-code prefix 'K',NO,OBS0707,0.0,0.0,0.0,original measurement
OBS0707,SRC0028,1c0cc2b2db6879fd45028408d0933279d776e1539d73c8d2bc7cdc441fbdafae,1,train,images/K (35).png,68.0885,46.8041,5.1753,Karat daun,Coffee rust,NO,original image class-code prefix 'K',YES,OBS0707,0.65854,-0.645884,-0.02465,Gaussian perturbation; clipped to training-observed min/max
OBS0707,SRC0028,1c0cc2b2db6879fd45028408d0933279d776e1539d73c8d2bc7cdc441fbdafae,2,train,images/K (35).png,67.348,49.2164,5.1961,Karat daun,Coffee rust,NO,original image class-code prefix 'K',YES,OBS0707,-0.082,1.766414,-0.003938,Gaussian perturbation; clipped to training-observed min/max
OBS0708,SRC0163,b10ff060200d1ba57bb383a2270f0ab3276f2d62087459f95df2b767af51b6a2,0,train,images/K (36).jpg,90.96,56.66,4.69,Karat daun,Coffee rust,NO,original image class-code prefix 'K',NO,OBS0708,0.0,0.0,0.0,original measurement
OBS0708,SRC0163,b10ff060200d1ba57bb383a2270f0ab3276f2d62087459f95df2b767af51b6a2,1,train,images/K (36).jpg,90.8235,56.463,4.6593,Karat daun,Coffee rust,NO,original image class-code prefix 'K',YES,OBS0708,-0.136473,-0.196977,-0.030704,Gaussian perturbation; clipped to training-observed min/max
OBS0708,SRC0163,b10ff060200d1ba57bb383a2270f0ab3276f2d62087459f95df2b767af51b6a2,2,train,images/K (36).jpg,89.8021,55.5571,4.7588,Karat daun,Coffee rust,NO,original image class-code prefix 'K',YES,OBS0708,-1.157902,-1.102936,0.068828,Gaussian perturbation; clipped to training-observed min/max
OBS0709,SRC0028,1c0cc2b2db6879fd45028408d0933279d776e1539d73c8d2bc7cdc441fbdafae,0,train,images/K (36).png,70.33,56.99,5.62,Karat daun,Coffee rust,NO,original image class-code prefix 'K',NO,OBS0709,0.0,0.0,0.0,original measurement
OBS0709,SRC0028,1c0cc2b2db6879fd45028408d0933279d776e1539d73c8d2bc7cdc441fbdafae,1,train,images/K (36).png,69.6471,57.1008,5.5819,Karat daun,Coffee rust,NO,original image class-code prefix 'K',YES,OBS0709,-0.682926,0.110822,-0.038102,Gaussian perturbation; clipped to training-observed min/max
OBS0709,SRC0028,1c0cc2b2db6879fd45028408d0933279d776e1539d73c8d2bc7cdc441fbdafae,2,train,images/K (36).png,68.7365,56.4323,5.7318,Karat daun,Coffee rust,NO,original image class-code prefix 'K',YES,OBS0709,-1.593497,-0.557702,0.111755,Gaussian perturbation; clipped to training-observed min/max
OBS0710,SRC0163,b10ff060200d1ba57bb383a2270f0ab3276f2d62087459f95df2b767af51b6a2,0,train,images/K (37).jpg,87.52,61.92,5.58,Karat daun,Coffee rust,NO,original image class-code prefix 'K',NO,OBS0710,0.0,0.0,0.0,original measurement
OBS0710,SRC0163,b10ff060200d1ba57bb383a2270f0ab3276f2d62087459f95df2b767af51b6a2,1,train,images/K (37).jpg,87.0225,61.1084,5.5458,Karat daun,Coffee rust,NO,original image class-code prefix 'K',YES,OBS0710,-0.497498,-0.811648,-0.03423,Gaussian perturbation; clipped to training-observed min/max
OBS0710,SRC0163,b10ff060200d1ba57bb383a2270f0ab3276f2d62087459f95df2b767af51b6a2,2,train,images/K (37).jpg,87.1184,62.1942,5.5471,Karat daun,Coffee rust,NO,original image class-code prefix 'K',YES,OBS0710,-0.401563,0.274211,-0.032932,Gaussian perturbation; clipped to training-observed min/max
OBS0711,SRC0189,cedf7f4df5f3abb210152b8b18e29aa521d9ed5468e9e0a86707f47d136be5a0,0,train,images/K (37).png,77.83,45.46,4.35,Karat daun,Coffee rust,NO,original image class-code prefix 'K',NO,OBS0711,0.0,0.0,0.0,original measurement
OBS0711,SRC0189,cedf7f4df5f3abb210152b8b18e29aa521d9ed5468e9e0a86707f47d136be5a0,1,train,images/K (37).png,77.7129,44.8709,4.3786,Karat daun,Coffee rust,NO,original image class-code prefix 'K',YES,OBS0711,-0.117117,-0.5891,0.0286,Gaussian perturbation; clipped to training-observed min/max
OBS0711,SRC0189,cedf7f4df5f3abb210152b8b18e29aa521d9ed5468e9e0a86707f47d136be5a0,2,train,images/K (37).png,78.2035,45.714,4.4007,Karat daun,Coffee rust,NO,original image class-code prefix 'K',YES,OBS0711,0.373511,0.254021,0.05065,Gaussian perturbation; clipped to training-observed min/max
OBS0712,SRC0191,d113407be56f77b0742cf3b04fe9447296fdaba59cb548065048c5bd857497eb,0,train,images/K (38).jpg,79.12,51.15,4.93,Karat daun,Coffee rust,NO,original image class-code prefix 'K',NO,OBS0712,0.0,0.0,0.0,original measurement
OBS0712,SRC0191,d113407be56f77b0742cf3b04fe9447296fdaba59cb548065048c5bd857497eb,1,train,images/K (38).jpg,79.0009,52.6055,4.9673,Karat daun,Coffee rust,NO,original image class-code prefix 'K',YES,OBS0712,-0.119099,1.455536,0.037295,Gaussian perturbation; clipped to training-observed min/max
OBS0712,SRC0191,d113407be56f77b0742cf3b04fe9447296fdaba59cb548065048c5bd857497eb,2,train,images/K (38).jpg,80.9054,51.0543,4.9518,Karat daun,Coffee rust,NO,original image class-code prefix 'K',YES,OBS0712,1.785402,-0.095654,0.02177,Gaussian perturbation; clipped to training-observed min/max
OBS0713,SRC0189,cedf7f4df5f3abb210152b8b18e29aa521d9ed5468e9e0a86707f47d136be5a0,0,train,images/K (38).png,72.17,46.87,4.32,Karat daun,Coffee rust,NO,original image class-code prefix 'K',NO,OBS0713,0.0,0.0,0.0,original measurement
OBS0713,SRC0189,cedf7f4df5f3abb210152b8b18e29aa521d9ed5468e9e0a86707f47d136be5a0,1,train,images/K (38).png,71.3514,46.8888,4.3854,Karat daun,Coffee rust,NO,original image class-code prefix 'K',YES,OBS0713,-0.818617,0.018753,0.065442,Gaussian perturbation; clipped to training-observed min/max
OBS0713,SRC0189,cedf7f4df5f3abb210152b8b18e29aa521d9ed5468e9e0a86707f47d136be5a0,2,train,images/K (38).png,71.7314,48.6606,4.3221,Karat daun,Coffee rust,NO,original image class-code prefix 'K',YES,OBS0713,-0.438597,1.790611,0.002054,Gaussian perturbation; clipped to training-observed min/max
OBS0714,SRC0191,d113407be56f77b0742cf3b04fe9447296fdaba59cb548065048c5bd857497eb,0,train,images/K (39).jpg,85.31,48.0,4.88,Karat daun,Coffee rust,NO,original image class-code prefix 'K',NO,OBS0714,0.0,0.0,0.0,original measurement
OBS0714,SRC0191,d113407be56f77b0742cf3b04fe9447296fdaba59cb548065048c5bd857497eb,1,train,images/K (39).jpg,87.2098,46.7414,4.8579,Karat daun,Coffee rust,NO,original image class-code prefix 'K',YES,OBS0714,1.899812,-1.258564,-0.022149,Gaussian perturbation; clipped to training-observed min/max
OBS0714,SRC0191,d113407be56f77b0742cf3b04fe9447296fdaba59cb548065048c5bd857497eb,2,train,images/K (39).jpg,84.7144,49.2128,4.9314,Karat daun,Coffee rust,NO,original image class-code prefix 'K',YES,OBS0714,-0.595632,1.212758,0.051368,Gaussian perturbation; clipped to training-observed min/max
OBS0715,SRC0189,cedf7f4df5f3abb210152b8b18e29aa521d9ed5468e9e0a86707f47d136be5a0,0,train,images/K (39).png,81.15,47.36,5.1,Karat daun,Coffee rust,NO,original image class-code prefix 'K',NO,OBS0715,0.0,0.0,0.0,original measurement
OBS0715,SRC0189,cedf7f4df5f3abb210152b8b18e29aa521d9ed5468e9e0a86707f47d136be5a0,1,train,images/K (39).png,81.0583,46.813,5.0979,Karat daun,Coffee rust,NO,original image class-code prefix 'K',YES,OBS0715,-0.091697,-0.546957,-0.002147,Gaussian perturbation; clipped to training-observed min/max
OBS0715,SRC0189,cedf7f4df5f3abb210152b8b18e29aa521d9ed5468e9e0a86707f47d136be5a0,2,train,images/K (39).png,82.0195,48.3629,5.0952,Karat daun,Coffee rust,NO,original image class-code prefix 'K',YES,OBS0715,0.869504,1.002889,-0.004769,Gaussian perturbation; clipped to training-observed min/max
OBS0716,SRC0014,0cf510cb40833937800f1c362e2c3db64f183fdb611c5a7f278f63e43dade121,0,train,images/K (4).jpg,89.56,52.52,4.43,Karat daun,Coffee rust,NO,original image class-code prefix 'K',NO,OBS0716,0.0,0.0,0.0,original measurement
OBS0716,SRC0014,0cf510cb40833937800f1c362e2c3db64f183fdb611c5a7f278f63e43dade121,1,train,images/K (4).jpg,89.0235,52.6425,4.4403,Karat daun,Coffee rust,NO,original image class-code prefix 'K',YES,OBS0716,-0.536494,0.122481,0.010342,Gaussian perturbation; clipped to training-observed min/max
OBS0716,SRC0014,0cf510cb40833937800f1c362e2c3db64f183fdb611c5a7f278f63e43dade121,2,train,images/K (4).jpg,89.863,51.9758,4.5692,Karat daun,Coffee rust,NO,original image class-code prefix 'K',YES,OBS0716,0.303047,-0.544194,0.139238,Gaussian perturbation; clipped to training-observed min/max
OBS0718,SRC0036,24cd17c8c131b1d1a0779b49f9cf07b8ce544fa527abd9f52c9d87fd677d1eba,0,train,images/K (40).jpg,77.54,47.19,4.86,Karat daun,Coffee rust,NO,original image class-code prefix 'K',NO,OBS0718,0.0,0.0,0.0,original measurement
OBS0718,SRC0036,24cd17c8c131b1d1a0779b49f9cf07b8ce544fa527abd9f52c9d87fd677d1eba,1,train,images/K (40).jpg,76.7854,49.005,4.9715,Karat daun,Coffee rust,NO,original image class-code prefix 'K',YES,OBS0718,-0.754552,1.814965,0.111493,Gaussian perturbation; clipped to training-observed min/max
OBS0718,SRC0036,24cd17c8c131b1d1a0779b49f9cf07b8ce544fa527abd9f52c9d87fd677d1eba,2,train,images/K (40).jpg,78.6765,49.4389,4.9045,Karat daun,Coffee rust,NO,original image class-code prefix 'K',YES,OBS0718,1.136536,2.248876,0.044467,Gaussian perturbation; clipped to training-observed min/max
OBS0719,SRC0189,cedf7f4df5f3abb210152b8b18e29aa521d9ed5468e9e0a86707f47d136be5a0,0,train,images/K (40).png,73.55,57.86,5.06,Karat daun,Coffee rust,NO,original image class-code prefix 'K',NO,OBS0719,0.0,0.0,0.0,original measurement
OBS0719,SRC0189,cedf7f4df5f3abb210152b8b18e29aa521d9ed5468e9e0a86707f47d136be5a0,1,train,images/K (40).png,73.17,57.2323,5.0063,Karat daun,Coffee rust,NO,original image class-code prefix 'K',YES,OBS0719,-0.380023,-0.627686,-0.053686,Gaussian perturbation; clipped to training-observed min/max
OBS0719,SRC0189,cedf7f4df5f3abb210152b8b18e29aa521d9ed5468e9e0a86707f47d136be5a0,2,train,images/K (40).png,74.5548,56.0833,4.9462,Karat daun,Coffee rust,NO,original image class-code prefix 'K',YES,OBS0719,1.004814,-1.776723,-0.113788,Gaussian perturbation; clipped to training-observed min/max
OBS0720,SRC0036,24cd17c8c131b1d1a0779b49f9cf07b8ce544fa527abd9f52c9d87fd677d1eba,0,train,images/K (41).jpg,77.76,48.29,5.3,Karat daun,Coffee rust,NO,original image class-code prefix 'K',NO,OBS0720,0.0,0.0,0.0,original measurement
OBS0720,SRC0036,24cd17c8c131b1d1a0779b49f9cf07b8ce544fa527abd9f52c9d87fd677d1eba,1,train,images/K (41).jpg,79.599,49.5055,5.3331,Karat daun,Coffee rust,NO,original image class-code prefix 'K',YES,OBS0720,1.838972,1.215458,0.033146,Gaussian perturbation; clipped to training-observed min/max
OBS0720,SRC0036,24cd17c8c131b1d1a0779b49f9cf07b8ce544fa527abd9f52c9d87fd677d1eba,2,train,images/K (41).jpg,78.868,49.2192,5.2851,Karat daun,Coffee rust,NO,original image class-code prefix 'K',YES,OBS0720,1.10802,0.929152,-0.01495,Gaussian perturbation; clipped to training-observed min/max
OBS0721,SRC0141,9ca756c703239e77b10b4e09804c0d392a91c50e6d2035127d5fa66de4e02179,0,train,images/K (41).png,82.86,51.45,4.76,Karat daun,Coffee rust,NO,original image class-code prefix 'K',NO,OBS0721,0.0,0.0,0.0,original measurement
OBS0721,SRC0141,9ca756c703239e77b10b4e09804c0d392a91c50e6d2035127d5fa66de4e02179,1,train,images/K (41).png,81.0976,52.9897,4.7957,Karat daun,Coffee rust,NO,original image class-code prefix 'K',YES,OBS0721,-1.762364,1.539708,0.035696,Gaussian perturbation; clipped to training-observed min/max
OBS0721,SRC0141,9ca756c703239e77b10b4e09804c0d392a91c50e6d2035127d5fa66de4e02179,2,train,images/K (41).png,81.2085,51.6208,4.7225,Karat daun,Coffee rust,NO,original image class-code prefix 'K',YES,OBS0721,-1.65146,0.170756,-0.037498,Gaussian perturbation; clipped to training-observed min/max
OBS0722,SRC0117,7ffd3e42792984fe8cb1d2b2d1ba00e1cb201c8be13f5b0be59a59252f168aed,0,train,images/K (42).jpg,71.45,45.38,5.47,Karat daun,Coffee rust,NO,original image class-code prefix 'K',NO,OBS0722,0.0,0.0,0.0,original measurement
OBS0722,SRC0117,7ffd3e42792984fe8cb1d2b2d1ba00e1cb201c8be13f5b0be59a59252f168aed,1,train,images/K (42).jpg,71.3116,44.9864,5.5141,Karat daun,Coffee rust,NO,original image class-code prefix 'K',YES,OBS0722,-0.138433,-0.393565,0.044097,Gaussian perturbation; clipped to training-observed min/max
OBS0722,SRC0117,7ffd3e42792984fe8cb1d2b2d1ba00e1cb201c8be13f5b0be59a59252f168aed,2,train,images/K (42).jpg,71.1999,43.9941,5.5238,Karat daun,Coffee rust,NO,original image class-code prefix 'K',YES,OBS0722,-0.250098,-1.385944,0.053841,Gaussian perturbation; clipped to training-observed min/max
OBS0723,SRC0141,9ca756c703239e77b10b4e09804c0d392a91c50e6d2035127d5fa66de4e02179,0,train,images/K (42).png,71.95,31.38,4.99,Karat daun,Coffee rust,NO,original image class-code prefix 'K',NO,OBS0723,0.0,0.0,0.0,original measurement
OBS0723,SRC0141,9ca756c703239e77b10b4e09804c0d392a91c50e6d2035127d5fa66de4e02179,1,train,images/K (42).png,72.533,29.6691,5.0227,Karat daun,Coffee rust,NO,original image class-code prefix 'K',YES,OBS0723,0.582961,-1.710936,0.03273,Gaussian perturbation; clipped to training-observed min/max
OBS0723,SRC0141,9ca756c703239e77b10b4e09804c0d392a91c50e6d2035127d5fa66de4e02179,2,train,images/K (42).png,73.0152,31.197,5.005,Karat daun,Coffee rust,NO,original image class-code prefix 'K',YES,OBS0723,1.065152,-0.182998,0.015014,Gaussian perturbation; clipped to training-observed min/max
OBS0724,SRC0117,7ffd3e42792984fe8cb1d2b2d1ba00e1cb201c8be13f5b0be59a59252f168aed,0,train,images/K (43).jpg,82.76,57.93,4.81,Karat daun,Coffee rust,NO,original image class-code prefix 'K',NO,OBS0724,0.0,0.0,0.0,original measurement
OBS0724,SRC0117,7ffd3e42792984fe8cb1d2b2d1ba00e1cb201c8be13f5b0be59a59252f168aed,1,train,images/K (43).jpg,81.8428,55.8299,4.8517,Karat daun,Coffee rust,NO,original image class-code prefix 'K',YES,OBS0724,-0.917196,-2.100086,0.041746,Gaussian perturbation; clipped to training-observed min/max
OBS0724,SRC0117,7ffd3e42792984fe8cb1d2b2d1ba00e1cb201c8be13f5b0be59a59252f168aed,2,train,images/K (43).jpg,82.6545,58.4455,4.7912,Karat daun,Coffee rust,NO,original image class-code prefix 'K',YES,OBS0724,-0.105463,0.515523,-0.018782,Gaussian perturbation; clipped to training-observed min/max
OBS0725,SRC0141,9ca756c703239e77b10b4e09804c0d392a91c50e6d2035127d5fa66de4e02179,0,train,images/K (43).png,77.68,58.49,5.76,Karat daun,Coffee rust,NO,original image class-code prefix 'K',NO,OBS0725,0.0,0.0,0.0,original measurement
OBS0725,SRC0141,9ca756c703239e77b10b4e09804c0d392a91c50e6d2035127d5fa66de4e02179,1,train,images/K (43).png,77.3676,58.6848,5.7549,Karat daun,Coffee rust,NO,original image class-code prefix 'K',YES,OBS0725,-0.312428,0.194754,-0.005066,Gaussian perturbation; clipped to training-observed min/max
OBS0725,SRC0141,9ca756c703239e77b10b4e09804c0d392a91c50e6d2035127d5fa66de4e02179,2,train,images/K (43).png,78.7195,57.9813,5.6444,Karat daun,Coffee rust,NO,original image class-code prefix 'K',YES,OBS0725,1.039535,-0.508667,-0.115552,Gaussian perturbation; clipped to training-observed min/max
OBS0726,SRC0017,132a50fe460a1f96e3a0c134ea206dfa579b9fbb7c23317dd2a16733a43d1dc7,0,train,images/K (44).jpg,81.33,46.68,5.82,Karat daun,Coffee rust,NO,original image class-code prefix 'K',NO,OBS0726,0.0,0.0,0.0,original measurement
OBS0726,SRC0017,132a50fe460a1f96e3a0c134ea206dfa579b9fbb7c23317dd2a16733a43d1dc7,1,train,images/K (44).jpg,81.5029,45.1162,5.6173,Karat daun,Coffee rust,NO,original image class-code prefix 'K',YES,OBS0726,0.172936,-1.563844,-0.202718,Gaussian perturbation; clipped to training-observed min/max
OBS0726,SRC0017,132a50fe460a1f96e3a0c134ea206dfa579b9fbb7c23317dd2a16733a43d1dc7,2,train,images/K (44).jpg,80.0139,46.1537,5.7563,Karat daun,Coffee rust,NO,original image class-code prefix 'K',YES,OBS0726,-1.316136,-0.526306,-0.063676,Gaussian perturbation; clipped to training-observed min/max
OBS0727,SRC0141,9ca756c703239e77b10b4e09804c0d392a91c50e6d2035127d5fa66de4e02179,0,train,images/K (44).png,81.37,51.05,4.47,Karat daun,Coffee rust,NO,original image class-code prefix 'K',NO,OBS0727,0.0,0.0,0.0,original measurement
OBS0727,SRC0141,9ca756c703239e77b10b4e09804c0d392a91c50e6d2035127d5fa66de4e02179,1,train,images/K (44).png,79.526,50.7804,4.5673,Karat daun,Coffee rust,NO,original image class-code prefix 'K',YES,OBS0727,-1.844003,-0.269574,0.097317,Gaussian perturbation; clipped to training-observed min/max
OBS0727,SRC0141,9ca756c703239e77b10b4e09804c0d392a91c50e6d2035127d5fa66de4e02179,2,train,images/K (44).png,82.3653,51.0599,4.5437,Karat daun,Coffee rust,NO,original image class-code prefix 'K',YES,OBS0727,0.995301,0.009883,0.07369,Gaussian perturbation; clipped to training-observed min/max
OBS0728,SRC0017,132a50fe460a1f96e3a0c134ea206dfa579b9fbb7c23317dd2a16733a43d1dc7,0,train,images/K (45).jpg,79.17,49.65,5.42,Karat daun,Coffee rust,NO,original image class-code prefix 'K',NO,OBS0728,0.0,0.0,0.0,original measurement
OBS0728,SRC0017,132a50fe460a1f96e3a0c134ea206dfa579b9fbb7c23317dd2a16733a43d1dc7,1,train,images/K (45).jpg,78.6415,48.5916,5.4743,Karat daun,Coffee rust,NO,original image class-code prefix 'K',YES,OBS0728,-0.528472,-1.058396,0.054277,Gaussian perturbation; clipped to training-observed min/max
OBS0728,SRC0017,132a50fe460a1f96e3a0c134ea206dfa579b9fbb7c23317dd2a16733a43d1dc7,2,train,images/K (45).jpg,77.8697,50.0508,5.4179,Karat daun,Coffee rust,NO,original image class-code prefix 'K',YES,OBS0728,-1.300294,0.400814,-0.002054,Gaussian perturbation; clipped to training-observed min/max
OBS0729,SRC0181,c04065bc85fd066c5f74dcb4c6c720d13ade1dec73c0848d3a75289254ef4c1c,0,train,images/K (45).png,77.37,44.28,5.71,Karat daun,Coffee rust,NO,original image class-code prefix 'K',NO,OBS0729,0.0,0.0,0.0,original measurement
OBS0729,SRC0181,c04065bc85fd066c5f74dcb4c6c720d13ade1dec73c0848d3a75289254ef4c1c,1,train,images/K (45).png,76.9347,43.7303,5.801,Karat daun,Coffee rust,NO,original image class-code prefix 'K',YES,OBS0729,-0.435297,-0.549672,0.090978,Gaussian perturbation; clipped to training-observed min/max
OBS0729,SRC0181,c04065bc85fd066c5f74dcb4c6c720d13ade1dec73c0848d3a75289254ef4c1c,2,train,images/K (45).png,75.4628,44.6028,5.6869,Karat daun,Coffee rust,NO,original image class-code prefix 'K',YES,OBS0729,-1.907237,0.322797,-0.023086,Gaussian perturbation; clipped to training-observed min/max
OBS0731,SRC0181,c04065bc85fd066c5f74dcb4c6c720d13ade1dec73c0848d3a75289254ef4c1c,0,train,images/K (46).png,78.61,59.32,5.61,Karat daun,Coffee rust,NO,original image class-code prefix 'K',NO,OBS0731,0.0,0.0,0.0,original measurement
OBS0731,SRC0181,c04065bc85fd066c5f74dcb4c6c720d13ade1dec73c0848d3a75289254ef4c1c,1,train,images/K (46).png,77.7203,59.3667,5.6353,Karat daun,Coffee rust,NO,original image class-code prefix 'K',YES,OBS0731,-0.889705,0.046732,0.025264,Gaussian perturbation; clipped to training-observed min/max
OBS0731,SRC0181,c04065bc85fd066c5f74dcb4c6c720d13ade1dec73c0848d3a75289254ef4c1c,2,train,images/K (46).png,78.5381,59.614,5.7232,Karat daun,Coffee rust,NO,original image class-code prefix 'K',YES,OBS0731,-0.071933,0.294045,0.113187,Gaussian perturbation; clipped to training-observed min/max
OBS0733,SRC0181,c04065bc85fd066c5f74dcb4c6c720d13ade1dec73c0848d3a75289254ef4c1c,0,train,images/K (47).png,81.79,55.69,4.66,Karat daun,Coffee rust,NO,original image class-code prefix 'K',NO,OBS0733,0.0,0.0,0.0,original measurement
OBS0733,SRC0181,c04065bc85fd066c5f74dcb4c6c720d13ade1dec73c0848d3a75289254ef4c1c,1,train,images/K (47).png,81.0689,56.1915,4.5209,Karat daun,Coffee rust,NO,original image class-code prefix 'K',YES,OBS0733,-0.721076,0.50154,-0.139088,Gaussian perturbation; clipped to training-observed min/max
OBS0733,SRC0181,c04065bc85fd066c5f74dcb4c6c720d13ade1dec73c0848d3a75289254ef4c1c,2,train,images/K (47).png,82.3383,53.4497,4.7105,Karat daun,Coffee rust,NO,original image class-code prefix 'K',YES,OBS0733,0.548345,-2.240329,0.050509,Gaussian perturbation; clipped to training-observed min/max
OBS0734,SRC0095,69fc8904a83e2fc59a214093751ef1142b9babcd217042c05142639956de6bb3,0,train,images/K (48).jpg,67.35,45.97,4.55,Karat daun,Coffee rust,NO,original image class-code prefix 'K',NO,OBS0734,0.0,0.0,0.0,original measurement
OBS0734,SRC0095,69fc8904a83e2fc59a214093751ef1142b9babcd217042c05142639956de6bb3,1,train,images/K (48).jpg,66.7798,46.167,4.4336,Karat daun,Coffee rust,NO,original image class-code prefix 'K',YES,OBS0734,-0.57021,0.196957,-0.116439,Gaussian perturbation; clipped to training-observed min/max
OBS0734,SRC0095,69fc8904a83e2fc59a214093751ef1142b9babcd217042c05142639956de6bb3,2,train,images/K (48).jpg,67.3788,46.9588,4.5996,Karat daun,Coffee rust,NO,original image class-code prefix 'K',YES,OBS0734,0.028828,0.988816,0.049588,Gaussian perturbation; clipped to training-observed min/max
OBS0735,SRC0181,c04065bc85fd066c5f74dcb4c6c720d13ade1dec73c0848d3a75289254ef4c1c,0,train,images/K (48).png,85.49,49.41,5.73,Karat daun,Coffee rust,NO,original image class-code prefix 'K',NO,OBS0735,0.0,0.0,0.0,original measurement
OBS0735,SRC0181,c04065bc85fd066c5f74dcb4c6c720d13ade1dec73c0848d3a75289254ef4c1c,1,train,images/K (48).png,85.4693,49.4022,5.8216,Karat daun,Coffee rust,NO,original image class-code prefix 'K',YES,OBS0735,-0.0207,-0.007767,0.091635,Gaussian perturbation; clipped to training-observed min/max
OBS0735,SRC0181,c04065bc85fd066c5f74dcb4c6c720d13ade1dec73c0848d3a75289254ef4c1c,2,train,images/K (48).png,86.3732,48.6603,5.6836,Karat daun,Coffee rust,NO,original image class-code prefix 'K',YES,OBS0735,0.883188,-0.749714,-0.046386,Gaussian perturbation; clipped to training-observed min/max
OBS0736,SRC0095,69fc8904a83e2fc59a214093751ef1142b9babcd217042c05142639956de6bb3,0,train,images/K (49).jpg,86.33,48.29,5.45,Karat daun,Coffee rust,NO,original image class-code prefix 'K',NO,OBS0736,0.0,0.0,0.0,original measurement
OBS0736,SRC0095,69fc8904a83e2fc59a214093751ef1142b9babcd217042c05142639956de6bb3,1,train,images/K (49).jpg,85.5142,48.2472,5.3571,Karat daun,Coffee rust,NO,original image class-code prefix 'K',YES,OBS0736,-0.81584,-0.042779,-0.092853,Gaussian perturbation; clipped to training-observed min/max
OBS0736,SRC0095,69fc8904a83e2fc59a214093751ef1142b9babcd217042c05142639956de6bb3,2,train,images/K (49).jpg,83.74,48.028,5.4702,Karat daun,Coffee rust,NO,original image class-code prefix 'K',YES,OBS0736,-2.590046,-0.261969,0.020231,Gaussian perturbation; clipped to training-observed min/max
OBS0737,SRC0008,09650e638811e5f28617406191a1e4232fec1f6ac1f7b75fb2ada76133b67b51,0,train,images/K (49).png,79.29,43.7,5.53,Karat daun,Coffee rust,NO,original image class-code prefix 'K',NO,OBS0737,0.0,0.0,0.0,original measurement
OBS0737,SRC0008,09650e638811e5f28617406191a1e4232fec1f6ac1f7b75fb2ada76133b67b51,1,train,images/K (49).png,79.5137,45.002,5.4266,Karat daun,Coffee rust,NO,original image class-code prefix 'K',YES,OBS0737,0.22371,1.301988,-0.1034,Gaussian perturbation; clipped to training-observed min/max
OBS0737,SRC0008,09650e638811e5f28617406191a1e4232fec1f6ac1f7b75fb2ada76133b67b51,2,train,images/K (49).png,78.6742,41.9691,5.5497,Karat daun,Coffee rust,NO,original image class-code prefix 'K',YES,OBS0737,-0.615787,-1.730911,0.019666,Gaussian perturbation; clipped to training-observed min/max
OBS0738,SRC0014,0cf510cb40833937800f1c362e2c3db64f183fdb611c5a7f278f63e43dade121,0,train,images/K (5).jpg,88.63,53.73,5.53,Karat daun,Coffee rust,NO,original image class-code prefix 'K',NO,OBS0738,0.0,0.0,0.0,original measurement
OBS0738,SRC0014,0cf510cb40833937800f1c362e2c3db64f183fdb611c5a7f278f63e43dade121,1,train,images/K (5).jpg,88.5045,53.153,5.5333,Karat daun,Coffee rust,NO,original image class-code prefix 'K',YES,OBS0738,-0.1255,-0.576989,0.003315,Gaussian perturbation; clipped to training-observed min/max
OBS0738,SRC0014,0cf510cb40833937800f1c362e2c3db64f183fdb611c5a7f278f63e43dade121,2,train,images/K (5).jpg,87.7817,52.5036,5.6564,Karat daun,Coffee rust,NO,original image class-code prefix 'K',YES,OBS0738,-0.848265,-1.226435,0.126441,Gaussian perturbation; clipped to training-observed min/max
OBS0740,SRC0226,f15097e78bf6176858d123a0d66be791a4c3b515f4ea8fe36ecf04d9443d3ec1,0,train,images/K (50).jpg,84.12,48.58,4.36,Karat daun,Coffee rust,NO,original image class-code prefix 'K',NO,OBS0740,0.0,0.0,0.0,original measurement
OBS0740,SRC0226,f15097e78bf6176858d123a0d66be791a4c3b515f4ea8fe36ecf04d9443d3ec1,1,train,images/K (50).jpg,85.0924,48.359,4.2367,Karat daun,Coffee rust,NO,original image class-code prefix 'K',YES,OBS0740,0.972415,-0.220996,-0.123315,Gaussian perturbation; clipped to training-observed min/max
OBS0740,SRC0226,f15097e78bf6176858d123a0d66be791a4c3b515f4ea8fe36ecf04d9443d3ec1,2,train,images/K (50).jpg,83.8628,49.2691,4.3736,Karat daun,Coffee rust,NO,original image class-code prefix 'K',YES,OBS0740,-0.257153,0.689101,0.013591,Gaussian perturbation; clipped to training-observed min/max
OBS0741,SRC0008,09650e638811e5f28617406191a1e4232fec1f6ac1f7b75fb2ada76133b67b51,0,train,images/K (50).png,69.36,52.17,5.42,Karat daun,Coffee rust,NO,original image class-code prefix 'K',NO,OBS0741,0.0,0.0,0.0,original measurement
OBS0741,SRC0008,09650e638811e5f28617406191a1e4232fec1f6ac1f7b75fb2ada76133b67b51,1,train,images/K (50).png,70.571,53.6423,5.4132,Karat daun,Coffee rust,NO,original image class-code prefix 'K',YES,OBS0741,1.210972,1.472254,-0.006764,Gaussian perturbation; clipped to training-observed min/max
OBS0741,SRC0008,09650e638811e5f28617406191a1e4232fec1f6ac1f7b75fb2ada76133b67b51,2,train,images/K (50).png,68.7983,51.5767,5.3869,Karat daun,Coffee rust,NO,original image class-code prefix 'K',YES,OBS0741,-0.561701,-0.593272,-0.033078,Gaussian perturbation; clipped to training-observed min/max
OBS0742,SRC0226,f15097e78bf6176858d123a0d66be791a4c3b515f4ea8fe36ecf04d9443d3ec1,0,train,images/K (51).jpg,68.86,53.58,5.66,Karat daun,Coffee rust,NO,original image class-code prefix 'K',NO,OBS0742,0.0,0.0,0.0,original measurement
OBS0742,SRC0226,f15097e78bf6176858d123a0d66be791a4c3b515f4ea8fe36ecf04d9443d3ec1,1,train,images/K (51).jpg,69.9455,53.071,5.5255,Karat daun,Coffee rust,NO,original image class-code prefix 'K',YES,OBS0742,1.08546,-0.508978,-0.134462,Gaussian perturbation; clipped to training-observed min/max
OBS0742,SRC0226,f15097e78bf6176858d123a0d66be791a4c3b515f4ea8fe36ecf04d9443d3ec1,2,train,images/K (51).jpg,69.418,53.4613,5.6226,Karat daun,Coffee rust,NO,original image class-code prefix 'K',YES,OBS0742,0.55796,-0.118719,-0.037375,Gaussian perturbation; clipped to training-observed min/max
OBS0743,SRC0008,09650e638811e5f28617406191a1e4232fec1f6ac1f7b75fb2ada76133b67b51,0,train,images/K (51).png,73.65,44.79,4.95,Karat daun,Coffee rust,NO,original image class-code prefix 'K',NO,OBS0743,0.0,0.0,0.0,original measurement
OBS0743,SRC0008,09650e638811e5f28617406191a1e4232fec1f6ac1f7b75fb2ada76133b67b51,1,train,images/K (51).png,71.2938,46.1941,5.0057,Karat daun,Coffee rust,NO,original image class-code prefix 'K',YES,OBS0743,-2.356209,1.404063,0.055708,Gaussian perturbation; clipped to training-observed min/max
OBS0743,SRC0008,09650e638811e5f28617406191a1e4232fec1f6ac1f7b75fb2ada76133b67b51,2,train,images/K (51).png,72.2857,44.9721,4.8633,Karat daun,Coffee rust,NO,original image class-code prefix 'K',YES,OBS0743,-1.364259,0.182128,-0.086699,Gaussian perturbation; clipped to training-observed min/max
OBS0744,SRC0226,f15097e78bf6176858d123a0d66be791a4c3b515f4ea8fe36ecf04d9443d3ec1,0,train,images/K (52).jpg,77.87,53.09,4.9,Karat daun,Coffee rust,NO,original image class-code prefix 'K',NO,OBS0744,0.0,0.0,0.0,original measurement
OBS0744,SRC0226,f15097e78bf6176858d123a0d66be791a4c3b515f4ea8fe36ecf04d9443d3ec1,1,train,images/K (52).jpg,76.2373,50.5716,4.9623,Karat daun,Coffee rust,NO,original image class-code prefix 'K',YES,OBS0744,-1.632724,-2.518445,0.062347,Gaussian perturbation; clipped to training-observed min/max
OBS0744,SRC0226,f15097e78bf6176858d123a0d66be791a4c3b515f4ea8fe36ecf04d9443d3ec1,2,train,images/K (52).jpg,78.9259,52.7182,4.8952,Karat daun,Coffee rust,NO,original image class-code prefix 'K',YES,OBS0744,1.055899,-0.371808,-0.004787,Gaussian perturbation; clipped to training-observed min/max
OBS0745,SRC0008,09650e638811e5f28617406191a1e4232fec1f6ac1f7b75fb2ada76133b67b51,0,train,images/K (52).png,86.49,56.46,4.54,Jamur lain,Coffee rust,YES,original image class-code prefix 'K',NO,OBS0745,0.0,0.0,0.0,original measurement
OBS0745,SRC0008,09650e638811e5f28617406191a1e4232fec1f6ac1f7b75fb2ada76133b67b51,1,train,images/K (52).png,88.5959,55.5535,4.4452,Jamur lain,Coffee rust,YES,original image class-code prefix 'K',YES,OBS0745,2.105922,-0.906475,-0.09478,Gaussian perturbation; clipped to training-observed min/max
OBS0745,SRC0008,09650e638811e5f28617406191a1e4232fec1f6ac1f7b75fb2ada76133b67b51,2,train,images/K (52).png,86.6431,57.1194,4.5162,Jamur lain,Coffee rust,YES,original image class-code prefix 'K',YES,OBS0745,0.153053,0.659399,-0.023751,Gaussian perturbation; clipped to training-observed min/max
OBS0746,SRC0226,f15097e78bf6176858d123a0d66be791a4c3b515f4ea8fe36ecf04d9443d3ec1,0,train,images/K (53).jpg,75.62,58.54,5.22,Karat daun,Coffee rust,NO,original image class-code prefix 'K',NO,OBS0746,0.0,0.0,0.0,original measurement
OBS0746,SRC0226,f15097e78bf6176858d123a0d66be791a4c3b515f4ea8fe36ecf04d9443d3ec1,1,train,images/K (53).jpg,73.9087,57.6193,5.2748,Karat daun,Coffee rust,NO,original image class-code prefix 'K',YES,OBS0746,-1.711302,-0.920655,0.0548,Gaussian perturbation; clipped to training-observed min/max
OBS0746,SRC0226,f15097e78bf6176858d123a0d66be791a4c3b515f4ea8fe36ecf04d9443d3ec1,2,train,images/K (53).jpg,76.4777,56.5352,5.1222,Karat daun,Coffee rust,NO,original image class-code prefix 'K',YES,OBS0746,0.857703,-2.004828,-0.097809,Gaussian perturbation; clipped to training-observed min/max
OBS0747,SRC0091,62aa516315ad34b9baa09bfee68f7ab45010e43e4c83b6d1afc2c366bc314f93,0,train,images/K (53).png,76.92,49.31,5.56,Karat daun,Coffee rust,NO,original image class-code prefix 'K',NO,OBS0747,0.0,0.0,0.0,original measurement
OBS0747,SRC0091,62aa516315ad34b9baa09bfee68f7ab45010e43e4c83b6d1afc2c366bc314f93,1,train,images/K (53).png,75.7378,49.2795,5.7365,Karat daun,Coffee rust,NO,original image class-code prefix 'K',YES,OBS0747,-1.182181,-0.030536,0.176545,Gaussian perturbation; clipped to training-observed min/max
OBS0747,SRC0091,62aa516315ad34b9baa09bfee68f7ab45010e43e4c83b6d1afc2c366bc314f93,2,train,images/K (53).png,76.577,49.3845,5.4962,Karat daun,Coffee rust,NO,original image class-code prefix 'K',YES,OBS0747,-0.342986,0.074526,-0.063772,Gaussian perturbation; clipped to training-observed min/max
OBS0748,SRC0207,d9707cca4c0393837d27ca20659490ebd2ce7eb1241660dc3b26fa33d9217724,0,train,images/K (54).jpg,70.4,48.86,5.37,Karat daun,Coffee rust,NO,original image class-code prefix 'K',NO,OBS0748,0.0,0.0,0.0,original measurement
OBS0748,SRC0207,d9707cca4c0393837d27ca20659490ebd2ce7eb1241660dc3b26fa33d9217724,1,train,images/K (54).jpg,73.5024,48.1377,5.3291,Karat daun,Coffee rust,NO,original image class-code prefix 'K',YES,OBS0748,3.102378,-0.722307,-0.04094,Gaussian perturbation; clipped to training-observed min/max
OBS0748,SRC0207,d9707cca4c0393837d27ca20659490ebd2ce7eb1241660dc3b26fa33d9217724,2,train,images/K (54).jpg,70.5875,47.2708,5.4347,Karat daun,Coffee rust,NO,original image class-code prefix 'K',YES,OBS0748,0.187462,-1.589237,0.064701,Gaussian perturbation; clipped to training-observed min/max
OBS0749,SRC0091,62aa516315ad34b9baa09bfee68f7ab45010e43e4c83b6d1afc2c366bc314f93,0,train,images/K (54).png,78.73,45.31,5.44,Karat daun,Coffee rust,NO,original image class-code prefix 'K',NO,OBS0749,0.0,0.0,0.0,original measurement
OBS0749,SRC0091,62aa516315ad34b9baa09bfee68f7ab45010e43e4c83b6d1afc2c366bc314f93,1,train,images/K (54).png,78.72,44.2987,5.3923,Karat daun,Coffee rust,NO,original image class-code prefix 'K',YES,OBS0749,-0.009996,-1.011264,-0.047665,Gaussian perturbation; clipped to training-observed min/max
OBS0749,SRC0091,62aa516315ad34b9baa09bfee68f7ab45010e43e4c83b6d1afc2c366bc314f93,2,train,images/K (54).png,76.4572,44.6433,5.258,Karat daun,Coffee rust,NO,original image class-code prefix 'K',YES,OBS0749,-2.272843,-0.666666,-0.18197,Gaussian perturbation; clipped to training-observed min/max
OBS0750,SRC0207,d9707cca4c0393837d27ca20659490ebd2ce7eb1241660dc3b26fa33d9217724,0,train,images/K (55).jpg,73.34,51.95,4.81,Karat daun,Coffee rust,NO,original image class-code prefix 'K',NO,OBS0750,0.0,0.0,0.0,original measurement
OBS0750,SRC0207,d9707cca4c0393837d27ca20659490ebd2ce7eb1241660dc3b26fa33d9217724,1,train,images/K (55).jpg,72.7994,51.3553,4.7629,Karat daun,Coffee rust,NO,original image class-code prefix 'K',YES,OBS0750,-0.540556,-0.594689,-0.047118,Gaussian perturbation; clipped to training-observed min/max
OBS0750,SRC0207,d9707cca4c0393837d27ca20659490ebd2ce7eb1241660dc3b26fa33d9217724,2,train,images/K (55).jpg,72.6406,50.9396,4.9087,Karat daun,Coffee rust,NO,original image class-code prefix 'K',YES,OBS0750,-0.699422,-1.010375,0.098723,Gaussian perturbation; clipped to training-observed min/max
OBS0751,SRC0091,62aa516315ad34b9baa09bfee68f7ab45010e43e4c83b6d1afc2c366bc314f93,0,train,images/K (55).png,69.84,47.22,5.48,Karat daun,Coffee rust,NO,original image class-code prefix 'K',NO,OBS0751,0.0,0.0,0.0,original measurement
OBS0751,SRC0091,62aa516315ad34b9baa09bfee68f7ab45010e43e4c83b6d1afc2c366bc314f93,1,train,images/K (55).png,71.5671,47.0165,5.5715,Karat daun,Coffee rust,NO,original image class-code prefix 'K',YES,OBS0751,1.727078,-0.203472,0.091494,Gaussian perturbation; clipped to training-observed min/max
OBS0751,SRC0091,62aa516315ad34b9baa09bfee68f7ab45010e43e4c83b6d1afc2c366bc314f93,2,train,images/K (55).png,69.4722,46.8571,5.4137,Karat daun,Coffee rust,NO,original image class-code prefix 'K',YES,OBS0751,-0.367799,-0.362919,-0.066302,Gaussian perturbation; clipped to training-observed min/max
OBS0752,SRC0207,d9707cca4c0393837d27ca20659490ebd2ce7eb1241660dc3b26fa33d9217724,0,train,images/K (56).jpg,73.67,34.92,4.73,Karat daun,Coffee rust,NO,original image class-code prefix 'K',NO,OBS0752,0.0,0.0,0.0,original measurement
OBS0752,SRC0207,d9707cca4c0393837d27ca20659490ebd2ce7eb1241660dc3b26fa33d9217724,1,train,images/K (56).jpg,74.507,35.6617,4.6268,Karat daun,Coffee rust,NO,original image class-code prefix 'K',YES,OBS0752,0.836961,0.741676,-0.103238,Gaussian perturbation; clipped to training-observed min/max
OBS0752,SRC0207,d9707cca4c0393837d27ca20659490ebd2ce7eb1241660dc3b26fa33d9217724,2,train,images/K (56).jpg,73.862,34.2996,4.6578,Karat daun,Coffee rust,NO,original image class-code prefix 'K',YES,OBS0752,0.191974,-0.620429,-0.072154,Gaussian perturbation; clipped to training-observed min/max
OBS0753,SRC0091,62aa516315ad34b9baa09bfee68f7ab45010e43e4c83b6d1afc2c366bc314f93,0,train,images/K (56).png,73.32,52.71,5.05,Karat daun,Coffee rust,NO,original image class-code prefix 'K',NO,OBS0753,0.0,0.0,0.0,original measurement
OBS0753,SRC0091,62aa516315ad34b9baa09bfee68f7ab45010e43e4c83b6d1afc2c366bc314f93,1,train,images/K (56).png,73.2892,50.4074,5.0153,Karat daun,Coffee rust,NO,original image class-code prefix 'K',YES,OBS0753,-0.030837,-2.302607,-0.034715,Gaussian perturbation; clipped to training-observed min/max
OBS0753,SRC0091,62aa516315ad34b9baa09bfee68f7ab45010e43e4c83b6d1afc2c366bc314f93,2,train,images/K (56).png,75.5874,53.2328,4.9592,Karat daun,Coffee rust,NO,original image class-code prefix 'K',YES,OBS0753,2.267419,0.522808,-0.090846,Gaussian perturbation; clipped to training-observed min/max
OBS0754,SRC0207,d9707cca4c0393837d27ca20659490ebd2ce7eb1241660dc3b26fa33d9217724,0,train,images/K (57).jpg,85.76,58.84,5.12,Karat daun,Coffee rust,NO,original image class-code prefix 'K',NO,OBS0754,0.0,0.0,0.0,original measurement
OBS0754,SRC0207,d9707cca4c0393837d27ca20659490ebd2ce7eb1241660dc3b26fa33d9217724,1,train,images/K (57).jpg,86.424,58.9463,5.0943,Karat daun,Coffee rust,NO,original image class-code prefix 'K',YES,OBS0754,0.664045,0.106339,-0.025665,Gaussian perturbation; clipped to training-observed min/max
OBS0754,SRC0207,d9707cca4c0393837d27ca20659490ebd2ce7eb1241660dc3b26fa33d9217724,2,train,images/K (57).jpg,85.0571,58.8408,5.0726,Karat daun,Coffee rust,NO,original image class-code prefix 'K',YES,OBS0754,-0.702921,0.000826,-0.047392,Gaussian perturbation; clipped to training-observed min/max
OBS0760,SRC0014,0cf510cb40833937800f1c362e2c3db64f183fdb611c5a7f278f63e43dade121,0,train,images/K (6).jpg,84.11,46.98,4.22,Karat daun,Coffee rust,NO,original image class-code prefix 'K',NO,OBS0760,0.0,0.0,0.0,original measurement
OBS0760,SRC0014,0cf510cb40833937800f1c362e2c3db64f183fdb611c5a7f278f63e43dade121,1,train,images/K (6).jpg,83.9022,47.8674,4.2853,Karat daun,Coffee rust,NO,original image class-code prefix 'K',YES,OBS0760,-0.207838,0.887402,0.065257,Gaussian perturbation; clipped to training-observed min/max
OBS0760,SRC0014,0cf510cb40833937800f1c362e2c3db64f183fdb611c5a7f278f63e43dade121,2,train,images/K (6).jpg,82.5542,46.4179,4.3486,Karat daun,Coffee rust,NO,original image class-code prefix 'K',YES,OBS0760,-1.555756,-0.562068,0.128553,Gaussian perturbation; clipped to training-observed min/max
OBS0765,SRC0123,87d7d8981bfe6b8d29fda68f8165acceb69f1b884f573c30246d0162eb5da053,0,train,images/K (61).png,84.33,47.51,4.67,Karat daun,Coffee rust,NO,original image class-code prefix 'K',NO,OBS0765,0.0,0.0,0.0,original measurement
OBS0765,SRC0123,87d7d8981bfe6b8d29fda68f8165acceb69f1b884f573c30246d0162eb5da053,1,train,images/K (61).png,86.4859,47.9537,4.7988,Karat daun,Coffee rust,NO,original image class-code prefix 'K',YES,OBS0765,2.155853,0.443721,0.128766,Gaussian perturbation; clipped to training-observed min/max
OBS0765,SRC0123,87d7d8981bfe6b8d29fda68f8165acceb69f1b884f573c30246d0162eb5da053,2,train,images/K (61).png,85.7798,47.3516,4.5103,Karat daun,Coffee rust,NO,original image class-code prefix 'K',YES,OBS0765,1.449823,-0.158386,-0.159704,Gaussian perturbation; clipped to training-observed min/max
OBS0766,SRC0088,62274f5516be9728f23cca03c757b9c856fb8182dd4c7924dc8afb985d9a6a83,0,train,images/K (62).jpg,70.5,41.77,5.04,Karat daun,Coffee rust,NO,original image class-code prefix 'K',NO,OBS0766,0.0,0.0,0.0,original measurement
OBS0766,SRC0088,62274f5516be9728f23cca03c757b9c856fb8182dd4c7924dc8afb985d9a6a83,1,train,images/K (62).jpg,70.4266,40.2314,5.0509,Karat daun,Coffee rust,NO,original image class-code prefix 'K',YES,OBS0766,-0.073405,-1.538624,0.01091,Gaussian perturbation; clipped to training-observed min/max
OBS0766,SRC0088,62274f5516be9728f23cca03c757b9c856fb8182dd4c7924dc8afb985d9a6a83,2,train,images/K (62).jpg,72.5954,42.0684,4.9772,Karat daun,Coffee rust,NO,original image class-code prefix 'K',YES,OBS0766,2.095436,0.298446,-0.062813,Gaussian perturbation; clipped to training-observed min/max
OBS0767,SRC0123,87d7d8981bfe6b8d29fda68f8165acceb69f1b884f573c30246d0162eb5da053,0,train,images/K (62).png,75.74,49.85,5.43,Karat daun,Coffee rust,NO,original image class-code prefix 'K',NO,OBS0767,0.0,0.0,0.0,original measurement
OBS0767,SRC0123,87d7d8981bfe6b8d29fda68f8165acceb69f1b884f573c30246d0162eb5da053,1,train,images/K (62).png,74.3368,47.4945,5.2775,Karat daun,Coffee rust,NO,original image class-code prefix 'K',YES,OBS0767,-1.403201,-2.355544,-0.152482,Gaussian perturbation; clipped to training-observed min/max
OBS0767,SRC0123,87d7d8981bfe6b8d29fda68f8165acceb69f1b884f573c30246d0162eb5da053,2,train,images/K (62).png,77.6921,50.8771,5.4195,Karat daun,Coffee rust,NO,original image class-code prefix 'K',YES,OBS0767,1.95212,1.027149,-0.010483,Gaussian perturbation; clipped to training-observed min/max
OBS0768,SRC0088,62274f5516be9728f23cca03c757b9c856fb8182dd4c7924dc8afb985d9a6a83,0,train,images/K (63).jpg,91.66,61.17,4.94,Karat daun,Coffee rust,NO,original image class-code prefix 'K',NO,OBS0768,0.0,0.0,0.0,original measurement
OBS0768,SRC0088,62274f5516be9728f23cca03c757b9c856fb8182dd4c7924dc8afb985d9a6a83,1,train,images/K (63).jpg,91.4764,61.1076,4.9391,Karat daun,Coffee rust,NO,original image class-code prefix 'K',YES,OBS0768,-0.183561,-0.062364,-0.000938,Gaussian perturbation; clipped to training-observed min/max
OBS0768,SRC0088,62274f5516be9728f23cca03c757b9c856fb8182dd4c7924dc8afb985d9a6a83,2,train,images/K (63).jpg,93.3305,61.6381,4.7814,Karat daun,Coffee rust,NO,original image class-code prefix 'K',YES,OBS0768,1.67054,0.468148,-0.158595,Gaussian perturbation; clipped to training-observed min/max
OBS0769,SRC0123,87d7d8981bfe6b8d29fda68f8165acceb69f1b884f573c30246d0162eb5da053,0,train,images/K (63).png,79.31,51.67,4.59,Karat daun,Coffee rust,NO,original image class-code prefix 'K',NO,OBS0769,0.0,0.0,0.0,original measurement
OBS0769,SRC0123,87d7d8981bfe6b8d29fda68f8165acceb69f1b884f573c30246d0162eb5da053,1,train,images/K (63).png,80.5828,49.3542,4.5575,Karat daun,Coffee rust,NO,original image class-code prefix 'K',YES,OBS0769,1.272797,-2.315779,-0.032495,Gaussian perturbation; clipped to training-observed min/max
OBS0769,SRC0123,87d7d8981bfe6b8d29fda68f8165acceb69f1b884f573c30246d0162eb5da053,2,train,images/K (63).png,77.6467,51.7184,4.4894,Karat daun,Coffee rust,NO,original image class-code prefix 'K',YES,OBS0769,-1.663274,0.048431,-0.100571,Gaussian perturbation; clipped to training-observed min/max
OBS0770,SRC0088,62274f5516be9728f23cca03c757b9c856fb8182dd4c7924dc8afb985d9a6a83,0,train,images/K (64).jpg,92.33,45.38,4.76,Karat daun,Coffee rust,NO,original image class-code prefix 'K',NO,OBS0770,0.0,0.0,0.0,original measurement
OBS0770,SRC0088,62274f5516be9728f23cca03c757b9c856fb8182dd4c7924dc8afb985d9a6a83,1,train,images/K (64).jpg,90.6767,44.1242,4.8251,Karat daun,Coffee rust,NO,original image class-code prefix 'K',YES,OBS0770,-1.653347,-1.255837,0.065105,Gaussian perturbation; clipped to training-observed min/max
OBS0770,SRC0088,62274f5516be9728f23cca03c757b9c856fb8182dd4c7924dc8afb985d9a6a83,2,train,images/K (64).jpg,92.1071,46.1806,4.8688,Karat daun,Coffee rust,NO,original image class-code prefix 'K',YES,OBS0770,-0.22287,0.800627,0.108824,Gaussian perturbation; clipped to training-observed min/max
OBS0771,SRC0123,87d7d8981bfe6b8d29fda68f8165acceb69f1b884f573c30246d0162eb5da053,0,train,images/K (64).png,84.17,51.97,4.74,Karat daun,Coffee rust,NO,original image class-code prefix 'K',NO,OBS0771,0.0,0.0,0.0,original measurement
OBS0771,SRC0123,87d7d8981bfe6b8d29fda68f8165acceb69f1b884f573c30246d0162eb5da053,1,train,images/K (64).png,84.456,52.6541,4.6624,Karat daun,Coffee rust,NO,original image class-code prefix 'K',YES,OBS0771,0.286013,0.684123,-0.077559,Gaussian perturbation; clipped to training-observed min/max
OBS0771,SRC0123,87d7d8981bfe6b8d29fda68f8165acceb69f1b884f573c30246d0162eb5da053,2,train,images/K (64).png,84.0685,50.5914,4.7843,Karat daun,Coffee rust,NO,original image class-code prefix 'K',YES,OBS0771,-0.101473,-1.378613,0.044306,Gaussian perturbation; clipped to training-observed min/max
OBS0772,SRC0175,bc3b261380553274322698a102556ea1ced085b6b9b00374fe19f98a6d298fb3,0,train,images/K (65).jpg,77.66,44.78,4.6,Karat daun,Coffee rust,NO,original image class-code prefix 'K',NO,OBS0772,0.0,0.0,0.0,original measurement
OBS0772,SRC0175,bc3b261380553274322698a102556ea1ced085b6b9b00374fe19f98a6d298fb3,1,train,images/K (65).jpg,78.7475,45.939,4.5977,Karat daun,Coffee rust,NO,original image class-code prefix 'K',YES,OBS0772,1.087464,1.159002,-0.002259,Gaussian perturbation; clipped to training-observed min/max
OBS0772,SRC0175,bc3b261380553274322698a102556ea1ced085b6b9b00374fe19f98a6d298fb3,2,train,images/K (65).jpg,78.7345,44.6056,4.5551,Karat daun,Coffee rust,NO,original image class-code prefix 'K',YES,OBS0772,1.074545,-0.174398,-0.044918,Gaussian perturbation; clipped to training-observed min/max
OBS0773,SRC0200,d356d39f40126ae67137b88828a7dd10cafe2b0a2970b7598b4c496d6f8b7eee,0,train,images/K (65).png,81.58,55.29,5.08,Karat daun,Coffee rust,NO,original image class-code prefix 'K',NO,OBS0773,0.0,0.0,0.0,original measurement
OBS0773,SRC0200,d356d39f40126ae67137b88828a7dd10cafe2b0a2970b7598b4c496d6f8b7eee,1,train,images/K (65).png,82.1825,56.1612,5.2563,Karat daun,Coffee rust,NO,original image class-code prefix 'K',YES,OBS0773,0.602466,0.87115,0.176293,Gaussian perturbation; clipped to training-observed min/max
OBS0773,SRC0200,d356d39f40126ae67137b88828a7dd10cafe2b0a2970b7598b4c496d6f8b7eee,2,train,images/K (65).png,82.455,53.9689,5.0018,Karat daun,Coffee rust,NO,original image class-code prefix 'K',YES,OBS0773,0.874957,-1.321124,-0.078249,Gaussian perturbation; clipped to training-observed min/max
OBS0774,SRC0175,bc3b261380553274322698a102556ea1ced085b6b9b00374fe19f98a6d298fb3,0,train,images/K (66).jpg,85.02,53.66,4.94,Karat daun,Coffee rust,NO,original image class-code prefix 'K',NO,OBS0774,0.0,0.0,0.0,original measurement
OBS0774,SRC0175,bc3b261380553274322698a102556ea1ced085b6b9b00374fe19f98a6d298fb3,1,train,images/K (66).jpg,83.458,53.7528,4.852,Karat daun,Coffee rust,NO,original image class-code prefix 'K',YES,OBS0774,-1.56205,0.092848,-0.087975,Gaussian perturbation; clipped to training-observed min/max
OBS0774,SRC0175,bc3b261380553274322698a102556ea1ced085b6b9b00374fe19f98a6d298fb3,2,train,images/K (66).jpg,86.6548,53.3102,4.9913,Karat daun,Coffee rust,NO,original image class-code prefix 'K',YES,OBS0774,1.634794,-0.349809,0.05134,Gaussian perturbation; clipped to training-observed min/max
OBS0775,SRC0200,d356d39f40126ae67137b88828a7dd10cafe2b0a2970b7598b4c496d6f8b7eee,0,train,images/K (66).png,84.51,47.61,5.62,Karat daun,Coffee rust,NO,original image class-code prefix 'K',NO,OBS0775,0.0,0.0,0.0,original measurement
OBS0775,SRC0200,d356d39f40126ae67137b88828a7dd10cafe2b0a2970b7598b4c496d6f8b7eee,1,train,images/K (66).png,84.692,48.0226,5.5371,Karat daun,Coffee rust,NO,original image class-code prefix 'K',YES,OBS0775,0.182033,0.412585,-0.082921,Gaussian perturbation; clipped to training-observed min/max
OBS0775,SRC0200,d356d39f40126ae67137b88828a7dd10cafe2b0a2970b7598b4c496d6f8b7eee,2,train,images/K (66).png,84.4698,47.0972,5.6119,Karat daun,Coffee rust,NO,original image class-code prefix 'K',YES,OBS0775,-0.040186,-0.512841,-0.008103,Gaussian perturbation; clipped to training-observed min/max
OBS0776,SRC0175,bc3b261380553274322698a102556ea1ced085b6b9b00374fe19f98a6d298fb3,0,train,images/K (67).jpg,73.39,74.15,5.57,Karat daun,Coffee rust,NO,original image class-code prefix 'K',NO,OBS0776,0.0,0.0,0.0,original measurement
OBS0776,SRC0175,bc3b261380553274322698a102556ea1ced085b6b9b00374fe19f98a6d298fb3,1,train,images/K (67).jpg,73.5396,74.9678,5.5328,Karat daun,Coffee rust,NO,original image class-code prefix 'K',YES,OBS0776,0.149627,0.817768,-0.037245,Gaussian perturbation; clipped to training-observed min/max
OBS0776,SRC0175,bc3b261380553274322698a102556ea1ced085b6b9b00374fe19f98a6d298fb3,2,train,images/K (67).jpg,74.3783,74.5451,5.7011,Karat daun,Coffee rust,NO,original image class-code prefix 'K',YES,OBS0776,0.988326,0.39508,0.131101,Gaussian perturbation; clipped to training-observed min/max
OBS0777,SRC0200,d356d39f40126ae67137b88828a7dd10cafe2b0a2970b7598b4c496d6f8b7eee,0,train,images/K (67).png,76.0,48.4,4.77,Karat daun,Coffee rust,NO,original image class-code prefix 'K',NO,OBS0777,0.0,0.0,0.0,original measurement
OBS0777,SRC0200,d356d39f40126ae67137b88828a7dd10cafe2b0a2970b7598b4c496d6f8b7eee,1,train,images/K (67).png,72.0249,47.6288,4.8707,Karat daun,Coffee rust,NO,original image class-code prefix 'K',YES,OBS0777,-3.975115,-0.771216,0.100686,Gaussian perturbation; clipped to training-observed min/max
OBS0777,SRC0200,d356d39f40126ae67137b88828a7dd10cafe2b0a2970b7598b4c496d6f8b7eee,2,train,images/K (67).png,72.9745,50.1816,4.7766,Karat daun,Coffee rust,NO,original image class-code prefix 'K',YES,OBS0777,-3.025497,1.781563,0.006577,Gaussian perturbation; clipped to training-observed min/max
OBS0778,SRC0110,769fef40429b8f884453ba12d4939708f1dabc1da1829106482a96c069d24822,0,train,images/K (68).jpg,73.93,46.54,5.35,Karat daun,Coffee rust,NO,original image class-code prefix 'K',NO,OBS0778,0.0,0.0,0.0,original measurement
OBS0778,SRC0110,769fef40429b8f884453ba12d4939708f1dabc1da1829106482a96c069d24822,1,train,images/K (68).jpg,71.4793,47.4107,5.2658,Karat daun,Coffee rust,NO,original image class-code prefix 'K',YES,OBS0778,-2.450676,0.870709,-0.084206,Gaussian perturbation; clipped to training-observed min/max
OBS0778,SRC0110,769fef40429b8f884453ba12d4939708f1dabc1da1829106482a96c069d24822,2,train,images/K (68).jpg,72.8346,48.2976,5.319,Karat daun,Coffee rust,NO,original image class-code prefix 'K',YES,OBS0778,-1.095372,1.757575,-0.030952,Gaussian perturbation; clipped to training-observed min/max
OBS0779,SRC0200,d356d39f40126ae67137b88828a7dd10cafe2b0a2970b7598b4c496d6f8b7eee,0,train,images/K (68).png,75.55,46.68,5.35,Karat daun,Coffee rust,NO,original image class-code prefix 'K',NO,OBS0779,0.0,0.0,0.0,original measurement
OBS0779,SRC0200,d356d39f40126ae67137b88828a7dd10cafe2b0a2970b7598b4c496d6f8b7eee,1,train,images/K (68).png,74.3988,49.0896,5.4243,Karat daun,Coffee rust,NO,original image class-code prefix 'K',YES,OBS0779,-1.151225,2.409553,0.074326,Gaussian perturbation; clipped to training-observed min/max
OBS0779,SRC0200,d356d39f40126ae67137b88828a7dd10cafe2b0a2970b7598b4c496d6f8b7eee,2,train,images/K (68).png,75.1485,45.7326,5.3337,Karat daun,Coffee rust,NO,original image class-code prefix 'K',YES,OBS0779,-0.401483,-0.947379,-0.016317,Gaussian perturbation; clipped to training-observed min/max
OBS0780,SRC0110,769fef40429b8f884453ba12d4939708f1dabc1da1829106482a96c069d24822,0,train,images/K (69).jpg,82.35,54.55,5.32,Karat daun,Coffee rust,NO,original image class-code prefix 'K',NO,OBS0780,0.0,0.0,0.0,original measurement
OBS0780,SRC0110,769fef40429b8f884453ba12d4939708f1dabc1da1829106482a96c069d24822,1,train,images/K (69).jpg,84.2428,53.371,5.2181,Karat daun,Coffee rust,NO,original image class-code prefix 'K',YES,OBS0780,1.892751,-1.179008,-0.10191,Gaussian perturbation; clipped to training-observed min/max
OBS0780,SRC0110,769fef40429b8f884453ba12d4939708f1dabc1da1829106482a96c069d24822,2,train,images/K (69).jpg,83.8795,54.2115,5.328,Karat daun,Coffee rust,NO,original image class-code prefix 'K',YES,OBS0780,1.52946,-0.338547,0.008037,Gaussian perturbation; clipped to training-observed min/max
OBS0782,SRC0018,132d19efdd0133c4921f8f6d5804fd60c494c4d5bb964c94556cfa57a320fe33,0,train,images/K (7).jpg,69.51,45.13,5.56,Karat daun,Coffee rust,NO,original image class-code prefix 'K',NO,OBS0782,0.0,0.0,0.0,original measurement
OBS0782,SRC0018,132d19efdd0133c4921f8f6d5804fd60c494c4d5bb964c94556cfa57a320fe33,1,train,images/K (7).jpg,70.1399,44.6619,5.3661,Karat daun,Coffee rust,NO,original image class-code prefix 'K',YES,OBS0782,0.629854,-0.468089,-0.193927,Gaussian perturbation; clipped to training-observed min/max
OBS0782,SRC0018,132d19efdd0133c4921f8f6d5804fd60c494c4d5bb964c94556cfa57a320fe33,2,train,images/K (7).jpg,69.2554,46.6193,5.7338,Karat daun,Coffee rust,NO,original image class-code prefix 'K',YES,OBS0782,-0.254603,1.489255,0.173796,Gaussian perturbation; clipped to training-observed min/max
OBS0784,SRC0013,0c0f72715084e9b0e4e278b80aba7d0f1fa4a8701bdfea2d292994819c3d7f3a,0,train,images/K (70).jpg,79.06,47.38,4.8,Karat daun,Coffee rust,NO,original image class-code prefix 'K',NO,OBS0784,0.0,0.0,0.0,original measurement
OBS0784,SRC0013,0c0f72715084e9b0e4e278b80aba7d0f1fa4a8701bdfea2d292994819c3d7f3a,1,train,images/K (70).jpg,78.9186,47.3456,4.9092,Karat daun,Coffee rust,NO,original image class-code prefix 'K',YES,OBS0784,-0.141443,-0.034404,0.109237,Gaussian perturbation; clipped to training-observed min/max
OBS0784,SRC0013,0c0f72715084e9b0e4e278b80aba7d0f1fa4a8701bdfea2d292994819c3d7f3a,2,train,images/K (70).jpg,79.7748,47.7345,4.6417,Karat daun,Coffee rust,NO,original image class-code prefix 'K',YES,OBS0784,0.714842,0.3545,-0.158331,Gaussian perturbation; clipped to training-observed min/max
OBS0786,SRC0013,0c0f72715084e9b0e4e278b80aba7d0f1fa4a8701bdfea2d292994819c3d7f3a,0,train,images/K (71).jpg,83.12,61.14,5.33,Karat daun,Coffee rust,NO,original image class-code prefix 'K',NO,OBS0786,0.0,0.0,0.0,original measurement
OBS0786,SRC0013,0c0f72715084e9b0e4e278b80aba7d0f1fa4a8701bdfea2d292994819c3d7f3a,1,train,images/K (71).jpg,82.6204,61.3977,5.2089,Karat daun,Coffee rust,NO,original image class-code prefix 'K',YES,OBS0786,-0.49962,0.257703,-0.121123,Gaussian perturbation; clipped to training-observed min/max
OBS0786,SRC0013,0c0f72715084e9b0e4e278b80aba7d0f1fa4a8701bdfea2d292994819c3d7f3a,2,train,images/K (71).jpg,82.6807,63.1902,5.3094,Karat daun,Coffee rust,NO,original image class-code prefix 'K',YES,OBS0786,-0.439258,2.050218,-0.020572,Gaussian perturbation; clipped to training-observed min/max
OBS0788,SRC0111,77da8e7ec8046b755d051d431928ab7fe3d0f1d3b40d3dd982c3ac68cf1a99b7,0,train,images/K (72).jpg,81.78,56.99,5.16,Karat daun,Coffee rust,NO,original image class-code prefix 'K',NO,OBS0788,0.0,0.0,0.0,original measurement
OBS0788,SRC0111,77da8e7ec8046b755d051d431928ab7fe3d0f1d3b40d3dd982c3ac68cf1a99b7,1,train,images/K (72).jpg,80.0588,54.7255,5.1591,Karat daun,Coffee rust,NO,original image class-code prefix 'K',YES,OBS0788,-1.721233,-2.264522,-0.000903,Gaussian perturbation; clipped to training-observed min/max
OBS0788,SRC0111,77da8e7ec8046b755d051d431928ab7fe3d0f1d3b40d3dd982c3ac68cf1a99b7,2,train,images/K (72).jpg,81.0867,55.9478,5.1782,Karat daun,Coffee rust,NO,original image class-code prefix 'K',YES,OBS0788,-0.693268,-1.04222,0.018201,Gaussian perturbation; clipped to training-observed min/max
OBS0790,SRC0111,77da8e7ec8046b755d051d431928ab7fe3d0f1d3b40d3dd982c3ac68cf1a99b7,0,train,images/K (73).jpg,69.23,54.63,5.17,Karat daun,Coffee rust,NO,original image class-code prefix 'K',NO,OBS0790,0.0,0.0,0.0,original measurement
OBS0790,SRC0111,77da8e7ec8046b755d051d431928ab7fe3d0f1d3b40d3dd982c3ac68cf1a99b7,1,train,images/K (73).jpg,69.5718,54.8395,5.198,Karat daun,Coffee rust,NO,original image class-code prefix 'K',YES,OBS0790,0.341766,0.209496,0.028039,Gaussian perturbation; clipped to training-observed min/max
OBS0790,SRC0111,77da8e7ec8046b755d051d431928ab7fe3d0f1d3b40d3dd982c3ac68cf1a99b7,2,train,images/K (73).jpg,67.7552,53.8614,5.1439,Karat daun,Coffee rust,NO,original image class-code prefix 'K',YES,OBS0790,-1.474794,-0.768602,-0.026093,Gaussian perturbation; clipped to training-observed min/max
OBS0791,SRC0054,39ac0b37f2e516fcba0d1bca2a7a21e188a2e7dd3e52d582e9116e7dd2fbb2ca,0,train,images/K (73).png,83.66,56.76,5.73,Karat daun,Coffee rust,NO,original image class-code prefix 'K',NO,OBS0791,0.0,0.0,0.0,original measurement
OBS0791,SRC0054,39ac0b37f2e516fcba0d1bca2a7a21e188a2e7dd3e52d582e9116e7dd2fbb2ca,1,train,images/K (73).png,83.5954,57.9475,5.6717,Karat daun,Coffee rust,NO,original image class-code prefix 'K',YES,OBS0791,-0.064588,1.187488,-0.058255,Gaussian perturbation; clipped to training-observed min/max
OBS0791,SRC0054,39ac0b37f2e516fcba0d1bca2a7a21e188a2e7dd3e52d582e9116e7dd2fbb2ca,2,train,images/K (73).png,82.7269,58.5449,5.7427,Karat daun,Coffee rust,NO,original image class-code prefix 'K',YES,OBS0791,-0.933085,1.784861,0.012676,Gaussian perturbation; clipped to training-observed min/max
OBS0792,SRC0111,77da8e7ec8046b755d051d431928ab7fe3d0f1d3b40d3dd982c3ac68cf1a99b7,0,train,images/K (74).jpg,80.22,46.56,6.1,Karat daun,Coffee rust,NO,original image class-code prefix 'K',NO,OBS0792,0.0,0.0,0.0,original measurement
OBS0792,SRC0111,77da8e7ec8046b755d051d431928ab7fe3d0f1d3b40d3dd982c3ac68cf1a99b7,1,train,images/K (74).jpg,78.5424,46.1868,6.0011,Karat daun,Coffee rust,NO,original image class-code prefix 'K',YES,OBS0792,-1.677649,-0.373166,-0.098895,Gaussian perturbation; clipped to training-observed min/max
OBS0792,SRC0111,77da8e7ec8046b755d051d431928ab7fe3d0f1d3b40d3dd982c3ac68cf1a99b7,2,train,images/K (74).jpg,78.8556,44.9589,6.0363,Karat daun,Coffee rust,NO,original image class-code prefix 'K',YES,OBS0792,-1.364357,-1.601115,-0.063678,Gaussian perturbation; clipped to training-observed min/max
OBS0793,SRC0054,39ac0b37f2e516fcba0d1bca2a7a21e188a2e7dd3e52d582e9116e7dd2fbb2ca,0,train,images/K (74).png,79.53,48.92,4.77,Karat daun,Coffee rust,NO,original image class-code prefix 'K',NO,OBS0793,0.0,0.0,0.0,original measurement
OBS0793,SRC0054,39ac0b37f2e516fcba0d1bca2a7a21e188a2e7dd3e52d582e9116e7dd2fbb2ca,1,train,images/K (74).png,82.0017,50.1326,4.8805,Karat daun,Coffee rust,NO,original image class-code prefix 'K',YES,OBS0793,2.47166,1.212577,0.110534,Gaussian perturbation; clipped to training-observed min/max
OBS0793,SRC0054,39ac0b37f2e516fcba0d1bca2a7a21e188a2e7dd3e52d582e9116e7dd2fbb2ca,2,train,images/K (74).png,80.8351,48.7581,4.8023,Karat daun,Coffee rust,NO,original image class-code prefix 'K',YES,OBS0793,1.305133,-0.161857,0.032275,Gaussian perturbation; clipped to training-observed min/max
OBS0794,SRC0070,5237a2cc83cf33e77c49bfcf16bc70c1b35631da16e16e2093b818208c8f2eb3,0,train,images/K (75).jpg,73.89,60.09,4.71,Karat daun,Coffee rust,NO,original image class-code prefix 'K',NO,OBS0794,0.0,0.0,0.0,original measurement
OBS0794,SRC0070,5237a2cc83cf33e77c49bfcf16bc70c1b35631da16e16e2093b818208c8f2eb3,1,train,images/K (75).jpg,74.0134,58.8083,4.617,Karat daun,Coffee rust,NO,original image class-code prefix 'K',YES,OBS0794,0.123384,-1.281689,-0.092995,Gaussian perturbation; clipped to training-observed min/max
OBS0794,SRC0070,5237a2cc83cf33e77c49bfcf16bc70c1b35631da16e16e2093b818208c8f2eb3,2,train,images/K (75).jpg,74.9704,58.6279,4.7261,Karat daun,Coffee rust,NO,original image class-code prefix 'K',YES,OBS0794,1.08042,-1.462073,0.016074,Gaussian perturbation; clipped to training-observed min/max
OBS0795,SRC0054,39ac0b37f2e516fcba0d1bca2a7a21e188a2e7dd3e52d582e9116e7dd2fbb2ca,0,train,images/K (75).png,76.22,47.7,5.2,Karat daun,Coffee rust,NO,original image class-code prefix 'K',NO,OBS0795,0.0,0.0,0.0,original measurement
OBS0795,SRC0054,39ac0b37f2e516fcba0d1bca2a7a21e188a2e7dd3e52d582e9116e7dd2fbb2ca,1,train,images/K (75).png,77.0025,48.6033,5.2295,Karat daun,Coffee rust,NO,original image class-code prefix 'K',YES,OBS0795,0.782523,0.903284,0.029541,Gaussian perturbation; clipped to training-observed min/max
OBS0795,SRC0054,39ac0b37f2e516fcba0d1bca2a7a21e188a2e7dd3e52d582e9116e7dd2fbb2ca,2,train,images/K (75).png,74.7791,48.3485,5.1889,Karat daun,Coffee rust,NO,original image class-code prefix 'K',YES,OBS0795,-1.440873,0.648477,-0.011061,Gaussian perturbation; clipped to training-observed min/max
OBS0796,SRC0070,5237a2cc83cf33e77c49bfcf16bc70c1b35631da16e16e2093b818208c8f2eb3,0,train,images/K (76).jpg,87.09,46.72,5.52,Karat daun,Coffee rust,NO,original image class-code prefix 'K',NO,OBS0796,0.0,0.0,0.0,original measurement
OBS0796,SRC0070,5237a2cc83cf33e77c49bfcf16bc70c1b35631da16e16e2093b818208c8f2eb3,1,train,images/K (76).jpg,85.9169,44.3335,5.5561,Karat daun,Coffee rust,NO,original image class-code prefix 'K',YES,OBS0796,-1.173061,-2.386505,0.036097,Gaussian perturbation; clipped to training-observed min/max
OBS0796,SRC0070,5237a2cc83cf33e77c49bfcf16bc70c1b35631da16e16e2093b818208c8f2eb3,2,train,images/K (76).jpg,85.2271,44.6712,5.6598,Karat daun,Coffee rust,NO,original image class-code prefix 'K',YES,OBS0796,-1.862932,-2.048794,0.139833,Gaussian perturbation; clipped to training-observed min/max
OBS0797,SRC0054,39ac0b37f2e516fcba0d1bca2a7a21e188a2e7dd3e52d582e9116e7dd2fbb2ca,0,train,images/K (76).png,81.09,45.99,4.99,Karat daun,Coffee rust,NO,original image class-code prefix 'K',NO,OBS0797,0.0,0.0,0.0,original measurement
OBS0797,SRC0054,39ac0b37f2e516fcba0d1bca2a7a21e188a2e7dd3e52d582e9116e7dd2fbb2ca,1,train,images/K (76).png,79.6484,45.486,4.9957,Karat daun,Coffee rust,NO,original image class-code prefix 'K',YES,OBS0797,-1.441646,-0.503974,0.005744,Gaussian perturbation; clipped to training-observed min/max
OBS0797,SRC0054,39ac0b37f2e516fcba0d1bca2a7a21e188a2e7dd3e52d582e9116e7dd2fbb2ca,2,train,images/K (76).png,81.1743,44.7668,4.9333,Karat daun,Coffee rust,NO,original image class-code prefix 'K',YES,OBS0797,0.084263,-1.223169,-0.056666,Gaussian perturbation; clipped to training-observed min/max
OBS0798,SRC0070,5237a2cc83cf33e77c49bfcf16bc70c1b35631da16e16e2093b818208c8f2eb3,0,train,images/K (77).jpg,80.93,52.62,5.62,Karat daun,Coffee rust,NO,original image class-code prefix 'K',NO,OBS0798,0.0,0.0,0.0,original measurement
OBS0798,SRC0070,5237a2cc83cf33e77c49bfcf16bc70c1b35631da16e16e2093b818208c8f2eb3,1,train,images/K (77).jpg,81.8968,52.2855,5.6181,Karat daun,Coffee rust,NO,original image class-code prefix 'K',YES,OBS0798,0.966784,-0.334541,-0.001852,Gaussian perturbation; clipped to training-observed min/max
OBS0798,SRC0070,5237a2cc83cf33e77c49bfcf16bc70c1b35631da16e16e2093b818208c8f2eb3,2,train,images/K (77).jpg,78.3349,51.9316,5.6886,Karat daun,Coffee rust,NO,original image class-code prefix 'K',YES,OBS0798,-2.595123,-0.688436,0.068593,Gaussian perturbation; clipped to training-observed min/max
OBS0799,SRC0225,f08292c620716eaba1c1c4cadcd731f834713f69cda77132a81a285e2f8c84fd,0,train,images/K (77).png,83.19,62.52,4.38,Karat daun,Coffee rust,NO,original image class-code prefix 'K',NO,OBS0799,0.0,0.0,0.0,original measurement
OBS0799,SRC0225,f08292c620716eaba1c1c4cadcd731f834713f69cda77132a81a285e2f8c84fd,1,train,images/K (77).png,82.315,61.3782,4.41,Karat daun,Coffee rust,NO,original image class-code prefix 'K',YES,OBS0799,-0.875043,-1.141836,0.029992,Gaussian perturbation; clipped to training-observed min/max
OBS0799,SRC0225,f08292c620716eaba1c1c4cadcd731f834713f69cda77132a81a285e2f8c84fd,2,train,images/K (77).png,83.9084,62.9205,4.3347,Karat daun,Coffee rust,NO,original image class-code prefix 'K',YES,OBS0799,0.71839,0.400488,-0.045309,Gaussian perturbation; clipped to training-observed min/max
OBS0800,SRC0043,2dbe0e7fc64935a4463a2762c18bd6eadfd078df0e7797df963d720a1b0d5e50,0,train,images/K (78).jpg,75.42,44.87,5.53,Karat daun,Coffee rust,NO,original image class-code prefix 'K',NO,OBS0800,0.0,0.0,0.0,original measurement
OBS0800,SRC0043,2dbe0e7fc64935a4463a2762c18bd6eadfd078df0e7797df963d720a1b0d5e50,1,train,images/K (78).jpg,76.3196,46.8248,5.6236,Karat daun,Coffee rust,NO,original image class-code prefix 'K',YES,OBS0800,0.899551,1.954763,0.093597,Gaussian perturbation; clipped to training-observed min/max
OBS0800,SRC0043,2dbe0e7fc64935a4463a2762c18bd6eadfd078df0e7797df963d720a1b0d5e50,2,train,images/K (78).jpg,73.544,48.3854,5.424,Karat daun,Coffee rust,NO,original image class-code prefix 'K',YES,OBS0800,-1.876,3.515394,-0.106048,Gaussian perturbation; clipped to training-observed min/max
OBS0801,SRC0225,f08292c620716eaba1c1c4cadcd731f834713f69cda77132a81a285e2f8c84fd,0,train,images/K (78).png,84.17,46.81,4.83,Karat daun,Coffee rust,NO,original image class-code prefix 'K',NO,OBS0801,0.0,0.0,0.0,original measurement
OBS0801,SRC0225,f08292c620716eaba1c1c4cadcd731f834713f69cda77132a81a285e2f8c84fd,1,train,images/K (78).png,82.6989,47.1753,4.8225,Karat daun,Coffee rust,NO,original image class-code prefix 'K',YES,OBS0801,-1.471099,0.365274,-0.007549,Gaussian perturbation; clipped to training-observed min/max
OBS0801,SRC0225,f08292c620716eaba1c1c4cadcd731f834713f69cda77132a81a285e2f8c84fd,2,train,images/K (78).png,84.6036,48.384,4.9044,Karat daun,Coffee rust,NO,original image class-code prefix 'K',YES,OBS0801,0.43362,1.573971,0.074441,Gaussian perturbation; clipped to training-observed min/max
OBS0802,SRC0043,2dbe0e7fc64935a4463a2762c18bd6eadfd078df0e7797df963d720a1b0d5e50,0,train,images/K (79).jpg,74.45,61.27,5.97,Karat daun,Coffee rust,NO,original image class-code prefix 'K',NO,OBS0802,0.0,0.0,0.0,original measurement
OBS0802,SRC0043,2dbe0e7fc64935a4463a2762c18bd6eadfd078df0e7797df963d720a1b0d5e50,1,train,images/K (79).jpg,73.3778,61.3565,6.0509,Karat daun,Coffee rust,NO,original image class-code prefix 'K',YES,OBS0802,-1.072174,0.086481,0.080897,Gaussian perturbation; clipped to training-observed min/max
OBS0802,SRC0043,2dbe0e7fc64935a4463a2762c18bd6eadfd078df0e7797df963d720a1b0d5e50,2,train,images/K (79).jpg,75.7135,62.6193,6.0354,Karat daun,Coffee rust,NO,original image class-code prefix 'K',YES,OBS0802,1.263494,1.349345,0.065396,Gaussian perturbation; clipped to training-observed min/max
OBS0803,SRC0225,f08292c620716eaba1c1c4cadcd731f834713f69cda77132a81a285e2f8c84fd,0,train,images/K (79).png,78.9,47.44,6.29,Karat daun,Coffee rust,NO,original image class-code prefix 'K',NO,OBS0803,0.0,0.0,0.0,original measurement
OBS0803,SRC0225,f08292c620716eaba1c1c4cadcd731f834713f69cda77132a81a285e2f8c84fd,1,train,images/K (79).png,79.7495,46.8238,6.1845,Karat daun,Coffee rust,NO,original image class-code prefix 'K',YES,OBS0803,0.849483,-0.616219,-0.105454,Gaussian perturbation; clipped to training-observed min/max
OBS0803,SRC0225,f08292c620716eaba1c1c4cadcd731f834713f69cda77132a81a285e2f8c84fd,2,train,images/K (79).png,79.4069,46.8952,6.3896,Karat daun,Coffee rust,NO,original image class-code prefix 'K',YES,OBS0803,0.506874,-0.544834,0.099561,Gaussian perturbation; clipped to training-observed min/max
OBS0804,SRC0018,132d19efdd0133c4921f8f6d5804fd60c494c4d5bb964c94556cfa57a320fe33,0,train,images/K (8).jpg,76.09,55.13,4.63,Karat daun,Coffee rust,NO,original image class-code prefix 'K',NO,OBS0804,0.0,0.0,0.0,original measurement
OBS0804,SRC0018,132d19efdd0133c4921f8f6d5804fd60c494c4d5bb964c94556cfa57a320fe33,1,train,images/K (8).jpg,75.0429,54.6726,4.5958,Karat daun,Coffee rust,NO,original image class-code prefix 'K',YES,OBS0804,-1.047072,-0.457427,-0.034248,Gaussian perturbation; clipped to training-observed min/max
OBS0804,SRC0018,132d19efdd0133c4921f8f6d5804fd60c494c4d5bb964c94556cfa57a320fe33,2,train,images/K (8).jpg,77.2504,56.0317,4.6318,Karat daun,Coffee rust,NO,original image class-code prefix 'K',YES,OBS0804,1.160369,0.901734,0.001826,Gaussian perturbation; clipped to training-observed min/max
OBS0806,SRC0043,2dbe0e7fc64935a4463a2762c18bd6eadfd078df0e7797df963d720a1b0d5e50,0,train,images/K (80).jpg,81.67,52.24,5.31,Karat daun,Coffee rust,NO,original image class-code prefix 'K',NO,OBS0806,0.0,0.0,0.0,original measurement
OBS0806,SRC0043,2dbe0e7fc64935a4463a2762c18bd6eadfd078df0e7797df963d720a1b0d5e50,1,train,images/K (80).jpg,82.0204,54.1777,5.169,Karat daun,Coffee rust,NO,original image class-code prefix 'K',YES,OBS0806,0.350422,1.937716,-0.141013,Gaussian perturbation; clipped to training-observed min/max
OBS0806,SRC0043,2dbe0e7fc64935a4463a2762c18bd6eadfd078df0e7797df963d720a1b0d5e50,2,train,images/K (80).jpg,82.5676,53.536,5.4071,Karat daun,Coffee rust,NO,original image class-code prefix 'K',YES,OBS0806,0.897644,1.295971,0.097142,Gaussian perturbation; clipped to training-observed min/max
OBS0807,SRC0225,f08292c620716eaba1c1c4cadcd731f834713f69cda77132a81a285e2f8c84fd,0,train,images/K (80).png,76.72,48.27,4.81,Karat daun,Coffee rust,NO,original image class-code prefix 'K',NO,OBS0807,0.0,0.0,0.0,original measurement
OBS0807,SRC0225,f08292c620716eaba1c1c4cadcd731f834713f69cda77132a81a285e2f8c84fd,1,train,images/K (80).png,77.683,47.3413,4.7669,Karat daun,Coffee rust,NO,original image class-code prefix 'K',YES,OBS0807,0.963001,-0.928696,-0.043123,Gaussian perturbation; clipped to training-observed min/max
OBS0807,SRC0225,f08292c620716eaba1c1c4cadcd731f834713f69cda77132a81a285e2f8c84fd,2,train,images/K (80).png,77.5146,47.5628,4.7941,Karat daun,Coffee rust,NO,original image class-code prefix 'K',YES,OBS0807,0.794615,-0.707158,-0.015867,Gaussian perturbation; clipped to training-observed min/max
OBS0808,SRC0043,2dbe0e7fc64935a4463a2762c18bd6eadfd078df0e7797df963d720a1b0d5e50,0,train,images/K (81).jpg,72.1,59.22,5.11,Karat daun,Coffee rust,NO,original image class-code prefix 'K',NO,OBS0808,0.0,0.0,0.0,original measurement
OBS0808,SRC0043,2dbe0e7fc64935a4463a2762c18bd6eadfd078df0e7797df963d720a1b0d5e50,1,train,images/K (81).jpg,70.2937,57.7891,5.1377,Karat daun,Coffee rust,NO,original image class-code prefix 'K',YES,OBS0808,-1.806299,-1.430935,0.027733,Gaussian perturbation; clipped to training-observed min/max
OBS0808,SRC0043,2dbe0e7fc64935a4463a2762c18bd6eadfd078df0e7797df963d720a1b0d5e50,2,train,images/K (81).jpg,71.5888,58.3095,5.095,Karat daun,Coffee rust,NO,original image class-code prefix 'K',YES,OBS0808,-0.511202,-0.910499,-0.015025,Gaussian perturbation; clipped to training-observed min/max
OBS0809,SRC0082,5f4588abdbfdf6493eed791625c5bd79fcc34f6f316a9e01fc3aae332c3dbd28,0,train,images/K (81).png,85.76,61.82,4.97,Karat daun,Coffee rust,NO,original image class-code prefix 'K',NO,OBS0809,0.0,0.0,0.0,original measurement
OBS0809,SRC0082,5f4588abdbfdf6493eed791625c5bd79fcc34f6f316a9e01fc3aae332c3dbd28,1,train,images/K (81).png,86.1217,61.5065,4.9838,Karat daun,Coffee rust,NO,original image class-code prefix 'K',YES,OBS0809,0.361669,-0.313499,0.013806,Gaussian perturbation; clipped to training-observed min/max
OBS0809,SRC0082,5f4588abdbfdf6493eed791625c5bd79fcc34f6f316a9e01fc3aae332c3dbd28,2,train,images/K (81).png,85.8662,61.5182,4.9691,Karat daun,Coffee rust,NO,original image class-code prefix 'K',YES,OBS0809,0.106176,-0.301803,-0.000908,Gaussian perturbation; clipped to training-observed min/max
OBS0810,SRC0124,88309e24cd57b39aa8431147ecf6a3572a2837e620d3768a34c326176f5b7d59,0,train,images/K (82).jpg,77.79,65.66,4.48,Karat daun,Coffee rust,NO,original image class-code prefix 'K',NO,OBS0810,0.0,0.0,0.0,original measurement
OBS0810,SRC0124,88309e24cd57b39aa8431147ecf6a3572a2837e620d3768a34c326176f5b7d59,1,train,images/K (82).jpg,76.7253,65.0581,4.333,Karat daun,Coffee rust,NO,original image class-code prefix 'K',YES,OBS0810,-1.06472,-0.601913,-0.146966,Gaussian perturbation; clipped to training-observed min/max
OBS0810,SRC0124,88309e24cd57b39aa8431147ecf6a3572a2837e620d3768a34c326176f5b7d59,2,train,images/K (82).jpg,76.3903,64.2355,4.4481,Karat daun,Coffee rust,NO,original image class-code prefix 'K',YES,OBS0810,-1.399715,-1.424461,-0.031911,Gaussian perturbation; clipped to training-observed min/max
OBS0811,SRC0082,5f4588abdbfdf6493eed791625c5bd79fcc34f6f316a9e01fc3aae332c3dbd28,0,train,images/K (82).png,79.22,57.21,5.38,Karat daun,Coffee rust,NO,original image class-code prefix 'K',NO,OBS0811,0.0,0.0,0.0,original measurement
OBS0811,SRC0082,5f4588abdbfdf6493eed791625c5bd79fcc34f6f316a9e01fc3aae332c3dbd28,1,train,images/K (82).png,80.5764,57.1992,5.392,Karat daun,Coffee rust,NO,original image class-code prefix 'K',YES,OBS0811,1.356388,-0.010839,0.012037,Gaussian perturbation; clipped to training-observed min/max
OBS0811,SRC0082,5f4588abdbfdf6493eed791625c5bd79fcc34f6f316a9e01fc3aae332c3dbd28,2,train,images/K (82).png,78.0891,57.5545,5.5157,Karat daun,Coffee rust,NO,original image class-code prefix 'K',YES,OBS0811,-1.130933,0.344534,0.135662,Gaussian perturbation; clipped to training-observed min/max
OBS0812,SRC0124,88309e24cd57b39aa8431147ecf6a3572a2837e620d3768a34c326176f5b7d59,0,train,images/K (83).jpg,74.74,56.77,4.78,Karat daun,Coffee rust,NO,original image class-code prefix 'K',NO,OBS0812,0.0,0.0,0.0,original measurement
OBS0812,SRC0124,88309e24cd57b39aa8431147ecf6a3572a2837e620d3768a34c326176f5b7d59,1,train,images/K (83).jpg,74.6353,55.7803,4.6867,Karat daun,Coffee rust,NO,original image class-code prefix 'K',YES,OBS0812,-0.104689,-0.989681,-0.09327,Gaussian perturbation; clipped to training-observed min/max
OBS0812,SRC0124,88309e24cd57b39aa8431147ecf6a3572a2837e620d3768a34c326176f5b7d59,2,train,images/K (83).jpg,75.0555,55.6404,4.8371,Karat daun,Coffee rust,NO,original image class-code prefix 'K',YES,OBS0812,0.315484,-1.129569,0.057071,Gaussian perturbation; clipped to training-observed min/max
OBS0813,SRC0082,5f4588abdbfdf6493eed791625c5bd79fcc34f6f316a9e01fc3aae332c3dbd28,0,train,images/K (83).png,87.88,50.32,4.95,Karat daun,Coffee rust,NO,original image class-code prefix 'K',NO,OBS0813,0.0,0.0,0.0,original measurement
OBS0813,SRC0082,5f4588abdbfdf6493eed791625c5bd79fcc34f6f316a9e01fc3aae332c3dbd28,1,train,images/K (83).png,86.6652,48.3327,4.9884,Karat daun,Coffee rust,NO,original image class-code prefix 'K',YES,OBS0813,-1.21478,-1.987341,0.038396,Gaussian perturbation; clipped to training-observed min/max
OBS0813,SRC0082,5f4588abdbfdf6493eed791625c5bd79fcc34f6f316a9e01fc3aae332c3dbd28,2,train,images/K (83).png,86.3276,51.0474,5.033,Karat daun,Coffee rust,NO,original image class-code prefix 'K',YES,OBS0813,-1.552444,0.727362,0.082994,Gaussian perturbation; clipped to training-observed min/max
OBS0814,SRC0124,88309e24cd57b39aa8431147ecf6a3572a2837e620d3768a34c326176f5b7d59,0,train,images/K (84).jpg,77.67,48.68,5.82,Karat daun,Coffee rust,NO,original image class-code prefix 'K',NO,OBS0814,0.0,0.0,0.0,original measurement
OBS0814,SRC0124,88309e24cd57b39aa8431147ecf6a3572a2837e620d3768a34c326176f5b7d59,1,train,images/K (84).jpg,76.9586,48.93,5.9314,Karat daun,Coffee rust,NO,original image class-code prefix 'K',YES,OBS0814,-0.711376,0.249966,0.111373,Gaussian perturbation; clipped to training-observed min/max
OBS0814,SRC0124,88309e24cd57b39aa8431147ecf6a3572a2837e620d3768a34c326176f5b7d59,2,train,images/K (84).jpg,77.1122,50.5981,5.7937,Karat daun,Coffee rust,NO,original image class-code prefix 'K',YES,OBS0814,-0.557796,1.918145,-0.026285,Gaussian perturbation; clipped to training-observed min/max
OBS0815,SRC0082,5f4588abdbfdf6493eed791625c5bd79fcc34f6f316a9e01fc3aae332c3dbd28,0,train,images/K (84).png,88.57,55.7,4.55,Karat daun,Coffee rust,NO,original image class-code prefix 'K',NO,OBS0815,0.0,0.0,0.0,original measurement
OBS0815,SRC0082,5f4588abdbfdf6493eed791625c5bd79fcc34f6f316a9e01fc3aae332c3dbd28,1,train,images/K (84).png,87.4447,55.8171,4.568,Karat daun,Coffee rust,NO,original image class-code prefix 'K',YES,OBS0815,-1.125251,0.117053,0.01801,Gaussian perturbation; clipped to training-observed min/max
OBS0815,SRC0082,5f4588abdbfdf6493eed791625c5bd79fcc34f6f316a9e01fc3aae332c3dbd28,2,train,images/K (84).png,89.9312,56.7637,4.5796,Karat daun,Coffee rust,NO,original image class-code prefix 'K',YES,OBS0815,1.361237,1.063698,0.029562,Gaussian perturbation; clipped to training-observed min/max
OBS0817,SRC0026,1908652eee74270e8d28b6cfa317fd5ac7c033f94ae115b50514235bdff62682,0,train,images/K (85).png,77.26,50.17,4.91,Karat daun,Coffee rust,NO,original image class-code prefix 'K',NO,OBS0817,0.0,0.0,0.0,original measurement
OBS0817,SRC0026,1908652eee74270e8d28b6cfa317fd5ac7c033f94ae115b50514235bdff62682,1,train,images/K (85).png,78.0474,50.3871,4.9734,Karat daun,Coffee rust,NO,original image class-code prefix 'K',YES,OBS0817,0.787421,0.217055,0.063368,Gaussian perturbation; clipped to training-observed min/max
OBS0817,SRC0026,1908652eee74270e8d28b6cfa317fd5ac7c033f94ae115b50514235bdff62682,2,train,images/K (85).png,76.6376,48.8725,4.9267,Karat daun,Coffee rust,NO,original image class-code prefix 'K',YES,OBS0817,-0.622448,-1.297519,0.016685,Gaussian perturbation; clipped to training-observed min/max
OBS0819,SRC0026,1908652eee74270e8d28b6cfa317fd5ac7c033f94ae115b50514235bdff62682,0,train,images/K (86).png,80.75,40.71,5.48,Karat daun,Coffee rust,NO,original image class-code prefix 'K',NO,OBS0819,0.0,0.0,0.0,original measurement
OBS0819,SRC0026,1908652eee74270e8d28b6cfa317fd5ac7c033f94ae115b50514235bdff62682,1,train,images/K (86).png,83.977,41.6792,5.424,Karat daun,Coffee rust,NO,original image class-code prefix 'K',YES,OBS0819,3.226988,0.969216,-0.056001,Gaussian perturbation; clipped to training-observed min/max
OBS0819,SRC0026,1908652eee74270e8d28b6cfa317fd5ac7c033f94ae115b50514235bdff62682,2,train,images/K (86).png,82.4227,38.4726,5.4598,Karat daun,Coffee rust,NO,original image class-code prefix 'K',YES,OBS0819,1.672693,-2.237385,-0.020152,Gaussian perturbation; clipped to training-observed min/max
OBS0821,SRC0026,1908652eee74270e8d28b6cfa317fd5ac7c033f94ae115b50514235bdff62682,0,train,images/K (87).png,80.58,62.48,5.47,Karat daun,Coffee rust,NO,original image class-code prefix 'K',NO,OBS0821,0.0,0.0,0.0,original measurement
OBS0821,SRC0026,1908652eee74270e8d28b6cfa317fd5ac7c033f94ae115b50514235bdff62682,1,train,images/K (87).png,81.0569,61.6721,5.4225,Karat daun,Coffee rust,NO,original image class-code prefix 'K',YES,OBS0821,0.476907,-0.807884,-0.047535,Gaussian perturbation; clipped to training-observed min/max
OBS0821,SRC0026,1908652eee74270e8d28b6cfa317fd5ac7c033f94ae115b50514235bdff62682,2,train,images/K (87).png,80.376,61.829,5.4073,Karat daun,Coffee rust,NO,original image class-code prefix 'K',YES,OBS0821,-0.203999,-0.651002,-0.062732,Gaussian perturbation; clipped to training-observed min/max
OBS0823,SRC0026,1908652eee74270e8d28b6cfa317fd5ac7c033f94ae115b50514235bdff62682,0,train,images/K (88).png,93.5,32.57,4.99,Karat daun,Coffee rust,NO,original image class-code prefix 'K',NO,OBS0823,0.0,0.0,0.0,original measurement
OBS0823,SRC0026,1908652eee74270e8d28b6cfa317fd5ac7c033f94ae115b50514235bdff62682,1,train,images/K (88).png,92.1989,30.6979,4.9127,Karat daun,Coffee rust,NO,original image class-code prefix 'K',YES,OBS0823,-1.301065,-1.872068,-0.077313,Gaussian perturbation; clipped to training-observed min/max
OBS0823,SRC0026,1908652eee74270e8d28b6cfa317fd5ac7c033f94ae115b50514235bdff62682,2,train,images/K (88).png,93.3781,33.7776,4.9369,Karat daun,Coffee rust,NO,original image class-code prefix 'K',YES,OBS0823,-0.121861,1.207645,-0.053072,Gaussian perturbation; clipped to training-observed min/max
OBS0824,SRC0073,53b3381cdcfca3d943a8f48832ccfa2ddaf1c81d83ca480604d1174401ad540d,0,train,images/K (89).jpg,77.53,44.1,5.1,Karat daun,Coffee rust,NO,original image class-code prefix 'K',NO,OBS0824,0.0,0.0,0.0,original measurement
OBS0824,SRC0073,53b3381cdcfca3d943a8f48832ccfa2ddaf1c81d83ca480604d1174401ad540d,1,train,images/K (89).jpg,76.076,46.0265,5.0085,Karat daun,Coffee rust,NO,original image class-code prefix 'K',YES,OBS0824,-1.454032,1.926536,-0.091461,Gaussian perturbation; clipped to training-observed min/max
OBS0824,SRC0073,53b3381cdcfca3d943a8f48832ccfa2ddaf1c81d83ca480604d1174401ad540d,2,train,images/K (89).jpg,77.6435,42.9763,5.0425,Karat daun,Coffee rust,NO,original image class-code prefix 'K',YES,OBS0824,0.113511,-1.123655,-0.057514,Gaussian perturbation; clipped to training-observed min/max
OBS0825,SRC0093,66e0342a7e902dbb8bdf3b5dee55a521a57ef3da3c622fd965b944f0144837cc,0,train,images/K (89).png,80.29,60.93,4.68,Karat daun,Coffee rust,NO,original image class-code prefix 'K',NO,OBS0825,0.0,0.0,0.0,original measurement
OBS0825,SRC0093,66e0342a7e902dbb8bdf3b5dee55a521a57ef3da3c622fd965b944f0144837cc,1,train,images/K (89).png,80.7539,61.4834,4.7817,Karat daun,Coffee rust,NO,original image class-code prefix 'K',YES,OBS0825,0.463878,0.553389,0.101681,Gaussian perturbation; clipped to training-observed min/max
OBS0825,SRC0093,66e0342a7e902dbb8bdf3b5dee55a521a57ef3da3c622fd965b944f0144837cc,2,train,images/K (89).png,81.0925,61.1148,4.73,Karat daun,Coffee rust,NO,original image class-code prefix 'K',YES,OBS0825,0.802514,0.184839,0.049966,Gaussian perturbation; clipped to training-observed min/max
OBS0826,SRC0018,132d19efdd0133c4921f8f6d5804fd60c494c4d5bb964c94556cfa57a320fe33,0,train,images/K (9).jpg,92.28,47.03,4.93,Karat daun,Coffee rust,NO,original image class-code prefix 'K',NO,OBS0826,0.0,0.0,0.0,original measurement
OBS0826,SRC0018,132d19efdd0133c4921f8f6d5804fd60c494c4d5bb964c94556cfa57a320fe33,1,train,images/K (9).jpg,91.0437,48.4826,4.9726,Karat daun,Coffee rust,NO,original image class-code prefix 'K',YES,OBS0826,-1.236291,1.452624,0.042613,Gaussian perturbation; clipped to training-observed min/max
OBS0826,SRC0018,132d19efdd0133c4921f8f6d5804fd60c494c4d5bb964c94556cfa57a320fe33,2,train,images/K (9).jpg,92.8678,47.7482,4.8116,Karat daun,Coffee rust,NO,original image class-code prefix 'K',YES,OBS0826,0.587751,0.718209,-0.118377,Gaussian perturbation; clipped to training-observed min/max
OBS0827,SRC0020,14fa3d0b8c415d9e74e830e08b7b7c90882de31d793baf8d4dad18aa8f4aa2e2,0,train,images/K (9).png,86.39,46.65,6.37,Jamur lain,Coffee rust,YES,original image class-code prefix 'K',NO,OBS0827,0.0,0.0,0.0,original measurement
OBS0827,SRC0020,14fa3d0b8c415d9e74e830e08b7b7c90882de31d793baf8d4dad18aa8f4aa2e2,1,train,images/K (9).png,85.0293,46.8087,6.3816,Jamur lain,Coffee rust,YES,original image class-code prefix 'K',YES,OBS0827,-1.360718,0.15874,0.011595,Gaussian perturbation; clipped to training-observed min/max
OBS0827,SRC0020,14fa3d0b8c415d9e74e830e08b7b7c90882de31d793baf8d4dad18aa8f4aa2e2,2,train,images/K (9).png,87.08,46.7779,6.3552,Jamur lain,Coffee rust,YES,original image class-code prefix 'K',YES,OBS0827,0.690047,0.127893,-0.014761,Gaussian perturbation; clipped to training-observed min/max
OBS0828,SRC0073,53b3381cdcfca3d943a8f48832ccfa2ddaf1c81d83ca480604d1174401ad540d,0,train,images/K (90).jpg,79.49,51.22,5.53,Karat daun,Coffee rust,NO,original image class-code prefix 'K',NO,OBS0828,0.0,0.0,0.0,original measurement
OBS0828,SRC0073,53b3381cdcfca3d943a8f48832ccfa2ddaf1c81d83ca480604d1174401ad540d,1,train,images/K (90).jpg,80.9993,51.6395,5.5897,Karat daun,Coffee rust,NO,original image class-code prefix 'K',YES,OBS0828,1.509342,0.419484,0.059733,Gaussian perturbation; clipped to training-observed min/max
OBS0828,SRC0073,53b3381cdcfca3d943a8f48832ccfa2ddaf1c81d83ca480604d1174401ad540d,2,train,images/K (90).jpg,80.9242,52.7368,5.5554,Karat daun,Coffee rust,NO,original image class-code prefix 'K',YES,OBS0828,1.434249,1.516753,0.025415,Gaussian perturbation; clipped to training-observed min/max
OBS0829,SRC0093,66e0342a7e902dbb8bdf3b5dee55a521a57ef3da3c622fd965b944f0144837cc,0,train,images/K (90).png,76.43,60.29,4.53,Karat daun,Coffee rust,NO,original image class-code prefix 'K',NO,OBS0829,0.0,0.0,0.0,original measurement
OBS0829,SRC0093,66e0342a7e902dbb8bdf3b5dee55a521a57ef3da3c622fd965b944f0144837cc,1,train,images/K (90).png,77.3009,60.6092,4.6158,Karat daun,Coffee rust,NO,original image class-code prefix 'K',YES,OBS0829,0.870934,0.319205,0.085802,Gaussian perturbation; clipped to training-observed min/max
OBS0829,SRC0093,66e0342a7e902dbb8bdf3b5dee55a521a57ef3da3c622fd965b944f0144837cc,2,train,images/K (90).png,79.1667,59.0361,4.4698,Karat daun,Coffee rust,NO,original image class-code prefix 'K',YES,OBS0829,2.736749,-1.253873,-0.060219,Gaussian perturbation; clipped to training-observed min/max
OBS0830,SRC0073,53b3381cdcfca3d943a8f48832ccfa2ddaf1c81d83ca480604d1174401ad540d,0,train,images/K (91).jpg,80.94,54.85,4.49,Karat daun,Coffee rust,NO,original image class-code prefix 'K',NO,OBS0830,0.0,0.0,0.0,original measurement
OBS0830,SRC0073,53b3381cdcfca3d943a8f48832ccfa2ddaf1c81d83ca480604d1174401ad540d,1,train,images/K (91).jpg,82.8404,55.0734,4.4556,Karat daun,Coffee rust,NO,original image class-code prefix 'K',YES,OBS0830,1.900421,0.223356,-0.034392,Gaussian perturbation; clipped to training-observed min/max
OBS0830,SRC0073,53b3381cdcfca3d943a8f48832ccfa2ddaf1c81d83ca480604d1174401ad540d,2,train,images/K (91).jpg,80.107,55.9749,4.5348,Karat daun,Coffee rust,NO,original image class-code prefix 'K',YES,OBS0830,-0.832951,1.124915,0.044829,Gaussian perturbation; clipped to training-observed min/max
OBS0831,SRC0093,66e0342a7e902dbb8bdf3b5dee55a521a57ef3da3c622fd965b944f0144837cc,0,train,images/K (91).png,68.83,46.28,5.5,Karat daun,Coffee rust,NO,original image class-code prefix 'K',NO,OBS0831,0.0,0.0,0.0,original measurement
OBS0831,SRC0093,66e0342a7e902dbb8bdf3b5dee55a521a57ef3da3c622fd965b944f0144837cc,1,train,images/K (91).png,71.2393,46.1706,5.5721,Karat daun,Coffee rust,NO,original image class-code prefix 'K',YES,OBS0831,2.409296,-0.109435,0.072126,Gaussian perturbation; clipped to training-observed min/max
OBS0831,SRC0093,66e0342a7e902dbb8bdf3b5dee55a521a57ef3da3c622fd965b944f0144837cc,2,train,images/K (91).png,70.8147,44.5593,5.4157,Karat daun,Coffee rust,NO,original image class-code prefix 'K',YES,OBS0831,1.984668,-1.7207,-0.084271,Gaussian perturbation; clipped to training-observed min/max
OBS0832,SRC0073,53b3381cdcfca3d943a8f48832ccfa2ddaf1c81d83ca480604d1174401ad540d,0,train,images/K (92).jpg,72.51,48.22,5.4,Karat daun,Coffee rust,NO,original image class-code prefix 'K',NO,OBS0832,0.0,0.0,0.0,original measurement
OBS0832,SRC0073,53b3381cdcfca3d943a8f48832ccfa2ddaf1c81d83ca480604d1174401ad540d,1,train,images/K (92).jpg,72.8357,47.5329,5.3663,Karat daun,Coffee rust,NO,original image class-code prefix 'K',YES,OBS0832,0.325708,-0.687079,-0.033719,Gaussian perturbation; clipped to training-observed min/max
OBS0832,SRC0073,53b3381cdcfca3d943a8f48832ccfa2ddaf1c81d83ca480604d1174401ad540d,2,train,images/K (92).jpg,71.7169,48.0425,5.3277,Karat daun,Coffee rust,NO,original image class-code prefix 'K',YES,OBS0832,-0.793106,-0.177507,-0.072322,Gaussian perturbation; clipped to training-observed min/max
OBS0833,SRC0093,66e0342a7e902dbb8bdf3b5dee55a521a57ef3da3c622fd965b944f0144837cc,0,train,images/K (92).png,73.67,51.24,5.64,Karat daun,Coffee rust,NO,original image class-code prefix 'K',NO,OBS0833,0.0,0.0,0.0,original measurement
OBS0833,SRC0093,66e0342a7e902dbb8bdf3b5dee55a521a57ef3da3c622fd965b944f0144837cc,1,train,images/K (92).png,72.1343,51.7022,5.65,Karat daun,Coffee rust,NO,original image class-code prefix 'K',YES,OBS0833,-1.535692,0.462213,0.009986,Gaussian perturbation; clipped to training-observed min/max
OBS0833,SRC0093,66e0342a7e902dbb8bdf3b5dee55a521a57ef3da3c622fd965b944f0144837cc,2,train,images/K (92).png,74.8446,51.8663,5.6739,Karat daun,Coffee rust,NO,original image class-code prefix 'K',YES,OBS0833,1.174645,0.626339,0.033916,Gaussian perturbation; clipped to training-observed min/max
OBS0834,SRC0183,c22d3c0aa610a9c35cc01fb0194e9996b2a80914903bb3321046813948857fe3,0,train,images/K (93).png,73.68,47.45,5.17,Karat daun,Coffee rust,NO,original image class-code prefix 'K',NO,OBS0834,0.0,0.0,0.0,original measurement
OBS0834,SRC0183,c22d3c0aa610a9c35cc01fb0194e9996b2a80914903bb3321046813948857fe3,1,train,images/K (93).png,74.5835,46.3522,5.1301,Karat daun,Coffee rust,NO,original image class-code prefix 'K',YES,OBS0834,0.903469,-1.097829,-0.039876,Gaussian perturbation; clipped to training-observed min/max
OBS0834,SRC0183,c22d3c0aa610a9c35cc01fb0194e9996b2a80914903bb3321046813948857fe3,2,train,images/K (93).png,74.0098,48.5719,5.2217,Karat daun,Coffee rust,NO,original image class-code prefix 'K',YES,OBS0834,0.329836,1.121852,0.051724,Gaussian perturbation; clipped to training-observed min/max
OBS0835,SRC0183,c22d3c0aa610a9c35cc01fb0194e9996b2a80914903bb3321046813948857fe3,0,train,images/K (94).png,79.93,65.1,4.94,Karat daun,Coffee rust,NO,original image class-code prefix 'K',NO,OBS0835,0.0,0.0,0.0,original measurement
OBS0835,SRC0183,c22d3c0aa610a9c35cc01fb0194e9996b2a80914903bb3321046813948857fe3,1,train,images/K (94).png,79.6756,64.8765,4.96,Karat daun,Coffee rust,NO,original image class-code prefix 'K',YES,OBS0835,-0.254373,-0.223546,0.019989,Gaussian perturbation; clipped to training-observed min/max
OBS0835,SRC0183,c22d3c0aa610a9c35cc01fb0194e9996b2a80914903bb3321046813948857fe3,2,train,images/K (94).png,78.5423,66.1183,5.0018,Karat daun,Coffee rust,NO,original image class-code prefix 'K',YES,OBS0835,-1.387661,1.018274,0.061783,Gaussian perturbation; clipped to training-observed min/max
OBS0836,SRC0183,c22d3c0aa610a9c35cc01fb0194e9996b2a80914903bb3321046813948857fe3,0,train,images/K (95).png,77.5,51.59,5.27,Karat daun,Coffee rust,NO,original image class-code prefix 'K',NO,OBS0836,0.0,0.0,0.0,original measurement
OBS0836,SRC0183,c22d3c0aa610a9c35cc01fb0194e9996b2a80914903bb3321046813948857fe3,1,train,images/K (95).png,78.6149,52.7821,5.3498,Karat daun,Coffee rust,NO,original image class-code prefix 'K',YES,OBS0836,1.11485,1.192121,0.079831,Gaussian perturbation; clipped to training-observed min/max
OBS0836,SRC0183,c22d3c0aa610a9c35cc01fb0194e9996b2a80914903bb3321046813948857fe3,2,train,images/K (95).png,75.2391,51.8603,5.1556,Karat daun,Coffee rust,NO,original image class-code prefix 'K',YES,OBS0836,-2.260869,0.27033,-0.114389,Gaussian perturbation; clipped to training-observed min/max
OBS0837,SRC0183,c22d3c0aa610a9c35cc01fb0194e9996b2a80914903bb3321046813948857fe3,0,train,images/K (96).png,92.7,61.95,4.97,Karat daun,Coffee rust,NO,original image class-code prefix 'K',NO,OBS0837,0.0,0.0,0.0,original measurement
OBS0837,SRC0183,c22d3c0aa610a9c35cc01fb0194e9996b2a80914903bb3321046813948857fe3,1,train,images/K (96).png,91.5568,61.7906,5.0646,Karat daun,Coffee rust,NO,original image class-code prefix 'K',YES,OBS0837,-1.143237,-0.159368,0.094644,Gaussian perturbation; clipped to training-observed min/max
OBS0837,SRC0183,c22d3c0aa610a9c35cc01fb0194e9996b2a80914903bb3321046813948857fe3,2,train,images/K (96).png,93.0974,62.2277,5.1128,Karat daun,Coffee rust,NO,original image class-code prefix 'K',YES,OBS0837,0.397385,0.277722,0.14285,Gaussian perturbation; clipped to training-observed min/max
OBS0838,SRC0143,9e44391b17333c04da623bef5873675b7369ef68b65acfe1430a41bc23486114,0,train,images/K (97).png,76.46,59.92,4.16,Karat daun,Coffee rust,NO,original image class-code prefix 'K',NO,OBS0838,0.0,0.0,0.0,original measurement
OBS0838,SRC0143,9e44391b17333c04da623bef5873675b7369ef68b65acfe1430a41bc23486114,1,train,images/K (97).png,76.7492,58.7803,4.16,Karat daun,Coffee rust,NO,original image class-code prefix 'K',YES,OBS0838,0.289227,-1.139667,-0.11151,Gaussian perturbation; clipped to training-observed min/max
OBS0838,SRC0143,9e44391b17333c04da623bef5873675b7369ef68b65acfe1430a41bc23486114,2,train,images/K (97).png,75.4125,60.0543,4.16,Karat daun,Coffee rust,NO,original image class-code prefix 'K',YES,OBS0838,-1.047517,0.134277,-0.123252,Gaussian perturbation; clipped to training-observed min/max
OBS0839,SRC0143,9e44391b17333c04da623bef5873675b7369ef68b65acfe1430a41bc23486114,0,train,images/K (98).png,87.04,60.83,4.81,Karat daun,Coffee rust,NO,original image class-code prefix 'K',NO,OBS0839,0.0,0.0,0.0,original measurement
OBS0839,SRC0143,9e44391b17333c04da623bef5873675b7369ef68b65acfe1430a41bc23486114,1,train,images/K (98).png,87.5659,61.2007,4.7524,Karat daun,Coffee rust,NO,original image class-code prefix 'K',YES,OBS0839,0.525889,0.370673,-0.057601,Gaussian perturbation; clipped to training-observed min/max
OBS0839,SRC0143,9e44391b17333c04da623bef5873675b7369ef68b65acfe1430a41bc23486114,2,train,images/K (98).png,87.165,61.4498,4.7594,Karat daun,Coffee rust,NO,original image class-code prefix 'K',YES,OBS0839,0.124956,0.619781,-0.050555,Gaussian perturbation; clipped to training-observed min/max
OBS0840,SRC0143,9e44391b17333c04da623bef5873675b7369ef68b65acfe1430a41bc23486114,0,train,images/K (99).png,77.9,49.38,4.88,Karat daun,Coffee rust,NO,original image class-code prefix 'K',NO,OBS0840,0.0,0.0,0.0,original measurement
OBS0840,SRC0143,9e44391b17333c04da623bef5873675b7369ef68b65acfe1430a41bc23486114,1,train,images/K (99).png,78.7794,48.5199,4.927,Karat daun,Coffee rust,NO,original image class-code prefix 'K',YES,OBS0840,0.879364,-0.860059,0.047001,Gaussian perturbation; clipped to training-observed min/max
OBS0840,SRC0143,9e44391b17333c04da623bef5873675b7369ef68b65acfe1430a41bc23486114,2,train,images/K (99).png,79.6492,49.7665,4.7781,Karat daun,Coffee rust,NO,original image class-code prefix 'K',YES,OBS0840,1.749167,0.38646,-0.101878,Gaussian perturbation; clipped to training-observed min/max
